{
  "seeds": [
    42,
    50,
    100
  ],
  "n_runs": 3,
  "r2_mean": -0.12937875588734946,
  "r2_std": 0.03144432471281115,
  "r2_values": [
    -0.126947283744812,
    -0.09922075271606445,
    -0.16196823120117188
  ],
  "rmse_mean": 0.060442280631594625,
  "rmse_std": 0.0005690581563325217,
  "rmse_values": [
    0.06050904307213058,
    0.06097501271066596,
    0.05984278611198735
  ],
  "mse_mean": 0.0036534851727386317,
  "mse_std": 6.873437367877156e-05,
  "mse_values": [
    0.0036613442935049534,
    0.003717952175065875,
    0.0035811590496450663
  ],
  "mae_mean": 0.04010765254497528,
  "mae_std": 0.0006320819375105202,
  "mae_values": [
    0.039563633501529694,
    0.03995828330516815,
    0.040801040828228
  ],
  "imputation_time_mean": 0.0019142627716064453,
  "imputation_time_std": 0.00035105895083642924,
  "imputation_time_values": [
    0.0015170574188232422,
    0.0021829605102539062,
    0.0020427703857421875
  ]
}