{
  "seeds": [
    42,
    50,
    100
  ],
  "n_runs": 3,
  "r2_mean": 0.8695083459218343,
  "r2_std": 0.008568549899062623,
  "r2_values": [
    0.8793811202049255,
    0.8651343584060669,
    0.8640095591545105
  ],
  "rmse_mean": 0.021574909493081468,
  "rmse_std": 0.0007397768246656099,
  "rmse_values": [
    0.021138269853262812,
    0.021157399839769706,
    0.022429058786211886
  ],
  "mse_mean": 0.0004658415661348651,
  "mse_std": 3.223696706175921e-05,
  "mse_values": [
    0.0004468264523893595,
    0.00044763556797988713,
    0.0005030626780353487
  ],
  "mae_mean": 0.018386971205472946,
  "mae_std": 0.0002214725682279095,
  "mae_values": [
    0.018295705318450928,
    0.018225716426968575,
    0.018639493733644485
  ]
}