{
  "seeds": [
    42,
    50,
    100
  ],
  "n_runs": 3,
  "r2_mean": -13.749836285909018,
  "r2_std": 0.7591318736691143,
  "r2_values": [
    -13.525270462036133,
    -13.128321647644043,
    -14.595916748046875
  ],
  "rmse_mean": 0.21831909630098356,
  "rmse_std": 0.001394573472485778,
  "rmse_values": [
    0.21736325349926675,
    0.21991934054931755,
    0.21767469485436647
  ],
  "mse_mean": 0.04766452436645826,
  "mse_std": 0.000609984331421656,
  "mse_values": [
    0.0472467839717865,
    0.04836451634764671,
    0.04738227277994156
  ],
  "mae_mean": 0.20761895179748535,
  "mae_std": 0.0014168241759762168,
  "mae_values": [
    0.20649367570877075,
    0.20921003818511963,
    0.20715314149856567
  ]
}