{
  "seeds": [
    42,
    50,
    100
  ],
  "n_runs": 3,
  "r2_mean": -10.370488802591959,
  "r2_std": 0.570542077895476,
  "r2_values": [
    -10.05284595489502,
    -11.029155731201172,
    -10.029464721679688
  ],
  "rmse_mean": 0.20138513801157573,
  "rmse_std": 0.0013709349379683808,
  "rmse_values": [
    0.20234795643326198,
    0.19981552012621812,
    0.20199193747524707
  ],
  "mse_mean": 0.040557226787010826,
  "mse_std": 0.0005511686355941602,
  "mse_values": [
    0.040944695472717285,
    0.03992624208331108,
    0.04080074280500412
  ],
  "mae_mean": 0.1916656643152237,
  "mae_std": 0.0012062506284564734,
  "mae_values": [
    0.19235274195671082,
    0.19027285277843475,
    0.1923714131116867
  ],
  "imputation_time_mean": 0.0033547083536783853,
  "imputation_time_std": 0.0007846237833939724,
  "imputation_time_values": [
    0.004205226898193359,
    0.0026590824127197266,
    0.0031998157501220703
  ]
}