{
  "seeds": [
    42,
    50,
    100
  ],
  "n_runs": 3,
  "r2_mean": 0.9480569362640381,
  "r2_std": 0.0022055310412576884,
  "r2_values": [
    0.9498686790466309,
    0.9487010836601257,
    0.9456010460853577
  ],
  "rmse_mean": 0.01296090147127397,
  "rmse_std": 0.00020540852701326156,
  "rmse_values": [
    0.012762129992580805,
    0.013172359006418412,
    0.012948215414822694
  ],
  "mse_mean": 0.0001680130953900516,
  "mse_std": 5.328507446913045e-06,
  "mse_values": [
    0.0001628719619475305,
    0.00017351104179397225,
    0.00016765628242865205
  ],
  "mae_mean": 0.006207895930856466,
  "mae_std": 0.00017545621085446328,
  "mae_values": [
    0.006073039956390858,
    0.006406263913959265,
    0.006144383922219276
  ]
}