{
  "seeds": [
    42,
    50,
    100
  ],
  "n_runs": 3,
  "r2_mean": 0.9556830724080404,
  "r2_std": 0.006817437196556392,
  "r2_values": [
    0.9593051075935364,
    0.9478191137313843,
    0.9599249958992004
  ],
  "rmse_mean": 0.012538049279600736,
  "rmse_std": 0.0005413532624875164,
  "rmse_values": [
    0.012278113236793954,
    0.013160346758830226,
    0.012175687843178027
  ],
  "mse_mean": 0.00015739805530756712,
  "mse_std": 1.3737521291356512e-05,
  "mse_values": [
    0.00015075206465553492,
    0.00017319472681265324,
    0.0001482473744545132
  ],
  "mae_mean": 0.009983345866203308,
  "mae_std": 7.128772995201871e-05,
  "mae_values": [
    0.00991883035749197,
    0.01005987823009491,
    0.00997132807970047
  ]
}