{
  "seeds": [
    42,
    50,
    100
  ],
  "n_runs": 3,
  "r2_mean": 0.975740929444631,
  "r2_std": 0.0007483026674064767,
  "r2_values": [
    0.9760064482688904,
    0.9763202667236328,
    0.9748960733413696
  ],
  "rmse_mean": 0.008858193684483328,
  "rmse_std": 8.077436002137881e-05,
  "rmse_values": [
    0.00882909065649804,
    0.008949486696757079,
    0.008796003700194868
  ],
  "mse_mean": 7.84719450166449e-05,
  "mse_std": 1.434099929830158e-06,
  "mse_values": [
    7.795284182066098e-05,
    8.009331213543192e-05,
    7.736968109384179e-05
  ],
  "mae_mean": 0.003168712602928281,
  "mae_std": 0.0001507492270320654,
  "mae_values": [
    0.0029951906763017178,
    0.003267429769039154,
    0.003243517130613327
  ],
  "imputation_time_mean": 0.003376483917236328,
  "imputation_time_std": 0.0010243314569049272,
  "imputation_time_values": [
    0.0032868385314941406,
    0.002399921417236328,
    0.004442691802978516
  ]
}