{
  "seeds": [
    42,
    50,
    100
  ],
  "n_runs": 3,
  "r2_mean": -26.49825159708659,
  "r2_std": 1.0244679291460819,
  "r2_values": [
    -26.100955963134766,
    -25.731937408447266,
    -27.661861419677734
  ],
  "rmse_mean": 0.2982119402671209,
  "rmse_std": 0.00216297182494364,
  "rmse_values": [
    0.29672954158031223,
    0.30069392038808196,
    0.29721235883296854
  ],
  "mse_mean": 0.08893348028262456,
  "mse_std": 0.0012925988351535987,
  "mse_values": [
    0.08804842084646225,
    0.09041683375835419,
    0.08833518624305725
  ],
  "mae_mean": 0.2867540419101715,
  "mae_std": 0.0021001347340643406,
  "mae_values": [
    0.2852882444858551,
    0.28916001319885254,
    0.2858138978481293
  ]
}