{
  "seeds": [
    42,
    50,
    100
  ],
  "n_runs": 3,
  "r2_mean": -25.77247428894043,
  "r2_std": 1.3652303251970679,
  "r2_values": [
    -25.320419311523438,
    -24.69060707092285,
    -27.306396484375
  ],
  "rmse_mean": 0.29413566284171094,
  "rmse_std": 0.0021208579368082064,
  "rmse_values": [
    0.2925973699986032,
    0.2965550455296082,
    0.2932545729969214
  ],
  "mse_mean": 0.0865187868475914,
  "mse_std": 0.0012499596843082064,
  "mse_values": [
    0.08561322093009949,
    0.087944895029068,
    0.08599824458360672
  ],
  "mae_mean": 0.28250035643577576,
  "mae_std": 0.0020535096991807222,
  "mae_values": [
    0.28098011016845703,
    0.28483638167381287,
    0.2816844880580902
  ]
}