{
  "seeds": [
    42,
    50,
    100
  ],
  "n_runs": 3,
  "r2_mean": 0.8652501900990804,
  "r2_std": 0.0029774310778016744,
  "r2_values": [
    0.8618183732032776,
    0.8667870163917542,
    0.8671451807022095
  ],
  "rmse_mean": 0.020883298846708368,
  "rmse_std": 0.0005617683434365086,
  "rmse_values": [
    0.02118818026700009,
    0.021226710091643935,
    0.020235006181481077
  ],
  "mse_mean": 0.00043632255983538926,
  "mse_std": 2.3281921371028738e-05,
  "mse_values": [
    0.00044893898302689195,
    0.00045057322131469846,
    0.00040945547516457736
  ],
  "mae_mean": 0.012693497352302074,
  "mae_std": 0.0004817115259356797,
  "mae_values": [
    0.013226938433945179,
    0.012563255615532398,
    0.012290298007428646
  ],
  "imputation_time_mean": 0.001916646957397461,
  "imputation_time_std": 0.0001802133793271609,
  "imputation_time_values": [
    0.0018839836120605469,
    0.0021109580993652344,
    0.0017549991607666016
  ]
}