{
  "seeds": [
    42,
    50,
    100
  ],
  "n_runs": 3,
  "r2_mean": -32.00480651855469,
  "r2_std": 1.7398311255142902,
  "r2_values": [
    -31.60586929321289,
    -30.49909210205078,
    -33.90945816040039
  ],
  "rmse_mean": 0.32656853981760176,
  "rmse_std": 0.0015625200268244712,
  "rmse_values": [
    0.3256656121318563,
    0.3283727822934974,
    0.32566722502745166
  ],
  "mse_mean": 0.10664863884449005,
  "mse_std": 0.001021949348192952,
  "mse_values": [
    0.10605809092521667,
    0.10782868415117264,
    0.10605914145708084
  ],
  "mae_mean": 0.31496837735176086,
  "mae_std": 0.0016041876515373588,
  "mae_values": [
    0.3140158951282501,
    0.3168204724788666,
    0.3140687346458435
  ]
}