{
  "seeds": [
    42,
    50,
    100
  ],
  "n_runs": 3,
  "r2_mean": 0.7015487750371298,
  "r2_std": 0.0033171653584194035,
  "r2_values": [
    0.7036155462265015,
    0.7033082246780396,
    0.6977225542068481
  ],
  "rmse_mean": 0.031074282750279857,
  "rmse_std": 0.0007827014274855712,
  "rmse_values": [
    0.031049292473633156,
    0.03186918004807287,
    0.030304375729133543
  ],
  "mse_mean": 0.0009660194627940655,
  "mse_std": 4.86743571923222e-05,
  "mse_values": [
    0.0009640585631132126,
    0.0010156446369364858,
    0.0009183551883324981
  ],
  "mae_mean": 0.02096002735197544,
  "mae_std": 0.001060131355188787,
  "mae_values": [
    0.021077822893857956,
    0.021956343203783035,
    0.01984591968357563
  ],
  "imputation_time_mean": 0.0021591981252034507,
  "imputation_time_std": 0.00036148190703630227,
  "imputation_time_values": [
    0.0019381046295166016,
    0.0019631385803222656,
    0.0025763511657714844
  ]
}