{
  "seeds": [
    42,
    50,
    100
  ],
  "n_runs": 3,
  "r2_mean": -3.062594175338745,
  "r2_std": 0.21190481543553882,
  "r2_values": [
    -3.0064191818237305,
    -2.884436845779419,
    -3.296926498413086
  ],
  "rmse_mean": 0.11459718903273015,
  "rmse_std": 0.0004948204586504954,
  "rmse_values": [
    0.11408976072339139,
    0.11462345062210232,
    0.11507835575269676
  ],
  "mse_mean": 0.013132678965727488,
  "mse_std": 0.00011339071647276906,
  "mse_values": [
    0.0130164735019207,
    0.013138535432517529,
    0.013243027962744236
  ],
  "mae_mean": 0.10433423519134521,
  "mae_std": 0.0007767336792312562,
  "mae_values": [
    0.10365799069404602,
    0.10416212677955627,
    0.10518258810043335
  ],
  "imputation_time_mean": 0.0036258697509765625,
  "imputation_time_std": 0.0009862168313903839,
  "imputation_time_values": [
    0.0024919509887695312,
    0.004283905029296875,
    0.004101753234863281
  ]
}