{
  "seeds": [
    42,
    50,
    100
  ],
  "n_runs": 3,
  "r2_mean": -66.92295328776042,
  "r2_std": 2.9506219622225642,
  "r2_values": [
    -66.37494659423828,
    -64.28475189208984,
    -70.10916137695312
  ],
  "rmse_mean": 0.468638149075093,
  "rmse_std": 0.0011108950288041138,
  "rmse_values": [
    0.4678619237362231,
    0.4699106787460006,
    0.46814184474305526
  ],
  "mse_mean": 0.21962253749370575,
  "mse_std": 0.0010418775587735516,
  "mse_values": [
    0.21889477968215942,
    0.22081604599952698,
    0.21915678679943085
  ],
  "mae_mean": 0.45757344365119934,
  "mae_std": 0.0011984511511400342,
  "mae_values": [
    0.45658525824546814,
    0.45890653133392334,
    0.45722857117652893
  ]
}