{
  "seeds": [
    42,
    50,
    100
  ],
  "n_runs": 3,
  "r2_mean": 0.9783872564633688,
  "r2_std": 0.0033289942450878875,
  "r2_values": [
    0.9778242707252502,
    0.9753756523132324,
    0.9819618463516235
  ],
  "rmse_mean": 0.008359033488084366,
  "rmse_std": 0.0008967312733336128,
  "rmse_values": [
    0.00849303774297281,
    0.009181221509780568,
    0.0074028412114997225
  ],
  "mse_mean": 7.040952550596558e-05,
  "mse_std": 1.4821614782981294e-05,
  "mse_values": [
    7.213169010356069e-05,
    8.429482841165736e-05,
    5.480205800267868e-05
  ],
  "mae_mean": 0.004101113881915808,
  "mae_std": 0.00019069149857386947,
  "mae_values": [
    0.004025415517389774,
    0.00431803148239851,
    0.0039598941802978516
  ]
}