{
  "seeds": [
    42,
    50,
    100
  ],
  "n_runs": 3,
  "r2_mean": 0.9876768589019775,
  "r2_std": 0.002707592186105213,
  "r2_values": [
    0.987307071685791,
    0.9851731657981873,
    0.9905503392219543
  ],
  "rmse_mean": 0.006594895084238492,
  "rmse_std": 0.0005963027119845388,
  "rmse_values": [
    0.006857142225915739,
    0.007015130517889412,
    0.005912412508910324
  ],
  "mse_mean": 4.3729692454993106e-05,
  "mse_std": 7.67632190070544e-06,
  "mse_values": [
    4.702039950643666e-05,
    4.921205618302338e-05,
    3.495662167551927e-05
  ],
  "mae_mean": 0.0036036139354109764,
  "mae_std": 0.00010677014506654814,
  "mae_values": [
    0.003520321799442172,
    0.0037239789962768555,
    0.0035665410105139017
  ],
  "imputation_time_mean": 0.0022431214650472007,
  "imputation_time_std": 0.00045458741815273,
  "imputation_time_values": [
    0.0023832321166992188,
    0.0026111602783203125,
    0.0017349720001220703
  ]
}