{
  "seeds": [
    42,
    50,
    100
  ],
  "n_runs": 3,
  "r2_mean": -4.4572188059488935,
  "r2_std": 0.2822086671886498,
  "r2_values": [
    -4.37692928314209,
    -4.223855018615723,
    -4.770872116088867
  ],
  "rmse_mean": 0.1328194457314558,
  "rmse_std": 0.000602987772821179,
  "rmse_values": [
    0.13217083814687566,
    0.13292448848048755,
    0.13336301056700411
  ],
  "mse_mean": 0.01764124756058057,
  "mse_std": 0.00016008498866693218,
  "mse_values": [
    0.0174691304564476,
    0.017668919637799263,
    0.01778569258749485
  ],
  "mae_mean": 0.12292004376649857,
  "mae_std": 0.0008610584773123264,
  "mae_values": [
    0.12215378135442734,
    0.12275449186563492,
    0.12385185807943344
  ],
  "imputation_time_mean": 0.00368348757425944,
  "imputation_time_std": 0.0010327280215207421,
  "imputation_time_values": [
    0.0042781829833984375,
    0.002490997314453125,
    0.004281282424926758
  ]
}