{
  "seeds": [
    42,
    50,
    100
  ],
  "n_runs": 3,
  "r2_mean": 0.9201679627100626,
  "r2_std": 0.0023968634255192144,
  "r2_values": [
    0.919209897518158,
    0.9228956699371338,
    0.9183983206748962
  ],
  "rmse_mean": 0.01606749914151016,
  "rmse_std": 0.0002795685881188741,
  "rmse_values": [
    0.016210748020753805,
    0.01624641095557104,
    0.015745338448205644
  ],
  "mse_mean": 0.00025821663439273834,
  "mse_std": 8.939640023714537e-06,
  "mse_values": [
    0.00026278835139237344,
    0.00026394586893729866,
    0.00024791568284854293
  ],
  "mae_mean": 0.0113142728805542,
  "mae_std": 0.0001604010321898386,
  "mae_values": [
    0.011417451314628124,
    0.01139589212834835,
    0.011129477061331272
  ]
}