{
  "seeds": [
    42,
    50,
    100
  ],
  "n_runs": 3,
  "r2_mean": 0.989068329334259,
  "r2_std": 0.0016677554746472362,
  "r2_values": [
    0.9905707240104675,
    0.9893604516983032,
    0.9872738122940063
  ],
  "rmse_mean": 0.006238012439350136,
  "rmse_std": 0.0005400131668917062,
  "rmse_values": [
    0.0059101908149003166,
    0.005942560696153164,
    0.006861285806996927
  ],
  "mse_mean": 3.910720867376464e-05,
  "mse_std": 6.904917491131938e-06,
  "mse_values": [
    3.493035546853207e-05,
    3.5314027627464384e-05,
    4.707724292529747e-05
  ],
  "mae_mean": 0.002537335269153118,
  "mae_std": 8.306113159051165e-05,
  "mae_values": [
    0.002449629595503211,
    0.0026148026809096336,
    0.002547573298215866
  ],
  "imputation_time_mean": 0.004240274429321289,
  "imputation_time_std": 0.00018687226328796807,
  "imputation_time_values": [
    0.004025936126708984,
    0.004369020462036133,
    0.00432586669921875
  ]
}