{
  "seeds": [
    42,
    50,
    100
  ],
  "n_runs": 3,
  "r2_mean": -14.33309809366862,
  "r2_std": 0.5918778968124707,
  "r2_values": [
    -14.198540687561035,
    -13.820083618164062,
    -14.980669975280762
  ],
  "rmse_mean": 0.222677016902688,
  "rmse_std": 0.0010601260161865885,
  "rmse_values": [
    0.22221297761857522,
    0.2238900400245016,
    0.22192803306498723
  ],
  "mse_mean": 0.04958580310146014,
  "mse_std": 0.00047272799350260027,
  "mse_values": [
    0.04937860742211342,
    0.05012675002217293,
    0.04925205186009407
  ],
  "mae_mean": 0.21211789548397064,
  "mae_std": 0.0010186629369854927,
  "mae_values": [
    0.21156029403209686,
    0.2132936269044876,
    0.21149976551532745
  ]
}