{
  "seeds": [
    42,
    50,
    100
  ],
  "n_runs": 3,
  "r2_mean": -2.812411308288574,
  "r2_std": 0.22990664435354022,
  "r2_values": [
    -2.747860908508301,
    -2.6216797828674316,
    -3.0676932334899902
  ],
  "rmse_mean": 0.11097488963061701,
  "rmse_std": 0.0004956905181462291,
  "rmse_values": [
    0.110411863814868,
    0.11134562438492056,
    0.11116718069206244
  ],
  "mse_mean": 0.012315589934587479,
  "mse_std": 0.00010989696606307591,
  "mse_values": [
    0.01219077967107296,
    0.012397848069667816,
    0.01235814206302166
  ],
  "mae_mean": 0.10136639326810837,
  "mae_std": 0.0007049848209135234,
  "mae_values": [
    0.10061493515968323,
    0.10147102922201157,
    0.10201320797204971
  ]
}