{
  "seeds": [
    42,
    50,
    100
  ],
  "n_runs": 3,
  "r2_mean": 0.5380236307779948,
  "r2_std": 0.028552004367278946,
  "r2_values": [
    0.5674824714660645,
    0.5104743242263794,
    0.5361140966415405
  ],
  "rmse_mean": 0.04058724043348775,
  "rmse_std": 0.0007389708883032858,
  "rmse_values": [
    0.04002797595494901,
    0.04030875493782717,
    0.04142499040768707
  ],
  "mse_mean": 0.0016476881379882495,
  "mse_std": 6.025066991288218e-05,
  "mse_values": [
    0.0016022388590499759,
    0.0016247957246378064,
    0.001716029830276966
  ],
  "mae_mean": 0.03649511933326721,
  "mae_std": 0.0006563617498613894,
  "mae_values": [
    0.0360335111618042,
    0.03620534762740135,
    0.037246499210596085
  ],
  "imputation_time_mean": 0.002026240030924479,
  "imputation_time_std": 4.020470627342306e-05,
  "imputation_time_values": [
    0.001992940902709961,
    0.002070903778076172,
    0.0020148754119873047
  ]
}