{
  "seeds": [
    42,
    50,
    100
  ],
  "n_runs": 3,
  "r2_mean": 0.9637739062309265,
  "r2_std": 0.0007997240351246029,
  "r2_values": [
    0.9629302620887756,
    0.9638705253601074,
    0.9645209312438965
  ],
  "rmse_mean": 0.01082857122005793,
  "rmse_std": 0.00032440783350426813,
  "rmse_values": [
    0.010974338399922973,
    0.011054526030259288,
    0.010456849229991528
  ],
  "mse_mean": 0.00011732811496282618,
  "mse_std": 6.969170773117944e-06,
  "mse_values": [
    0.00012043610331602395,
    0.00012220254575368017,
    0.0001093456958187744
  ],
  "mae_mean": 0.004936266224831343,
  "mae_std": 0.00013998939539305866,
  "mae_values": [
    0.004915477242320776,
    0.0050854869186878204,
    0.00480783311650157
  ],
  "imputation_time_mean": 0.002496639887491862,
  "imputation_time_std": 0.00039111696500216395,
  "imputation_time_values": [
    0.0027320384979248047,
    0.002045154571533203,
    0.002712726593017578
  ]
}