{
  "seeds": [
    42,
    50,
    100
  ],
  "n_runs": 3,
  "r2_mean": 0.9864855209986368,
  "r2_std": 0.003781222757231217,
  "r2_values": [
    0.9851423501968384,
    0.983559250831604,
    0.9907549619674683
  ],
  "rmse_mean": 0.006884662542413651,
  "rmse_std": 0.0008978690435575355,
  "rmse_values": [
    0.007418854831846419,
    0.00738707778020688,
    0.005848055015187653
  ],
  "mse_mean": 4.793602420249954e-05,
  "mse_std": 1.1898290381144764e-05,
  "mse_values": [
    5.5039407016010955e-05,
    5.4568918130826205e-05,
    3.4199747460661456e-05
  ],
  "mae_mean": 0.0028521798085421324,
  "mae_std": 0.0001703724847175181,
  "mae_values": [
    0.00272347847931087,
    0.003045386169105768,
    0.002787675242871046
  ]
}