{
  "seeds": [
    42,
    50,
    100
  ],
  "n_runs": 3,
  "r2_mean": -10.702616691589355,
  "r2_std": 0.6544026802101093,
  "r2_values": [
    -10.360353469848633,
    -11.457173347473145,
    -10.290323257446289
  ],
  "rmse_mean": 0.20428315234424055,
  "rmse_std": 0.0009049624520199532,
  "rmse_values": [
    0.2051434730682489,
    0.20333933525985529,
    0.2043666487046174
  ],
  "mse_mean": 0.0417321523030599,
  "mse_std": 0.0003696250734914886,
  "mse_values": [
    0.04208384454250336,
    0.04134688526391983,
    0.0417657271027565
  ],
  "mae_mean": 0.1942487210035324,
  "mae_std": 0.0009056751150637865,
  "mae_values": [
    0.19519314169883728,
    0.19338753819465637,
    0.19416548311710358
  ],
  "imputation_time_mean": 0.002033869425455729,
  "imputation_time_std": 0.0006171787784482736,
  "imputation_time_values": [
    0.00272369384765625,
    0.0015339851379394531,
    0.0018439292907714844
  ]
}