{
  "seeds": [
    42,
    50,
    100
  ],
  "n_runs": 3,
  "r2_mean": -54.73864237467448,
  "r2_std": 3.9314461520945323,
  "r2_values": [
    -53.75004196166992,
    -51.395851135253906,
    -59.07003402709961
  ],
  "rmse_mean": 0.4242389044258374,
  "rmse_std": 0.002673255769569322,
  "rmse_values": [
    0.422003691083124,
    0.42351282934755485,
    0.4272001928468333
  ],
  "mse_mean": 0.17998341222604117,
  "mse_std": 0.0022708970406644883,
  "mse_values": [
    0.17808711528778076,
    0.17936311662197113,
    0.18250000476837158
  ],
  "mae_mean": 0.41301262378692627,
  "mae_std": 0.002768870908766985,
  "mae_values": [
    0.4108786880970001,
    0.41201770305633545,
    0.41614148020744324
  ]
}