{
  "seeds": [
    42,
    50,
    100
  ],
  "n_runs": 3,
  "r2_mean": -10.711027463277182,
  "r2_std": 0.5255135239291918,
  "r2_values": [
    -10.52538013458252,
    -10.303535461425781,
    -11.304166793823242
  ],
  "rmse_mean": 0.19459057443391115,
  "rmse_std": 0.0010198899213308273,
  "rmse_values": [
    0.19350674340476687,
    0.19553143628175412,
    0.19473354361521242
  ],
  "mse_mean": 0.037866185108820595,
  "mse_std": 0.0003967079066626999,
  "mse_values": [
    0.037444859743118286,
    0.03823254257440567,
    0.037921153008937836
  ],
  "mae_mean": 0.18434934318065643,
  "mae_std": 0.0010687735630199313,
  "mae_values": [
    0.18317735195159912,
    0.18527017533779144,
    0.18460045754909515
  ]
}