{
  "seeds": [
    42,
    50,
    100
  ],
  "n_runs": 3,
  "r2_mean": -55.451080322265625,
  "r2_std": 3.263471460095402,
  "r2_values": [
    -54.601844787597656,
    -52.6961784362793,
    -59.05521774291992
  ],
  "rmse_mean": 0.4271371272025493,
  "rmse_std": 0.0027300427009948097,
  "rmse_values": [
    0.42502363854472874,
    0.4261682833652218,
    0.4302194596976975
  ],
  "mse_mean": 0.18245109419027963,
  "mse_std": 0.002335674390058303,
  "mse_values": [
    0.18064509332180023,
    0.18161940574645996,
    0.18508878350257874
  ],
  "mae_mean": 0.41588664054870605,
  "mae_std": 0.002879137871786952,
  "mae_values": [
    0.41375043988227844,
    0.4147486090660095,
    0.4191608428955078
  ]
}