{
  "seeds": [
    42,
    50,
    100
  ],
  "n_runs": 3,
  "r2_mean": 0.9587144056955973,
  "r2_std": 0.0009078746978137957,
  "r2_values": [
    0.9578257203102112,
    0.9586771726608276,
    0.9596403241157532
  ],
  "rmse_mean": 0.01156028233195903,
  "rmse_std": 0.0003575867418124286,
  "rmse_values": [
    0.011705560638016727,
    0.011822365359643953,
    0.011152920998216409
  ],
  "mse_mean": 0.00013372537311321744,
  "mse_std": 8.202619284704274e-06,
  "mse_values": [
    0.00013702014985028654,
    0.0001397683226969093,
    0.0001243876467924565
  ],
  "mae_mean": 0.005139654967933893,
  "mae_std": 0.00014565263700205833,
  "mae_values": [
    0.005307783372700214,
    0.005059390794485807,
    0.00505179213359952
  ]
}