{
  "seeds": [
    42,
    50,
    100
  ],
  "n_runs": 3,
  "r2_mean": 0.955070972442627,
  "r2_std": 0.0011896137490984941,
  "r2_values": [
    0.9551014304161072,
    0.9562450647354126,
    0.9538664221763611
  ],
  "rmse_mean": 0.012054105586360908,
  "rmse_std": 0.00020161663676484666,
  "rmse_values": [
    0.012084822461269275,
    0.012238601154163729,
    0.011838893143649724
  ],
  "mse_mean": 0.00014532856099928418,
  "mse_std": 4.851590807367021e-06,
  "mse_values": [
    0.00014604293392039835,
    0.00014978335821069777,
    0.00014015939086675644
  ],
  "mae_mean": 0.007415709551423788,
  "mae_std": 6.779363320674747e-05,
  "mae_values": [
    0.007450322154909372,
    0.007459210231900215,
    0.007337596733123064
  ],
  "imputation_time_mean": 0.0018779436747233074,
  "imputation_time_std": 0.0005540117462152945,
  "imputation_time_values": [
    0.001291036605834961,
    0.002391815185546875,
    0.001950979232788086
  ]
}