{
  "seeds": [
    42,
    50,
    100
  ],
  "n_runs": 3,
  "r2_mean": -1.6778139273325603,
  "r2_std": 0.13811185986593003,
  "r2_values": [
    -1.5844461917877197,
    -1.8364653587341309,
    -1.61253023147583
  ],
  "rmse_mean": 0.09772765897342467,
  "rmse_std": 0.0006477109772870001,
  "rmse_values": [
    0.09784655148891676,
    0.09702873798011978,
    0.09830768745123747
  ],
  "mse_mean": 0.009550975014766058,
  "mse_std": 0.000126487117692881,
  "mse_values": [
    0.00957394763827324,
    0.00941457599401474,
    0.009664401412010193
  ],
  "mae_mean": 0.09117279201745987,
  "mae_std": 0.0006321117398329079,
  "mae_values": [
    0.09077806770801544,
    0.09083845466375351,
    0.09190186113119125
  ]
}