{
  "seeds": [
    42,
    50,
    100
  ],
  "n_runs": 3,
  "r2_mean": -4.158849875132243,
  "r2_std": 0.3289084368311754,
  "r2_values": [
    -4.083401203155518,
    -3.8742213249206543,
    -4.518927097320557
  ],
  "rmse_mean": 0.12908300687472438,
  "rmse_std": 0.0004565872703723492,
  "rmse_values": [
    0.12858822635732134,
    0.12917270719980656,
    0.1294880870670452
  ],
  "mse_mean": 0.016662561645110447,
  "mse_std": 0.00011781629925507552,
  "mse_values": [
    0.01653493195772171,
    0.016685588285326958,
    0.016767164692282677
  ],
  "mae_mean": 0.11943107098340988,
  "mae_std": 0.0008622057503089309,
  "mae_values": [
    0.11860571801662445,
    0.11936157196760178,
    0.12032592296600342
  ],
  "imputation_time_mean": 0.0042413075764973955,
  "imputation_time_std": 0.00014207633659222714,
  "imputation_time_values": [
    0.0040798187255859375,
    0.004297018051147461,
    0.004347085952758789
  ]
}