{
  "seeds": [
    42,
    50,
    100
  ],
  "n_runs": 3,
  "r2_mean": -59.14895884195963,
  "r2_std": 3.942874416228372,
  "r2_values": [
    -56.946571350097656,
    -63.70100402832031,
    -56.79930114746094
  ],
  "rmse_mean": 0.4630421376472242,
  "rmse_std": 0.0005579755677195989,
  "rmse_values": [
    0.46331423276986067,
    0.4634118666347396,
    0.4624003135370723
  ],
  "mse_mean": 0.21440822879473367,
  "mse_std": 0.0005165588227020268,
  "mse_values": [
    0.21466007828712463,
    0.21475055813789368,
    0.21381404995918274
  ],
  "mae_mean": 0.451969712972641,
  "mae_std": 0.00024269518326036632,
  "mae_values": [
    0.45206037163734436,
    0.4521540105342865,
    0.4516947269439697
  ],
  "imputation_time_mean": 0.002625624338785807,
  "imputation_time_std": 5.407758754344924e-05,
  "imputation_time_values": [
    0.0025908946990966797,
    0.0025980472564697266,
    0.0026879310607910156
  ]
}