{
  "seeds": [
    42,
    50,
    100
  ],
  "n_runs": 3,
  "r2_mean": 0.9358449379603068,
  "r2_std": 0.0009017102268605189,
  "r2_values": [
    0.9348942041397095,
    0.9366879463195801,
    0.9359526634216309
  ],
  "rmse_mean": 0.014409034804992433,
  "rmse_std": 0.00031446584632538867,
  "rmse_values": [
    0.014543814359357251,
    0.014633646093388658,
    0.014049643962231387
  ],
  "mse_mean": 0.0002076862098571534,
  "mse_std": 9.010433303178968e-06,
  "mse_values": [
    0.00021152253611944616,
    0.00021414359798654914,
    0.0001973924954654649
  ],
  "mae_mean": 0.00813868548721075,
  "mae_std": 0.00013055508316028863,
  "mae_values": [
    0.00826963596045971,
    0.008008529432117939,
    0.008137890137732029
  ],
  "imputation_time_mean": 0.002765099207560221,
  "imputation_time_std": 6.158464660626266e-05,
  "imputation_time_values": [
    0.0026962757110595703,
    0.0028150081634521484,
    0.0027840137481689453
  ]
}