{
  "seeds": [
    42,
    50,
    100
  ],
  "n_runs": 3,
  "r2_mean": -21.052799224853516,
  "r2_std": 1.4258063685475149,
  "r2_values": [
    -20.16859245300293,
    -22.6976318359375,
    -20.292173385620117
  ],
  "rmse_mean": 0.28037960029941034,
  "rmse_std": 0.00031645875711998654,
  "rmse_values": [
    0.28003206393031327,
    0.28045559323620134,
    0.2806511437317164
  ],
  "mse_mean": 0.07861278702815373,
  "mse_std": 0.0001774231730305006,
  "mse_values": [
    0.07841795682907104,
    0.07865533977746964,
    0.07876506447792053
  ],
  "mae_mean": 0.2687179744243622,
  "mae_std": 0.00030717713525518775,
  "mae_values": [
    0.26836344599723816,
    0.26888546347618103,
    0.26890498399734497
  ]
}