{
  "seeds": [
    42,
    50,
    100
  ],
  "n_runs": 3,
  "r2_mean": -50.11172866821289,
  "r2_std": 2.546845853530458,
  "r2_values": [
    -49.46438980102539,
    -47.951019287109375,
    -52.919776916503906
  ],
  "rmse_mean": 0.4064150002853338,
  "rmse_std": 0.0025534675296499994,
  "rmse_values": [
    0.40515064999159744,
    0.4093539611127592,
    0.40474038975164495
  ],
  "mse_mean": 0.16517749925454459,
  "mse_std": 0.0020791906168927186,
  "mse_values": [
    0.1641470491886139,
    0.16757066547870636,
    0.16381478309631348
  ],
  "mae_mean": 0.3948293626308441,
  "mae_std": 0.002655497519299388,
  "mae_values": [
    0.39350441098213196,
    0.39788663387298584,
    0.39309704303741455
  ]
}