{
  "seeds": [
    42,
    50,
    100
  ],
  "n_runs": 3,
  "r2_mean": 0.9754063487052917,
  "r2_std": 0.004562795159086422,
  "r2_values": [
    0.976728618144989,
    0.9703284502029419,
    0.9791619777679443
  ],
  "rmse_mean": 0.009329502061603429,
  "rmse_std": 0.0005733504005952873,
  "rmse_values": [
    0.009284811324101954,
    0.0099238900295974,
    0.008779804831110929
  ],
  "mse_mean": 8.725876250537112e-05,
  "mse_std": 1.073795860178572e-05,
  "mse_values": [
    8.620772132417187e-05,
    9.84835933195427e-05,
    7.70849728723988e-05
  ],
  "mae_mean": 0.006566150579601526,
  "mae_std": 0.0001347747747786343,
  "mae_values": [
    0.006460110191255808,
    0.00671781599521637,
    0.006520526949316263
  ]
}