{
  "seeds": [
    42,
    50,
    100
  ],
  "n_runs": 3,
  "r2_mean": 0.940438449382782,
  "r2_std": 0.002296826316933156,
  "r2_values": [
    0.9399043917655945,
    0.9429552555084229,
    0.9384557008743286
  ],
  "rmse_mean": 0.013878618063952547,
  "rmse_std": 0.00010084416169170125,
  "rmse_values": [
    0.013973006450443916,
    0.013890480363313258,
    0.01377236737810047
  ],
  "mse_mean": 0.0001926228190617015,
  "mse_std": 2.7973912730561224e-06,
  "mse_values": [
    0.00019524490926414728,
    0.0001929454447235912,
    0.000189678103197366
  ],
  "mae_mean": 0.007181639317423105,
  "mae_std": 3.065447890548967e-05,
  "mae_values": [
    0.0071546901017427444,
    0.007214988581836224,
    0.007175239268690348
  ],
  "imputation_time_mean": 0.002051115036010742,
  "imputation_time_std": 0.0001500175851862525,
  "imputation_time_values": [
    0.002031087875366211,
    0.0019121170043945312,
    0.0022101402282714844
  ]
}