{
  "seeds": [
    42,
    50,
    100
  ],
  "n_runs": 3,
  "r2_mean": -47.19629160563151,
  "r2_std": 2.6372294010297432,
  "r2_values": [
    -45.22475051879883,
    -50.19197463989258,
    -46.172149658203125
  ],
  "rmse_mean": 0.4145821170282234,
  "rmse_std": 0.0028448252500793904,
  "rmse_values": [
    0.4138081687190103,
    0.412204351825406,
    0.41773383054025387
  ],
  "mse_mean": 0.17188372711340585,
  "mse_std": 0.002361888173398365,
  "mse_values": [
    0.17123720049858093,
    0.1699124276638031,
    0.17450155317783356
  ],
  "mae_mean": 0.40343984961509705,
  "mae_std": 0.0031547616235911846,
  "mae_values": [
    0.4028474986553192,
    0.4006232023239136,
    0.4068487584590912
  ],
  "imputation_time_mean": 0.0031069119771321616,
  "imputation_time_std": 0.0009507431443130929,
  "imputation_time_values": [
    0.0028128623962402344,
    0.002337932586669922,
    0.004169940948486328
  ]
}