{
  "seeds": [
    42,
    50,
    100
  ],
  "n_runs": 3,
  "r2_mean": -31.100379943847656,
  "r2_std": 1.6497642425360426,
  "r2_values": [
    -30.503572463989258,
    -29.83207130432129,
    -32.96549606323242
  ],
  "rmse_mean": 0.3220749361420238,
  "rmse_std": 0.0024908171428272246,
  "rmse_values": [
    0.3201134458629263,
    0.32487738020092133,
    0.32123398236222384
  ],
  "mse_mean": 0.10373640060424805,
  "mse_std": 0.0016072449674729744,
  "mse_values": [
    0.10247261822223663,
    0.10554531216621399,
    0.10319127142429352
  ],
  "mae_mean": 0.3102722465991974,
  "mae_std": 0.0023752558045089245,
  "mae_values": [
    0.3084205389022827,
    0.3129503130912781,
    0.30944591760635376
  ],
  "imputation_time_mean": 0.0020002524058024087,
  "imputation_time_std": 0.00010365707575728567,
  "imputation_time_values": [
    0.0020639896392822266,
    0.002056121826171875,
    0.001880645751953125
  ]
}