{
  "seeds": [
    42,
    50,
    100
  ],
  "n_runs": 3,
  "r2_mean": 0.9747302929560343,
  "r2_std": 0.0023468653028333934,
  "r2_values": [
    0.977226734161377,
    0.9743950963020325,
    0.9725690484046936
  ],
  "rmse_mean": 0.009032645566351987,
  "rmse_std": 0.0003868729964394676,
  "rmse_values": [
    0.00860670480455446,
    0.009362241698924892,
    0.00912899019557661
  ],
  "mse_mean": 8.168846640425424e-05,
  "mse_std": 6.936871017250964e-06,
  "mse_values": [
    7.40753675927408e-05,
    8.765156962908804e-05,
    8.333846199093387e-05
  ],
  "mae_mean": 0.0045618461444973946,
  "mae_std": 9.880458674160764e-05,
  "mae_values": [
    0.00446764100342989,
    0.00466468371450901,
    0.004553213715553284
  ]
}