{
  "seeds": [
    42,
    50,
    100
  ],
  "n_runs": 3,
  "r2_mean": -25.692860921223957,
  "r2_std": 1.7975921063276072,
  "r2_values": [
    -24.471168518066406,
    -27.7569580078125,
    -24.85045623779297
  ],
  "rmse_mean": 0.3084527501314565,
  "rmse_std": 0.0011158361571581815,
  "rmse_values": [
    0.30717523707519384,
    0.3089463838738842,
    0.30923662944529146
  ],
  "mse_mean": 0.09514392912387848,
  "mse_std": 0.0006877009940797965,
  "mse_values": [
    0.09435662627220154,
    0.09544786810874939,
    0.09562729299068451
  ],
  "mae_mean": 0.2966459095478058,
  "mae_std": 0.0011247515212744474,
  "mae_values": [
    0.2953568696975708,
    0.297427773475647,
    0.2971530556678772
  ],
  "imputation_time_mean": 0.002357323964436849,
  "imputation_time_std": 0.00032600812269058,
  "imputation_time_values": [
    0.0022728443145751953,
    0.0020818710327148438,
    0.002717256546020508
  ]
}