{
  "seeds": [
    42,
    50,
    100
  ],
  "n_runs": 3,
  "r2_mean": 0.79457026720047,
  "r2_std": 0.01382054713240879,
  "r2_values": [
    0.7789527773857117,
    0.8052211999893188,
    0.7995368242263794
  ],
  "rmse_mean": 0.02577396014595811,
  "rmse_std": 0.0009756263849657933,
  "rmse_values": [
    0.02679853147309578,
    0.025667306137646777,
    0.024856042827131775
  ],
  "mse_mean": 0.0006649315861674646,
  "mse_std": 5.0448485120097734e-05,
  "mse_values": [
    0.000718161289114505,
    0.0006588106043636799,
    0.000617822865024209
  ],
  "mae_mean": 0.009285829029977322,
  "mae_std": 0.00025523302610963583,
  "mae_values": [
    0.008991356007754803,
    0.009422667324543,
    0.009443463757634163
  ]
}