{
  "seeds": [
    42,
    50,
    100
  ],
  "n_runs": 3,
  "r2_mean": -26.442859649658203,
  "r2_std": 1.853716862830909,
  "r2_values": [
    -25.395389556884766,
    -28.583187103271484,
    -25.35000228881836
  ],
  "rmse_mean": 0.3127539823047653,
  "rmse_std": 0.000573490947303003,
  "rmse_values": [
    0.31269850386754805,
    0.31335319634687137,
    0.31221024669987646
  ],
  "mse_mean": 0.09781527270873387,
  "mse_std": 0.00035877048025778033,
  "mse_values": [
    0.09778035432100296,
    0.09819022566080093,
    0.09747523814439774
  ],
  "mae_mean": 0.3015404939651489,
  "mae_std": 0.0003491129318717867,
  "mae_values": [
    0.301525354385376,
    0.30189695954322815,
    0.3011992275714874
  ]
}