{
  "seeds": [
    42,
    50,
    100
  ],
  "n_runs": 3,
  "r2_mean": 0.9622870484987894,
  "r2_std": 0.005797086271926603,
  "r2_values": [
    0.9645900726318359,
    0.9556923508644104,
    0.9665787220001221
  ],
  "rmse_mean": 0.011566378578057928,
  "rmse_std": 0.0005133898585953035,
  "rmse_values": [
    0.011453135413894368,
    0.01212693580705921,
    0.01111906451322021
  ],
  "mse_mean": 0.00013395682617556304,
  "mse_std": 1.195976704785052e-05,
  "mse_values": [
    0.00013117431080900133,
    0.0001470625720685348,
    0.000123633595649153
  ],
  "mae_mean": 0.006411494221538305,
  "mae_std": 4.2948424379574135e-05,
  "mae_values": [
    0.006457746960222721,
    0.0064038606360554695,
    0.006372873671352863
  ],
  "imputation_time_mean": 0.0037043094635009766,
  "imputation_time_std": 0.0010719135190260453,
  "imputation_time_values": [
    0.0044689178466796875,
    0.004164934158325195,
    0.002479076385498047
  ]
}