{
  "seeds": [
    42,
    50,
    100
  ],
  "n_runs": 3,
  "r2_mean": -64.90963490804036,
  "r2_std": 4.552011094184738,
  "r2_values": [
    -62.38874816894531,
    -70.1644058227539,
    -62.175750732421875
  ],
  "rmse_mean": 0.4846728339505842,
  "rmse_std": 0.0012920329650229372,
  "rmse_values": [
    0.4845826411495147,
    0.48600760012539546,
    0.48342826057684246
  ],
  "mse_mean": 0.23490886886914572,
  "mse_std": 0.0012526008624616086,
  "mse_values": [
    0.23482033610343933,
    0.2362033873796463,
    0.2337028831243515
  ],
  "mae_mean": 0.4741067588329315,
  "mae_std": 0.001190219889394939,
  "mae_values": [
    0.4744047522544861,
    0.4751196503639221,
    0.47279584407806396
  ],
  "imputation_time_mean": 0.001709302266438802,
  "imputation_time_std": 0.0002950728606829298,
  "imputation_time_values": [
    0.0015461444854736328,
    0.0020499229431152344,
    0.001531839370727539
  ]
}