{
  "seeds": [
    42,
    50,
    100
  ],
  "n_runs": 3,
  "r2_mean": 0.9608371456464132,
  "r2_std": 0.0030393041480106012,
  "r2_values": [
    0.9615710973739624,
    0.9634422659873962,
    0.9574980735778809
  ],
  "rmse_mean": 0.011243498752146475,
  "rmse_std": 0.00010385585742211183,
  "rmse_values": [
    0.011180290042736317,
    0.011186844773466495,
    0.011363361440236617
  ],
  "mse_mean": 0.0001264234548822666,
  "mse_std": 2.341605908588612e-06,
  "mse_values": [
    0.00012499888543970883,
    0.00012514549598563462,
    0.0001291259832214564
  ],
  "mae_mean": 0.006455985829234123,
  "mae_std": 7.11940010660328e-05,
  "mae_values": [
    0.006442505866289139,
    0.006532956380397081,
    0.006392495706677437
  ],
  "imputation_time_mean": 0.0022722880045572915,
  "imputation_time_std": 0.00034573261669871376,
  "imputation_time_values": [
    0.002360820770263672,
    0.0018908977508544922,
    0.002565145492553711
  ]
}