{
  "seeds": [
    42,
    50,
    100
  ],
  "n_runs": 3,
  "r2_mean": 0.9822059273719788,
  "r2_std": 0.0035736676837457453,
  "r2_values": [
    0.981115996837616,
    0.9793041348457336,
    0.9861976504325867
  ],
  "rmse_mean": 0.007932498525956483,
  "rmse_std": 0.0006825981229772194,
  "rmse_values": [
    0.008363901873685155,
    0.008288074858992809,
    0.007145518845191484
  ],
  "mse_mean": 6.323515966262978e-05,
  "mse_std": 1.0564230587159848e-05,
  "mse_values": [
    6.995485455263406e-05,
    6.869218486826867e-05,
    5.1058439566986635e-05
  ],
  "mae_mean": 0.005023995880037546,
  "mae_std": 8.53229794302024e-05,
  "mae_values": [
    0.004990573041141033,
    0.0051209707744419575,
    0.004960444290190935
  ],
  "imputation_time_mean": 0.002007643381754557,
  "imputation_time_std": 5.710825913584029e-05,
  "imputation_time_values": [
    0.002035856246948242,
    0.002045154571533203,
    0.0019419193267822266
  ]
}