{
  "seeds": [
    42,
    50,
    100
  ],
  "n_runs": 3,
  "r2_mean": -13.930388450622559,
  "r2_std": 0.9827870793335621,
  "r2_values": [
    -13.744705200195312,
    -13.053688049316406,
    -14.992772102355957
  ],
  "rmse_mean": 0.21958781964847698,
  "rmse_std": 0.0007460488530540368,
  "rmse_values": [
    0.2189989716710373,
    0.2193376957185137,
    0.22042679155587996
  ],
  "mse_mean": 0.04821918159723282,
  "mse_std": 0.00032789499008914274,
  "mse_values": [
    0.0479605495929718,
    0.0481090247631073,
    0.048587970435619354
  ],
  "mae_mean": 0.20904403924942017,
  "mae_std": 0.0008838298381306231,
  "mae_values": [
    0.2084645926952362,
    0.20860622823238373,
    0.21006132662296295
  ]
}