{
  "seeds": [
    42,
    50,
    100
  ],
  "n_runs": 3,
  "r2_mean": 0.9866034388542175,
  "r2_std": 0.0031472015032957303,
  "r2_values": [
    0.9884548783302307,
    0.9829695820808411,
    0.9883858561515808
  ],
  "rmse_mean": 0.006870929399412702,
  "rmse_std": 0.0005607564421309083,
  "rmse_values": [
    0.0065397430322022354,
    0.0075183778310144314,
    0.006554667335021438
  ],
  "mse_mean": 4.741930266997466e-05,
  "mse_std": 7.887241031577644e-06,
  "mse_values": [
    4.276823892723769e-05,
    5.652600520988926e-05,
    4.296366387279704e-05
  ],
  "mae_mean": 0.003984331618994474,
  "mae_std": 0.00013623076665680856,
  "mae_values": [
    0.0038624657317996025,
    0.004131406079977751,
    0.003959123510867357
  ]
}