{
  "seeds": [
    42,
    50,
    100
  ],
  "n_runs": 3,
  "r2_mean": 0.4799269636472066,
  "r2_std": 0.018521603871275067,
  "r2_values": [
    0.45856672525405884,
    0.49153172969818115,
    0.4896824359893799
  ],
  "rmse_mean": 0.04102342909137777,
  "rmse_std": 0.0012053509869740713,
  "rmse_values": [
    0.0419412098334887,
    0.041470700893367005,
    0.0396583765472776
  ],
  "mse_mean": 0.0016838903150831659,
  "mse_std": 9.819903941349238e-05,
  "mse_values": [
    0.001759065082296729,
    0.001719819032587111,
    0.0015727868303656578
  ],
  "mae_mean": 0.020170683041214943,
  "mae_std": 0.0002993099915329367,
  "mae_values": [
    0.020269878208637238,
    0.020407801494002342,
    0.0198343675583601
  ]
}