{
  "seeds": [
    42,
    50,
    100
  ],
  "n_runs": 3,
  "r2_mean": -0.006788412729899089,
  "r2_std": 0.00047276631292546165,
  "r2_values": [
    -0.0065604448318481445,
    -0.007331967353820801,
    -0.00647282600402832
  ],
  "rmse_mean": 0.05707974122207426,
  "rmse_std": 0.0017168898751201485,
  "rmse_values": [
    0.05721948648262124,
    0.058722487723396014,
    0.05529724946020551
  ],
  "mse_mean": 0.0032600619985411563,
  "mse_std": 0.0001956488283795109,
  "mse_values": [
    0.003274069633334875,
    0.0034483305644243956,
    0.0030577857978641987
  ],
  "mae_mean": 0.004687973763793707,
  "mae_std": 0.0002936942037194967,
  "mae_values": [
    0.004619461018592119,
    0.005009868647903204,
    0.004434592090547085
  ],
  "imputation_time_mean": 0.0020017623901367188,
  "imputation_time_std": 0.0001134842383363439,
  "imputation_time_values": [
    0.0019183158874511719,
    0.0021309852600097656,
    0.0019559860229492188
  ]
}