{
  "seeds": [
    42,
    50,
    100
  ],
  "n_runs": 3,
  "r2_mean": 0.982648233572642,
  "r2_std": 0.0030724434128856673,
  "r2_values": [
    0.9802649617195129,
    0.981563925743103,
    0.9861158132553101
  ],
  "rmse_mean": 0.007483677166210512,
  "rmse_std": 0.0008571074682353682,
  "rmse_values": [
    0.008012043548247966,
    0.007944238714292617,
    0.006494749236090955
  ],
  "mse_mean": 5.649517940279717e-05,
  "mse_std": 1.2407576362743065e-05,
  "mse_values": [
    6.419284181902185e-05,
    6.311092874966562e-05,
    4.218176763970405e-05
  ],
  "mae_mean": 0.0029029008001089096,
  "mae_std": 1.8459695638739504e-05,
  "mae_values": [
    0.0029052640311419964,
    0.002920065075159073,
    0.0028833732940256596
  ],
  "imputation_time_mean": 0.003667036692301432,
  "imputation_time_std": 0.0010827939383786862,
  "imputation_time_values": [
    0.0043561458587646484,
    0.002418994903564453,
    0.004225969314575195
  ]
}