{
  "seeds": [
    42,
    50,
    100
  ],
  "n_runs": 3,
  "r2_mean": 0.9672514001528422,
  "r2_std": 0.0012165416056540755,
  "r2_values": [
    0.9682374000549316,
    0.9658918976783752,
    0.9676249027252197
  ],
  "rmse_mean": 0.010296074870779012,
  "rmse_std": 0.0003943874140300549,
  "rmse_values": [
    0.010158430307333766,
    0.010740838521548444,
    0.009988955783454824
  ],
  "mse_mean": 0.00010611285203291725,
  "mse_std": 8.192974206520358e-06,
  "mse_values": [
    0.00010319370630895719,
    0.00011536561214597896,
    9.977923764381558e-05
  ],
  "mae_mean": 0.004312613047659397,
  "mae_std": 0.00021737260976806283,
  "mae_values": [
    0.0041472287848591805,
    0.004558819346129894,
    0.004231791011989117
  ],
  "imputation_time_mean": 0.00226442019144694,
  "imputation_time_std": 0.0003637752938200834,
  "imputation_time_values": [
    0.002660989761352539,
    0.0021860599517822266,
    0.0019462108612060547
  ]
}