{
  "seeds": [
    42,
    50,
    100
  ],
  "n_runs": 3,
  "r2_mean": 0.07828954855600993,
  "r2_std": 0.03047234479939816,
  "r2_values": [
    0.0904119610786438,
    0.10083514451980591,
    0.04362154006958008
  ],
  "rmse_mean": 0.054592382581342434,
  "rmse_std": 0.0008069206534006042,
  "rmse_values": [
    0.05439342252810157,
    0.055480172263996104,
    0.05390355295192961
  ],
  "mse_mean": 0.0029807623165349164,
  "mse_std": 8.833012931654401e-05,
  "mse_values": [
    0.002958644414320588,
    0.0030780495144426823,
    0.0029055930208414793
  ],
  "mae_mean": 0.03908223286271095,
  "mae_std": 0.0008932881755754352,
  "mae_values": [
    0.038104552775621414,
    0.03928636014461517,
    0.039855796843767166
  ]
}