{
  "seeds": [
    42,
    50,
    100
  ],
  "n_runs": 3,
  "r2_mean": -0.007553418477376302,
  "r2_std": 0.000630436085872253,
  "r2_values": [
    -0.007043600082397461,
    -0.008258342742919922,
    -0.0073583126068115234
  ],
  "rmse_mean": 0.05999073353648169,
  "rmse_std": 0.0018546740687776717,
  "rmse_values": [
    0.061078153723790246,
    0.05784922686517065,
    0.0610448200204842
  ],
  "mse_mean": 0.0036011813208460808,
  "mse_std": 0.00022054126525462435,
  "mse_values": [
    0.0037305408623069525,
    0.0033465330488979816,
    0.0037264700513333082
  ],
  "mae_mean": 0.0051869917660951614,
  "mae_std": 6.892404780955985e-05,
  "mae_values": [
    0.00510810362175107,
    0.005235548131167889,
    0.005217323079705238
  ],
  "imputation_time_mean": 0.0017447471618652344,
  "imputation_time_std": 0.000357117049659457,
  "imputation_time_values": [
    0.0020291805267333984,
    0.0013439655303955078,
    0.0018610954284667969
  ]
}