{
  "seeds": [
    42,
    50,
    100
  ],
  "n_runs": 3,
  "r2_mean": -0.007013003031412761,
  "r2_std": 0.0003860198970001977,
  "r2_values": [
    -0.0070656538009643555,
    -0.0073699951171875,
    -0.006603360176086426
  ],
  "rmse_mean": 0.057090213103043054,
  "rmse_std": 0.0013400738818058276,
  "rmse_values": [
    0.05720017747662365,
    0.058371916700610996,
    0.05569854513189451
  ],
  "mse_mean": 0.003260489630823334,
  "mse_std": 0.00015279401477731594,
  "mse_values": [
    0.0032718603033572435,
    0.003407280659303069,
    0.0031023279298096895
  ],
  "mae_mean": 0.00476505933329463,
  "mae_std": 0.0002418444346403703,
  "mae_values": [
    0.004791188985109329,
    0.004992777947336435,
    0.004511211067438126
  ],
  "imputation_time_mean": 0.0019118785858154297,
  "imputation_time_std": 0.00015964380586222347,
  "imputation_time_values": [
    0.001928091049194336,
    0.0020627975463867188,
    0.0017447471618652344
  ]
}