{
  "seeds": [
    42,
    50,
    100
  ],
  "n_runs": 3,
  "r2_mean": -14.647068659464518,
  "r2_std": 0.8775068529728774,
  "r2_values": [
    -14.488962173461914,
    -13.859363555908203,
    -15.592880249023438
  ],
  "rmse_mean": 0.2248838710518651,
  "rmse_std": 0.001089252131533333,
  "rmse_values": [
    0.22432601303633679,
    0.22418654905095728,
    0.2261390510683012
  ],
  "mse_mean": 0.050573546439409256,
  "mse_std": 0.0004905828864382426,
  "mse_values": [
    0.05032216012477875,
    0.050259608775377274,
    0.05113887041807175
  ],
  "mae_mean": 0.21450544893741608,
  "mae_std": 0.0012910077348351479,
  "mae_values": [
    0.2139875292778015,
    0.21355383098125458,
    0.21597500145435333
  ]
}