{
  "seeds": [
    42,
    50,
    100
  ],
  "n_runs": 3,
  "r2_mean": -50.71232477823893,
  "r2_std": 1.8889094970301374,
  "r2_values": [
    -50.11750793457031,
    -49.192420959472656,
    -52.82704544067383
  ],
  "rmse_mean": 0.4089514367854548,
  "rmse_std": 0.002668191802221861,
  "rmse_values": [
    0.40752412824051326,
    0.41202969255323013,
    0.407300489562621
  ],
  "mse_mean": 0.16724602381388345,
  "mse_std": 0.0021863996410854884,
  "mse_values": [
    0.1660759150981903,
    0.16976846754550934,
    0.16589368879795074
  ],
  "mae_mean": 0.39742136001586914,
  "mae_std": 0.0027403992135077715,
  "mae_values": [
    0.39605411887168884,
    0.4005763828754425,
    0.39563360810279846
  ]
}