{
  "seeds": [
    42,
    50,
    100
  ],
  "n_runs": 3,
  "r2_mean": 0.9670924345652262,
  "r2_std": 0.002299224526221119,
  "r2_values": [
    0.9687391519546509,
    0.9644655585289001,
    0.9680725932121277
  ],
  "rmse_mean": 0.010320601013966025,
  "rmse_std": 0.0006247866698303561,
  "rmse_values": [
    0.010083808950805122,
    0.011029171190960954,
    0.009848822900132
  ],
  "mse_mean": 0.0001067750442113417,
  "mse_std": 1.308694966125885e-05,
  "mse_values": [
    0.00010168320295633748,
    0.00012164261715952307,
    9.699931251816452e-05
  ],
  "mae_mean": 0.0057089789770543575,
  "mae_std": 0.00016503449296578765,
  "mae_values": [
    0.005578459706157446,
    0.005894487723708153,
    0.005653988104313612
  ],
  "imputation_time_mean": 0.001852114995320638,
  "imputation_time_std": 0.00013319648914898377,
  "imputation_time_values": [
    0.0019800662994384766,
    0.0017142295837402344,
    0.0018620491027832031
  ]
}