{
  "seeds": [
    42,
    50,
    100
  ],
  "n_runs": 3,
  "r2_mean": 0.9792903463045756,
  "r2_std": 0.0020922967577916246,
  "r2_values": [
    0.980675220489502,
    0.9803123474121094,
    0.9768834710121155
  ],
  "rmse_mean": 0.0081727246112259,
  "rmse_std": 0.00022825829708433655,
  "rmse_values": [
    0.007928323579247935,
    0.008209467817030669,
    0.008380382437399095
  ],
  "mse_mean": 6.682816213772942e-05,
  "mse_std": 3.71883144683903e-06,
  "mse_values": [
    6.285831477725878e-05,
    6.73953618388623e-05,
    7.02308097970672e-05
  ],
  "mae_mean": 0.0032701895106583834,
  "mae_std": 3.0724859243491665e-05,
  "mae_values": [
    0.00324095506221056,
    0.0032673992682248354,
    0.0033022144343703985
  ],
  "imputation_time_mean": 0.0034079551696777344,
  "imputation_time_std": 0.001348124968974564,
  "imputation_time_values": [
    0.004151105880737305,
    0.001851797103881836,
    0.0042209625244140625
  ]
}