{
  "seeds": [
    42,
    50,
    100
  ],
  "n_runs": 3,
  "r2_mean": -32.880653381347656,
  "r2_std": 1.3951664878729817,
  "r2_values": [
    -32.58553695678711,
    -31.656654357910156,
    -34.3997688293457
  ],
  "rmse_mean": 0.3309939728315805,
  "rmse_std": 0.0011741512953021484,
  "rmse_values": [
    0.3303274195142841,
    0.33234970304450906,
    0.33030479593594825
  ],
  "mse_mean": 0.10955792913834254,
  "mse_std": 0.00077806962491826,
  "mse_values": [
    0.10911620408296585,
    0.11045632511377335,
    0.10910125821828842
  ],
  "mae_mean": 0.3194654583930969,
  "mae_std": 0.001194586860947311,
  "mae_values": [
    0.318698525428772,
    0.32084184885025024,
    0.31885600090026855
  ]
}