{
  "seeds": [
    42,
    50,
    100
  ],
  "n_runs": 3,
  "r2_mean": 0.9010237455368042,
  "r2_std": 0.0021783761698615247,
  "r2_values": [
    0.9023677706718445,
    0.8985103964805603,
    0.9021930694580078
  ],
  "rmse_mean": 0.017899272716794548,
  "rmse_std": 0.0007039380732683482,
  "rmse_values": [
    0.017820528024075064,
    0.018639272115174934,
    0.017238018011133643
  ],
  "mse_mean": 0.0003207143163308501,
  "mse_std": 2.5283551089669512e-05,
  "mse_values": [
    0.0003175712190568447,
    0.0003474224649835378,
    0.00029714926495216787
  ],
  "mae_mean": 0.009654906578361988,
  "mae_std": 0.0005133663071319461,
  "mae_values": [
    0.009676381945610046,
    0.010157197713851929,
    0.009131139144301414
  ],
  "imputation_time_mean": 0.003662268320719401,
  "imputation_time_std": 0.0012115243635515225,
  "imputation_time_values": [
    0.004399776458740234,
    0.004323005676269531,
    0.0022640228271484375
  ]
}