{
  "seeds": [
    42,
    50,
    100
  ],
  "n_runs": 3,
  "r2_mean": 0.9805912375450134,
  "r2_std": 0.0015492068422047198,
  "r2_values": [
    0.9823614358901978,
    0.9799293875694275,
    0.979482889175415
  ],
  "rmse_mean": 0.008319077226718286,
  "rmse_std": 0.00034248522302328366,
  "rmse_values": [
    0.008083385811263413,
    0.008161907852132104,
    0.008711938016759343
  ],
  "mse_mean": 6.928524332276235e-05,
  "mse_std": 5.762105671201813e-06,
  "mse_values": [
    6.534112617373466e-05,
    6.661673978669569e-05,
    7.58978640078567e-05
  ],
  "mae_mean": 0.005687791388481855,
  "mae_std": 7.248300971696153e-05,
  "mae_values": [
    0.005613324232399464,
    0.005758112296462059,
    0.005691937170922756
  ]
}