{
  "seeds": [
    42,
    50,
    100
  ],
  "n_runs": 3,
  "r2_mean": 0.024355967839558918,
  "r2_std": 0.05544097204070531,
  "r2_values": [
    -0.007043600082397461,
    -0.008258342742919922,
    0.08836984634399414
  ],
  "rmse_mean": 0.05899976625559477,
  "rmse_std": 0.0018033770282852007,
  "rmse_values": [
    0.061078153723790246,
    0.05784922686517065,
    0.05807191817782341
  ],
  "mse_mean": 0.0034831405306855836,
  "mse_std": 0.00021464340630566878,
  "mse_values": [
    0.0037305408623069525,
    0.0033465330488979816,
    0.003372347680851817
  ],
  "mae_mean": 0.005068950820714235,
  "mae_std": 0.00018923624884337187,
  "mae_values": [
    0.00510810362175107,
    0.005235548131167889,
    0.004863200709223747
  ],
  "imputation_time_mean": 0.0020040671030680337,
  "imputation_time_std": 6.56168184690429e-05,
  "imputation_time_values": [
    0.002079010009765625,
    0.0019762516021728516,
    0.001956939697265625
  ]
}