{
  "seeds": [
    42,
    50,
    100
  ],
  "n_runs": 3,
  "r2_mean": -31.805241266886394,
  "r2_std": 1.2615270762996207,
  "r2_values": [
    -31.277057647705078,
    -30.89365577697754,
    -33.24501037597656
  ],
  "rmse_mean": 0.3257152518828566,
  "rmse_std": 0.0024203016735673153,
  "rmse_values": [
    0.3238287728996836,
    0.32844420075046366,
    0.3248727819984226
  ],
  "mse_mean": 0.10609433054924011,
  "mse_std": 0.0015793476366643365,
  "mse_values": [
    0.10486507415771484,
    0.10787559300661087,
    0.10554232448339462
  ],
  "mae_mean": 0.3140716850757599,
  "mae_std": 0.0023772057611495256,
  "mae_values": [
    0.312246710062027,
    0.3167599141597748,
    0.3132084906101227
  ],
  "imputation_time_mean": 0.001749118169148763,
  "imputation_time_std": 0.0002712958645519115,
  "imputation_time_values": [
    0.00180816650390625,
    0.0014531612396240234,
    0.0019860267639160156
  ]
}