{
  "seeds": [
    42,
    50,
    100
  ],
  "n_runs": 3,
  "r2_mean": 0.9841655890146891,
  "r2_std": 0.003208892968804394,
  "r2_values": [
    0.9841216206550598,
    0.9809789061546326,
    0.987396240234375
  ],
  "rmse_mean": 0.0074811071478470366,
  "rmse_std": 0.0005820509650547958,
  "rmse_values": [
    0.007669467114870556,
    0.00794565224703552,
    0.006828202081635034
  ],
  "mse_mean": 5.6192819708182164e-05,
  "mse_std": 8.562509420545373e-06,
  "mse_values": [
    5.882072582608089e-05,
    6.31333896308206e-05,
    4.662434366764501e-05
  ],
  "mae_mean": 0.003924112301319838,
  "mae_std": 0.00015737992362119257,
  "mae_values": [
    0.003939808811992407,
    0.004073055926710367,
    0.0037594723980873823
  ],
  "imputation_time_mean": 0.0036586920420328775,
  "imputation_time_std": 0.0012126410822905303,
  "imputation_time_values": [
    0.0022590160369873047,
    0.004392862319946289,
    0.004324197769165039
  ]
}