{
  "seeds": [
    42,
    50,
    100
  ],
  "n_runs": 3,
  "r2_mean": -2.7094889481862388,
  "r2_std": 0.1529517789680204,
  "r2_values": [
    -2.5947272777557373,
    -2.8831305503845215,
    -2.650609016418457
  ],
  "rmse_mean": 0.11504463022539296,
  "rmse_std": 0.001374814733971103,
  "rmse_values": [
    0.11539705560750492,
    0.1135279091176247,
    0.11620892595104926
  ],
  "mse_mean": 0.013236527020732561,
  "mse_std": 0.00031565224024088543,
  "mse_values": [
    0.013316480442881584,
    0.012888586148619652,
    0.01350451447069645
  ],
  "mae_mean": 0.10781771689653397,
  "mae_std": 0.0011991749051958323,
  "mae_values": [
    0.10791751742362976,
    0.10657177120447159,
    0.10896388441324234
  ]
}