{
  "seeds": [
    42,
    50,
    100
  ],
  "n_runs": 3,
  "r2_mean": -10.234294891357422,
  "r2_std": 0.628949729752028,
  "r2_values": [
    -10.039011001586914,
    -9.726151466369629,
    -10.937722206115723
  ],
  "rmse_mean": 0.19051770730713521,
  "rmse_std": 0.0010662298890640161,
  "rmse_values": [
    0.18949122881406005,
    0.19161967620620787,
    0.19044221690113772
  ],
  "mse_mean": 0.036297754695018135,
  "mse_std": 0.000406391990104141,
  "mse_values": [
    0.03590692579746246,
    0.03671810030937195,
    0.036268237978219986
  ],
  "mae_mean": 0.18007712066173553,
  "mae_std": 0.0011724296491593122,
  "mae_values": [
    0.1788475066423416,
    0.18118247389793396,
    0.18020132184028625
  ]
}