{
  "seeds": [
    42,
    50,
    100
  ],
  "n_runs": 3,
  "r2_mean": -66.66766611735027,
  "r2_std": 3.7541692651543266,
  "r2_values": [
    -66.01082611083984,
    -63.28526306152344,
    -70.7069091796875
  ],
  "rmse_mean": 0.4675760824634689,
  "rmse_std": 0.0013290290892133722,
  "rmse_values": [
    0.46687057743250304,
    0.4691090956740683,
    0.4667485742838354
  ],
  "mse_mean": 0.21862857043743134,
  "mse_std": 0.0012438545628183694,
  "mse_values": [
    0.2179681360721588,
    0.22006334364414215,
    0.21785423159599304
  ],
  "mae_mean": 0.4565160572528839,
  "mae_std": 0.0013920129276812077,
  "mae_values": [
    0.45561930537223816,
    0.4581196904182434,
    0.45580923557281494
  ]
}