{
  "seeds": [
    42,
    50,
    100
  ],
  "n_runs": 3,
  "r2_mean": 0.9713330070177714,
  "r2_std": 0.0005661569212387739,
  "r2_values": [
    0.971986711025238,
    0.9710122346878052,
    0.971000075340271
  ],
  "rmse_mean": 0.00963120467054251,
  "rmse_std": 0.00029693070207985193,
  "rmse_values": [
    0.009545659284205721,
    0.009961517503508814,
    0.009386437223912997
  ],
  "mse_mean": 9.281888196710497e-05,
  "mse_std": 5.754658914505246e-06,
  "mse_values": [
    9.111961117014289e-05,
    9.923183097271249e-05,
    8.810520375845954e-05
  ],
  "mae_mean": 0.004644311964511871,
  "mae_std": 0.00010048438707599416,
  "mae_values": [
    0.004696151707321405,
    0.004708289168775082,
    0.004528494086116552
  ]
}