{
  "seeds": [
    42,
    50,
    100
  ],
  "n_runs": 3,
  "r2_mean": 0.9712859988212585,
  "r2_std": 0.0015708020192876306,
  "r2_values": [
    0.9694963693618774,
    0.9719251990318298,
    0.9724364280700684
  ],
  "rmse_mean": 0.009638867294510897,
  "rmse_std": 0.0003803186527168259,
  "rmse_values": [
    0.009955069578904114,
    0.00974468728468668,
    0.009216845019941898
  ],
  "mse_mean": 9.30041909062614e-05,
  "mse_std": 7.276253691854236e-06,
  "mse_values": [
    9.910341032082215e-05,
    9.495893027633429e-05,
    8.495023212162778e-05
  ],
  "mae_mean": 0.0035762747284024954,
  "mae_std": 0.00012931041419506073,
  "mae_values": [
    0.003650715108960867,
    0.0036511486396193504,
    0.0034269599709659815
  ],
  "imputation_time_mean": 0.00342408816019694,
  "imputation_time_std": 0.0014020867843961516,
  "imputation_time_values": [
    0.004160881042480469,
    0.004304170608520508,
    0.0018072128295898438
  ]
}