{
  "seeds": [
    42,
    50,
    100
  ],
  "n_runs": 3,
  "r2_mean": -72.27744801839192,
  "r2_std": 3.863037798324722,
  "r2_values": [
    -71.3637924194336,
    -68.95314025878906,
    -76.51541137695312
  ],
  "rmse_mean": 0.4865988944468544,
  "rmse_std": 0.002385439239889424,
  "rmse_values": [
    0.48515963837304965,
    0.4893524169826716,
    0.48528462798484173
  ],
  "mse_mean": 0.23678227762381235,
  "mse_std": 0.0023247793719636434,
  "mse_values": [
    0.2353798747062683,
    0.23946578800678253,
    0.23550117015838623
  ],
  "mae_mean": 0.4759933650493622,
  "mae_std": 0.002284619025886059,
  "mae_values": [
    0.4746183454990387,
    0.47863060235977173,
    0.47473111748695374
  ]
}