{
  "seeds": [
    42,
    50,
    100
  ],
  "n_runs": 3,
  "r2_mean": -43.401013692220054,
  "r2_std": 2.854145710103983,
  "r2_values": [
    -41.651222229003906,
    -46.694549560546875,
    -41.857269287109375
  ],
  "rmse_mean": 0.39784536699453693,
  "rmse_std": 0.00034058158153790524,
  "rmse_values": [
    0.3974911914905106,
    0.3978744155694934,
    0.3981704939236068
  ],
  "mse_mean": 0.15828101336956024,
  "mse_std": 0.0002709828843130956,
  "mse_values": [
    0.15799924731254578,
    0.15830405056476593,
    0.15853974223136902
  ],
  "mae_mean": 0.38615167140960693,
  "mae_std": 0.000399564829422161,
  "mae_values": [
    0.3858296275138855,
    0.3860265910625458,
    0.3865988254547119
  ],
  "imputation_time_mean": 0.0018483797709147136,
  "imputation_time_std": 0.0004036910487525526,
  "imputation_time_values": [
    0.0018618106842041016,
    0.002245187759399414,
    0.001438140869140625
  ]
}