{
  "seeds": [
    42,
    50,
    100
  ],
  "n_runs": 3,
  "r2_mean": -72.43211619059245,
  "r2_std": 2.9039319611812844,
  "r2_values": [
    -71.712890625,
    -69.95538330078125,
    -75.6280746459961
  ],
  "rmse_mean": 0.48730182041308273,
  "rmse_std": 0.00224517004714273,
  "rmse_values": [
    0.48604241370143564,
    0.4898939736642107,
    0.4859690738736017
  ],
  "mse_mean": 0.23746642470359802,
  "mse_std": 0.0021910577142775804,
  "mse_values": [
    0.23623722791671753,
    0.23999610543251038,
    0.23616594076156616
  ],
  "mae_mean": 0.4766775667667389,
  "mae_std": 0.002250743331387639,
  "mae_values": [
    0.47542160749435425,
    0.47927603125572205,
    0.47533509135246277
  ],
  "imputation_time_mean": 0.002026716868082682,
  "imputation_time_std": 7.25460110995295e-05,
  "imputation_time_values": [
    0.0019431114196777344,
    0.002073049545288086,
    0.0020639896392822266
  ]
}