{
  "seeds": [
    42,
    50,
    100
  ],
  "n_runs": 3,
  "r2_mean": -7.809075991312663,
  "r2_std": 0.49831555693228646,
  "r2_values": [
    -7.485015869140625,
    -8.382879257202148,
    -7.559332847595215
  ],
  "rmse_mean": 0.177235485134994,
  "rmse_std": 0.0007354695623094555,
  "rmse_values": [
    0.17729157003660814,
    0.17647357870500419,
    0.17794130666336958
  ],
  "mse_mean": 0.03141277780135473,
  "mse_std": 0.00026064127588873757,
  "mse_values": [
    0.03143230080604553,
    0.03114292398095131,
    0.03166310861706734
  ],
  "mae_mean": 0.1677219122648239,
  "mae_std": 0.0006220603827387094,
  "mae_values": [
    0.16750331223011017,
    0.16723866760730743,
    0.16842377185821533
  ]
}