{
  "miss0.01_mean": {
    "r2_mean": -174.29884135898388,
    "r2_std": 11.451579958753223,
    "rmse_mean": 0.76079330276017,
    "rmse_std": 0.0004287963649482852,
    "mae_mean": 0.7050326681443485,
    "mae_std": 0.0007094434411378395,
    "imputation_time_mean": 0.004495859146118164,
    "imputation_time_std": 0.0001860747674218125,
    "missingness_rate": 0.01,
    "num_seeds": 3,
    "seeds": [
      42,
      50,
      100
    ]
  },
  "miss0.05_mean": {
    "r2_mean": -165.9030121850699,
    "r2_std": 5.134020741691242,
    "rmse_mean": 0.7557947779853668,
    "rmse_std": 0.002101007615417227,
    "mae_mean": 0.6956868748845381,
    "mae_std": 0.0034043940672452786,
    "imputation_time_mean": 0.004736582438151042,
    "imputation_time_std": 0.00012843841922348715,
    "missingness_rate": 0.05,
    "num_seeds": 3,
    "seeds": [
      42,
      50,
      100
    ]
  },
  "miss0.1_mean": {
    "r2_mean": -170.67928679983538,
    "r2_std": 9.002727594563098,
    "rmse_mean": 0.7518022014078939,
    "rmse_std": 0.0035430119095672843,
    "mae_mean": 0.6882058533171619,
    "mae_std": 0.005896535612268385,
    "imputation_time_mean": 0.005098183949788411,
    "imputation_time_std": 8.530662812038242e-06,
    "missingness_rate": 0.1,
    "num_seeds": 3,
    "seeds": [
      42,
      50,
      100
    ]
  }
}