{
  "miss0.01_median": {
    "r2_mean": -173.15146974984603,
    "r2_std": 11.367494709501313,
    "rmse_mean": 0.7583009753472028,
    "rmse_std": 0.0003528274053908089,
    "mae_mean": 0.6885646422990225,
    "mae_std": 0.00033978802389969905,
    "imputation_time_mean": 0.005922635396321614,
    "imputation_time_std": 6.786107402230206e-05,
    "missingness_rate": 0.01,
    "num_seeds": 3,
    "seeds": [
      42,
      50,
      100
    ]
  },
  "miss0.05_median": {
    "r2_mean": -165.12501414163566,
    "r2_std": 5.146392185181489,
    "rmse_mean": 0.7540304974934976,
    "rmse_std": 0.00258294896967302,
    "mae_mean": 0.6805846726956043,
    "mae_std": 0.003447962180209757,
    "imputation_time_mean": 0.006123940149943034,
    "imputation_time_std": 1.2166876944573822e-05,
    "missingness_rate": 0.05,
    "num_seeds": 3,
    "seeds": [
      42,
      50,
      100
    ]
  },
  "miss0.1_median": {
    "r2_mean": -170.42791255581938,
    "r2_std": 9.112176081497504,
    "rmse_mean": 0.7512415322655746,
    "rmse_std": 0.004193375090139184,
    "mae_mean": 0.67487258646797,
    "mae_std": 0.006527851380160071,
    "imputation_time_mean": 0.006797949473063151,
    "imputation_time_std": 0.0001224127658126153,
    "missingness_rate": 0.1,
    "num_seeds": 3,
    "seeds": [
      42,
      50,
      100
    ]
  }
}