{
  "miss0.01_zero": {
    "r2_mean": -0.0070778971307429535,
    "r2_std": 0.0002602274662406322,
    "rmse_mean": 0.05775315653312426,
    "rmse_std": 0.0018077679669470017,
    "mae_mean": 0.004842866372377817,
    "mae_std": 0.00022256186705935034,
    "imputation_time_mean": 0.00047135353088378906,
    "imputation_time_std": 3.740867788532423e-05,
    "missingness_rate": 0.01,
    "num_seeds": 3,
    "seeds": [
      42,
      50,
      100
    ]
  },
  "miss0.05_zero": {
    "r2_mean": -0.007404783230942513,
    "r2_std": 0.00013217912714140936,
    "rmse_mean": 0.058738525501030724,
    "rmse_std": 0.0008772385264431962,
    "mae_mean": 0.005036102866247758,
    "mae_std": 0.0001080425492273041,
    "imputation_time_mean": 0.00067901611328125,
    "imputation_time_std": 9.832177158490763e-06,
    "missingness_rate": 0.05,
    "num_seeds": 3,
    "seeds": [
      42,
      50,
      100
    ]
  },
  "miss0.1_zero": {
    "r2_mean": -0.007178670960347781,
    "r2_std": 8.661217505451642e-05,
    "rmse_mean": 0.05763482232882571,
    "rmse_std": 0.0012306447788894886,
    "mae_mean": 0.004866124386861606,
    "mae_std": 0.00012503340433614484,
    "imputation_time_mean": 0.000989834467569987,
    "imputation_time_std": 1.812643354017354e-05,
    "missingness_rate": 0.1,
    "num_seeds": 3,
    "seeds": [
      42,
      50,
      100
    ]
  }
}