{
  "seeds": [
    42,
    50,
    100
  ],
  "n_runs": 3,
  "r2_mean": -0.5315463542938232,
  "r2_std": 0.027225279031390697,
  "r2_values": [
    -0.5280916690826416,
    -0.5062133073806763,
    -0.5603340864181519
  ],
  "rmse_mean": 0.07039416533703569,
  "rmse_std": 0.0010164822889336086,
  "rmse_values": [
    0.07046009506968029,
    0.07137607790000262,
    0.06934632304142412
  ],
  "mse_mean": 0.004956027337660392,
  "mse_std": 0.0001430099520553228,
  "mse_values": [
    0.004964624997228384,
    0.005094544496387243,
    0.004808912519365549
  ],
  "mae_mean": 0.041673898696899414,
  "mae_std": 0.00035352633524112994,
  "mae_values": [
    0.04156088829040527,
    0.042070113122463226,
    0.04139069467782974
  ],
  "imputation_time_mean": 0.6741340160369873,
  "imputation_time_std": 0.018904461248871827,
  "imputation_time_values": [
    0.6806249618530273,
    0.652839183807373,
    0.6889379024505615
  ],
  "n_neighbors": 5,
  "weights": "distance",
  "metric": "euclidean"
}