{
  "seeds": [
    42,
    50,
    100
  ],
  "n_runs": 3,
  "r2_mean": -0.4222577015558879,
  "r2_std": 0.03428314309824686,
  "r2_values": [
    -0.4277130365371704,
    -0.38557398319244385,
    -0.4534860849380493
  ],
  "rmse_mean": 0.06782302972506343,
  "rmse_std": 0.001241291189177116,
  "rmse_values": [
    0.06814664711131513,
    0.06887045949345602,
    0.06645198257041916
  ],
  "mse_mean": 0.004600990563631058,
  "mse_std": 0.00016781607703112456,
  "mse_values": [
    0.004643965512514114,
    0.0047431401908397675,
    0.004415865987539291
  ],
  "mae_mean": 0.04146657511591911,
  "mae_std": 0.00019374714870462728,
  "mae_values": [
    0.0414535216987133,
    0.04166651889681816,
    0.041279684752225876
  ],
  "imputation_time_mean": 0.7744253476460775,
  "imputation_time_std": 0.01684556421114148,
  "imputation_time_values": [
    0.7549819946289062,
    0.7846369743347168,
    0.7836570739746094
  ],
  "n_neighbors": 10,
  "weights": "uniform",
  "metric": "manhattan"
}