{
  "seeds": [
    42,
    50,
    100
  ],
  "n_runs": 3,
  "r2_mean": -0.2647230625152588,
  "r2_std": 0.0343006185698137,
  "r2_values": [
    -0.2808988094329834,
    -0.2253255844116211,
    -0.2879447937011719
  ],
  "rmse_mean": 0.06722735247854984,
  "rmse_std": 0.002992316000915176,
  "rmse_values": [
    0.06888412970405912,
    0.0637730788781942,
    0.0690248488533962
  ],
  "mse_mean": 0.004525486224641402,
  "mse_std": 0.0003971744225772295,
  "mse_values": [
    0.00474502332508564,
    0.004067005589604378,
    0.00476442975923419
  ],
  "mae_mean": 0.0434834249317646,
  "mae_std": 0.00016155338099990826,
  "mae_values": [
    0.04333096742630005,
    0.04346655681729317,
    0.04365275055170059
  ],
  "imputation_time_mean": 0.14352178573608398,
  "imputation_time_std": 0.009977203715436362,
  "imputation_time_values": [
    0.15182900428771973,
    0.13245534896850586,
    0.14628100395202637
  ],
  "n_neighbors": 30,
  "weights": "distance",
  "metric": "euclidean"
}