{
  "seeds": [
    42,
    50,
    100
  ],
  "n_runs": 3,
  "r2_mean": -0.3724250793457031,
  "r2_std": 0.02346423875045368,
  "r2_values": [
    -0.37103748321533203,
    -0.3496854305267334,
    -0.39655232429504395
  ],
  "rmse_mean": 0.06663754683043929,
  "rmse_std": 0.000983923257475193,
  "rmse_values": [
    0.06674107122352917,
    0.06756561472203573,
    0.06560595454575299
  ],
  "mse_mean": 0.004441208050896724,
  "mse_std": 0.0001309824710671072,
  "mse_values": [
    0.004454370588064194,
    0.004565112292766571,
    0.004304141271859407
  ],
  "mae_mean": 0.04422722011804581,
  "mae_std": 0.00015238311745985922,
  "mae_values": [
    0.044231116771698,
    0.04437761753797531,
    0.04407292604446411
  ],
  "imputation_time_mean": 1.400790532430013,
  "imputation_time_std": 0.11310843892920414,
  "imputation_time_values": [
    1.444896936416626,
    1.4852008819580078,
    1.2722737789154053
  ],
  "n_neighbors": 300,
  "weights": "distance",
  "metric": "manhattan"
}