{
  "seeds": [
    42,
    50,
    100
  ],
  "n_runs": 3,
  "r2_mean": -0.34515051047007245,
  "r2_std": 0.018373517700781383,
  "r2_values": [
    -0.346471905708313,
    -0.326151967048645,
    -0.3628276586532593
  ],
  "rmse_mean": 0.0659744660402967,
  "rmse_std": 0.001092006717750894,
  "rmse_values": [
    0.06614045284883267,
    0.06697397665734094,
    0.06480896861471651
  ],
  "mse_mean": 0.004353425155083339,
  "mse_std": 0.0001438249166022834,
  "mse_values": [
    0.004374559503048658,
    0.004485513549298048,
    0.004200202412903309
  ],
  "mae_mean": 0.04559354856610298,
  "mae_std": 0.0002889369803216867,
  "mae_values": [
    0.04562254250049591,
    0.04586689546704292,
    0.04529120773077011
  ],
  "imputation_time_mean": 0.6033454736073812,
  "imputation_time_std": 0.04160665624538488,
  "imputation_time_values": [
    0.6489012241363525,
    0.5937819480895996,
    0.5673532485961914
  ],
  "n_neighbors": 50,
  "weights": "uniform",
  "metric": "cosine"
}