{
  "seeds": [
    42,
    50,
    100
  ],
  "n_runs": 3,
  "r2_mean": -0.3339817523956299,
  "r2_std": 0.013170077522305729,
  "r2_values": [
    -0.32001233100891113,
    -0.346171498298645,
    -0.3357614278793335
  ],
  "rmse_mean": 0.0690221147137406,
  "rmse_std": 0.0018952642457079156,
  "rmse_values": [
    0.0699279454862056,
    0.06684390818691752,
    0.07029449046809871
  ],
  "mse_mean": 0.004766447003930807,
  "mse_std": 0.0002596440401330657,
  "mse_values": [
    0.0048899175599217415,
    0.004468108061701059,
    0.0049413153901696205
  ],
  "mae_mean": 0.04513154303034147,
  "mae_std": 8.4370032574362e-05,
  "mae_values": [
    0.04509658366441727,
    0.04507027193903923,
    0.0452277734875679
  ],
  "imputation_time_mean": 0.7972756226857504,
  "imputation_time_std": 0.03230080108987145,
  "imputation_time_values": [
    0.789323091506958,
    0.8328099250793457,
    0.7696938514709473
  ],
  "n_neighbors": 400,
  "weights": "uniform",
  "metric": "manhattan"
}