{
  "seeds": [
    42,
    50,
    100
  ],
  "n_runs": 3,
  "r2_mean": -0.4172217845916748,
  "r2_std": 0.021079623348396997,
  "r2_values": [
    -0.4148259162902832,
    -0.39744246006011963,
    -0.4393969774246216
  ],
  "rmse_mean": 0.06771792908806977,
  "rmse_std": 0.0010752042159618692,
  "rmse_values": [
    0.067798489906567,
    0.06875058696778026,
    0.06660471038986207
  ],
  "mse_mean": 0.004586488629380862,
  "mse_std": 0.00014549347973679368,
  "mse_values": [
    0.0045966352336108685,
    0.004726643208414316,
    0.004436187446117401
  ],
  "mae_mean": 0.046900954097509384,
  "mae_std": 0.000263122229155729,
  "mae_values": [
    0.046883825212717056,
    0.047172222286462784,
    0.04664681479334831
  ],
  "imputation_time_mean": 0.8635209401448568,
  "imputation_time_std": 0.04888014906959995,
  "imputation_time_values": [
    0.9198288917541504,
    0.8387329578399658,
    0.8320009708404541
  ],
  "n_neighbors": 200,
  "weights": "uniform",
  "metric": "cosine"
}