{
  "seeds": [
    42,
    50,
    100
  ],
  "n_runs": 3,
  "r2_mean": -0.37534912427266437,
  "r2_std": 0.022921932591341725,
  "r2_values": [
    -0.37423276901245117,
    -0.3530057668685913,
    -0.3988088369369507
  ],
  "rmse_mean": 0.06670880118423925,
  "rmse_std": 0.000999419342665639,
  "rmse_values": [
    0.0668188000551,
    0.06764867068932376,
    0.06565893280829396
  ],
  "mse_mean": 0.004450730048120022,
  "mse_std": 0.0001331783764806718,
  "mse_values": [
    0.0044647520408034325,
    0.004576342646032572,
    0.004311095457524061
  ],
  "mae_mean": 0.044649278124173485,
  "mae_std": 0.00016714218435415643,
  "mae_values": [
    0.04464615136384964,
    0.0448179617524147,
    0.044483721256256104
  ],
  "imputation_time_mean": 0.8849685986836752,
  "imputation_time_std": 0.017308747549863956,
  "imputation_time_values": [
    0.8780767917633057,
    0.8721673488616943,
    0.9046616554260254
  ],
  "n_neighbors": 250,
  "weights": "uniform",
  "metric": "euclidean"
}