{
  "seeds": [
    42,
    50,
    100
  ],
  "n_runs": 3,
  "r2_mean": -0.3446513017018636,
  "r2_std": 0.03133144281020693,
  "r2_values": [
    -0.351955771446228,
    -0.3103128671646118,
    -0.371685266494751
  ],
  "rmse_mean": 0.06594762947268822,
  "rmse_std": 0.0012503923062102164,
  "rmse_values": [
    0.06631400559578567,
    0.06697390712861466,
    0.0645549756936643
  ],
  "mse_mean": 0.004350132153679927,
  "mse_std": 0.00016429392158606496,
  "mse_values": [
    0.004397547338157892,
    0.004485504236072302,
    0.0041673448868095875
  ],
  "mae_mean": 0.04346486181020737,
  "mae_std": 0.00020825406667402958,
  "mae_values": [
    0.04339170455932617,
    0.04369982331991196,
    0.04330305755138397
  ],
  "imputation_time_mean": 0.3965107599894206,
  "imputation_time_std": 0.04046116995317611,
  "imputation_time_values": [
    0.44299912452697754,
    0.36923789978027344,
    0.37729525566101074
  ],
  "n_neighbors": 50,
  "weights": "uniform",
  "metric": "euclidean"
}