{
  "seeds": [
    42,
    50,
    100
  ],
  "n_runs": 3,
  "r2_mean": -0.3632916609446208,
  "r2_std": 0.0334416515327394,
  "r2_values": [
    -0.36405909061431885,
    -0.3294728994369507,
    -0.3963429927825928
  ],
  "rmse_mean": 0.06640153132068534,
  "rmse_std": 0.0011785217336898475,
  "rmse_values": [
    0.0666101809488012,
    0.06746179333305757,
    0.06513261968019726
  ],
  "mse_mean": 0.0044100893040498095,
  "mse_std": 0.00015615565993774272,
  "mse_values": [
    0.004436916206032038,
    0.0045510935597121716,
    0.00424225814640522
  ],
  "mae_mean": 0.04415083055694898,
  "mae_std": 0.00022676003445829177,
  "mae_values": [
    0.04401141405105591,
    0.044412482529878616,
    0.044028595089912415
  ],
  "imputation_time_mean": 0.43100468317667645,
  "imputation_time_std": 0.026703511292744304,
  "imputation_time_values": [
    0.40232396125793457,
    0.43553996086120605,
    0.45515012741088867
  ],
  "n_neighbors": 125,
  "weights": "uniform",
  "metric": "euclidean"
}