{
  "seeds": [
    42,
    50,
    100
  ],
  "n_runs": 3,
  "r2_mean": -0.31522568066914874,
  "r2_std": 0.012513671430049342,
  "r2_values": [
    -0.3008613586425781,
    -0.3237649202346802,
    -0.321050763130188
  ],
  "rmse_mean": 0.06853681427483961,
  "rmse_std": 0.0019650670425786936,
  "rmse_values": [
    0.06941882404274674,
    0.06628527561356615,
    0.06990634316820596
  ],
  "mse_mean": 0.0046998692365984125,
  "mse_std": 0.0002672840548370978,
  "mse_values": [
    0.004818973131477833,
    0.004393737763166428,
    0.004886896815150976
  ],
  "mae_mean": 0.044320639222860336,
  "mae_std": 0.00013427693840206885,
  "mae_values": [
    0.04425882175564766,
    0.04422840476036072,
    0.04447469115257263
  ],
  "imputation_time_mean": 0.6944449742635092,
  "imputation_time_std": 0.012516725297730076,
  "imputation_time_values": [
    0.7085669040679932,
    0.6847200393676758,
    0.6900479793548584
  ],
  "n_neighbors": 200,
  "weights": "distance",
  "metric": "manhattan"
}