{
  "seeds": [
    42,
    50,
    100
  ],
  "n_runs": 3,
  "r2_mean": -0.3662400245666504,
  "r2_std": 0.03615966078282502,
  "r2_values": [
    -0.3716859817504883,
    -0.3276662826538086,
    -0.3993678092956543
  ],
  "rmse_mean": 0.06647173652298766,
  "rmse_std": 0.0011415178567508082,
  "rmse_values": [
    0.06679613994171638,
    0.06741594108336275,
    0.06520312854388383
  ],
  "mse_mean": 0.004419360465059678,
  "mse_std": 0.0001512477497282126,
  "mse_values": [
    0.0044617243111133575,
    0.0045449091121554375,
    0.004251447971910238
  ],
  "mae_mean": 0.041864536702632904,
  "mae_std": 0.00022866122180597272,
  "mae_values": [
    0.04180128499865532,
    0.04211816564202309,
    0.041674159467220306
  ],
  "imputation_time_mean": 0.7826000054677328,
  "imputation_time_std": 0.010053806021938606,
  "imputation_time_values": [
    0.7908320426940918,
    0.7855730056762695,
    0.7713949680328369
  ],
  "n_neighbors": 20,
  "weights": "uniform",
  "metric": "manhattan"
}