{
  "seeds": [
    42,
    50,
    100
  ],
  "n_runs": 3,
  "r2_mean": -0.293545921643575,
  "r2_std": 0.01468663121110608,
  "r2_values": [
    -0.2873091697692871,
    -0.2830069065093994,
    -0.3103216886520386
  ],
  "rmse_mean": 0.0679783414347064,
  "rmse_std": 0.002373782604757317,
  "rmse_values": [
    0.06905628275611991,
    0.06525685485530845,
    0.0696218866926908
  ],
  "mse_mean": 0.004624811466783285,
  "mse_std": 0.0003196869187391677,
  "mse_values": [
    0.004768770188093185,
    0.004258457105606794,
    0.004847207106649876
  ],
  "mae_mean": 0.04307379201054573,
  "mae_std": 0.00014458554920152234,
  "mae_values": [
    0.04311671108007431,
    0.04291260614991188,
    0.043192058801651
  ],
  "imputation_time_mean": 0.5780495007832845,
  "imputation_time_std": 0.008443420763746542,
  "imputation_time_values": [
    0.5738189220428467,
    0.5877718925476074,
    0.5725576877593994
  ],
  "n_neighbors": 50,
  "weights": "distance",
  "metric": "manhattan"
}