{
  "seeds": [
    42,
    50,
    100
  ],
  "n_runs": 3,
  "r2_mean": -0.30253541469573975,
  "r2_std": 0.010348230759269472,
  "r2_values": [
    -0.29178059101104736,
    -0.30340325832366943,
    -0.31242239475250244
  ],
  "rmse_mean": 0.0682090984414979,
  "rmse_std": 0.00212413522476961,
  "rmse_values": [
    0.06917611022415188,
    0.06577351247695074,
    0.06967767262339111
  ],
  "mse_mean": 0.00465548907717069,
  "mse_std": 0.0002873295923891515,
  "mse_values": [
    0.004785334225744009,
    0.0043261549435555935,
    0.004854978062212467
  ],
  "mae_mean": 0.04384605338176092,
  "mae_std": 0.00016379527999953698,
  "mae_values": [
    0.043779995292425156,
    0.04372560232877731,
    0.044032562524080276
  ],
  "imputation_time_mean": 0.6494613488515218,
  "imputation_time_std": 0.02140416745121175,
  "imputation_time_values": [
    0.6443042755126953,
    0.6311068534851074,
    0.6729729175567627
  ],
  "n_neighbors": 125,
  "weights": "distance",
  "metric": "manhattan"
}