{
  "seeds": [
    42,
    50,
    100
  ],
  "n_runs": 3,
  "r2_mean": -0.3118257125218709,
  "r2_std": 0.017203105123943907,
  "r2_values": [
    -0.30764222145080566,
    -0.2971001863479614,
    -0.3307347297668457
  ],
  "rmse_mean": 0.06515248419723817,
  "rmse_std": 0.0010977434736630313,
  "rmse_values": [
    0.06517978885665159,
    0.06623632062631239,
    0.06404134310875052
  ],
  "mse_mean": 0.004245649557560682,
  "mse_std": 0.00014299818161321397,
  "mse_values": [
    0.004248404875397682,
    0.004387250170111656,
    0.0041012936271727085
  ],
  "mae_mean": 0.04455856109658877,
  "mae_std": 0.0002478156731061615,
  "mae_values": [
    0.044539742171764374,
    0.04481524974107742,
    0.044320691376924515
  ],
  "imputation_time_mean": 0.5855112870534261,
  "imputation_time_std": 0.032110014675235644,
  "imputation_time_values": [
    0.611807107925415,
    0.5950007438659668,
    0.5497260093688965
  ],
  "n_neighbors": 20,
  "weights": "distance",
  "metric": "cosine"
}