{
  "seeds": [
    42,
    50,
    100
  ],
  "n_runs": 3,
  "r2_mean": -0.6928358475367228,
  "r2_std": 0.03445188064709259,
  "r2_values": [
    -0.6605037450790405,
    -0.6889293193817139,
    -0.7290744781494141
  ],
  "rmse_mean": 0.07775942896501307,
  "rmse_std": 0.0026177549921236,
  "rmse_values": [
    0.07842990563490836,
    0.07487164543455319,
    0.07997673582557767
  ],
  "mse_mean": 0.006051097220430772,
  "mse_std": 0.0004046621230478394,
  "mse_values": [
    0.006151250097900629,
    0.005605763290077448,
    0.006396278273314238
  ],
  "mae_mean": 0.041035828491051994,
  "mae_std": 0.0006055335781334499,
  "mae_values": [
    0.04055206477642059,
    0.040840502828359604,
    0.04171491786837578
  ],
  "imputation_time_mean": 0.5172920227050781,
  "imputation_time_std": 0.011423427203519621,
  "imputation_time_values": [
    0.52935791015625,
    0.5158748626708984,
    0.5066432952880859
  ],
  "n_neighbors": 3,
  "weights": "distance",
  "metric": "manhattan"
}