{
  "seeds": [
    42,
    50,
    100
  ],
  "n_runs": 3,
  "r2_mean": -0.4219830830891927,
  "r2_std": 0.034868754500249594,
  "r2_values": [
    -0.41982924938201904,
    -0.388241171836853,
    -0.45787882804870605
  ],
  "rmse_mean": 0.06781575695905397,
  "rmse_std": 0.00119856609479499,
  "rmse_values": [
    0.06795823383095,
    0.068936716467796,
    0.06655232057841592
  ],
  "mse_mean": 0.004599934599051873,
  "mse_std": 0.00016231272428709705,
  "mse_values": [
    0.004618321545422077,
    0.004752270877361298,
    0.004429211374372244
  ],
  "mae_mean": 0.046968284994363785,
  "mae_std": 0.0002901539831448752,
  "mae_values": [
    0.046903159469366074,
    0.04728546738624573,
    0.04671622812747955
  ],
  "imputation_time_mean": 0.5171399911244711,
  "imputation_time_std": 0.016978221824552865,
  "imputation_time_values": [
    0.5361528396606445,
    0.5117740631103516,
    0.503493070602417
  ],
  "n_neighbors": 250,
  "weights": "distance",
  "metric": "cosine"
}