{
  "seeds": [
    42,
    50,
    100
  ],
  "n_runs": 3,
  "r2_mean": -0.35439860820770264,
  "r2_std": 0.0348174305695426,
  "r2_values": [
    -0.3614107370376587,
    -0.3166087865829468,
    -0.38517630100250244
  ],
  "rmse_mean": 0.06618392214875603,
  "rmse_std": 0.0011740062420622852,
  "rmse_values": [
    0.06654548773491807,
    0.06713461776977697,
    0.06487166094157305
  ],
  "mse_mean": 0.0043812304114302,
  "mse_std": 0.0001548253197535134,
  "mse_values": [
    0.004428301937878132,
    0.004507056903094053,
    0.004208332393318415
  ],
  "mae_mean": 0.04218809927503268,
  "mae_std": 0.0001860954301517914,
  "mae_values": [
    0.04221285507082939,
    0.0423605777323246,
    0.041990865021944046
  ],
  "imputation_time_mean": 0.7624320189158121,
  "imputation_time_std": 0.005557216627956885,
  "imputation_time_values": [
    0.766308069229126,
    0.7649228572845459,
    0.7560651302337646
  ],
  "n_neighbors": 30,
  "weights": "uniform",
  "metric": "manhattan"
}