{
  "seeds": [
    42,
    50,
    100
  ],
  "n_runs": 3,
  "r2_mean": -0.3577431042989095,
  "r2_std": 0.03197327539763351,
  "r2_values": [
    -0.3597135543823242,
    -0.32483017444610596,
    -0.38868558406829834
  ],
  "rmse_mean": 0.0662672250918017,
  "rmse_std": 0.001212519625045107,
  "rmse_values": [
    0.0665039927948376,
    0.06734389757042844,
    0.06495378491013909
  ],
  "mse_mean": 0.004392325257261594,
  "mse_std": 0.00016028812582379403,
  "mse_values": [
    0.004422781057655811,
    0.004535200539976358,
    0.004218994174152613
  ],
  "mae_mean": 0.04396500065922737,
  "mae_std": 0.00024320366874728557,
  "mae_values": [
    0.04383173584938049,
    0.04424570873379707,
    0.04381755739450455
  ],
  "imputation_time_mean": 0.44303258260091144,
  "imputation_time_std": 0.034537057195828925,
  "imputation_time_values": [
    0.4829099178314209,
    0.4226977825164795,
    0.423490047454834
  ],
  "n_neighbors": 100,
  "weights": "uniform",
  "metric": "euclidean"
}