{
  "seeds": [
    42,
    50,
    100
  ],
  "n_runs": 3,
  "r2_mean": -0.5959935585657755,
  "r2_std": 0.020124512816258395,
  "r2_values": [
    -0.5862196683883667,
    -0.5826226472854614,
    -0.6191383600234985
  ],
  "rmse_mean": 0.07186426834960545,
  "rmse_std": 0.0012633157206763325,
  "rmse_values": [
    0.07178772312815784,
    0.0731641162580872,
    0.07064096566257126
  ],
  "mse_mean": 0.005165537043164174,
  "mse_std": 0.00018172131722017616,
  "mse_values": [
    0.005153477191925049,
    0.0053529879078269005,
    0.004990146029740572
  ],
  "mae_mean": 0.040818892419338226,
  "mae_std": 0.0002761315672172331,
  "mae_values": [
    0.040675483644008636,
    0.041137222200632095,
    0.04064397141337395
  ],
  "imputation_time_mean": 1.0021068255106609,
  "imputation_time_std": 0.010378142900361891,
  "imputation_time_values": [
    0.9912290573120117,
    1.0119001865386963,
    1.0031912326812744
  ],
  "n_neighbors": 5,
  "weights": "uniform",
  "metric": "manhattan"
}