{
  "seeds": [
    42,
    50,
    100
  ],
  "n_runs": 3,
  "r2_mean": -0.3565734624862671,
  "r2_std": 0.033011567316637284,
  "r2_values": [
    -0.355945348739624,
    -0.3238804340362549,
    -0.38989460468292236
  ],
  "rmse_mean": 0.06623786227976496,
  "rmse_std": 0.0011785143165292727,
  "rmse_values": [
    0.0664117789771708,
    0.06731975410582228,
    0.0649820537563018
  ],
  "mse_mean": 0.004388380330055952,
  "mse_std": 0.0001558255614861403,
  "mse_values": [
    0.004410524386912584,
    0.004531949292868376,
    0.004222667310386896
  ],
  "mae_mean": 0.04315643881758054,
  "mae_std": 0.00017761033302564382,
  "mae_values": [
    0.04314994439482689,
    0.04333720728754997,
    0.04298216477036476
  ],
  "imputation_time_mean": 0.8658530712127686,
  "imputation_time_std": 0.00866524494205025,
  "imputation_time_values": [
    0.8750569820404053,
    0.8646500110626221,
    0.8578522205352783
  ],
  "n_neighbors": 100,
  "weights": "distance",
  "metric": "manhattan"
}