{
  "seeds": [
    42,
    50,
    100
  ],
  "n_runs": 3,
  "r2_mean": -0.3864840269088745,
  "r2_std": 0.034156605898445165,
  "r2_values": [
    -0.386785626411438,
    -0.35217761993408203,
    -0.4204888343811035
  ],
  "rmse_mean": 0.06696384761662864,
  "rmse_std": 0.0011836362066996642,
  "rmse_values": [
    0.067162783367955,
    0.0680354105240551,
    0.06569334895787582
  ],
  "mse_mean": 0.004485090884069602,
  "mse_std": 0.00015818014081801608,
  "mse_values": [
    0.004510839469730854,
    0.004628817085176706,
    0.004315616097301245
  ],
  "mae_mean": 0.046390571941932045,
  "mae_std": 0.0002472819027994304,
  "mae_values": [
    0.04635443538427353,
    0.04665393382310867,
    0.046163346618413925
  ],
  "imputation_time_mean": 0.4327994187672933,
  "imputation_time_std": 0.01136340594181659,
  "imputation_time_values": [
    0.4222099781036377,
    0.44480419158935547,
    0.4313840866088867
  ],
  "n_neighbors": 125,
  "weights": "distance",
  "metric": "cosine"
}