{
  "seeds": [
    42,
    50,
    100
  ],
  "n_runs": 3,
  "r2_mean": -0.3572885990142822,
  "r2_std": 0.03300803947182191,
  "r2_values": [
    -0.3565715551376343,
    -0.32464492321014404,
    -0.39064931869506836
  ],
  "rmse_mean": 0.06625533147185259,
  "rmse_std": 0.0011791691814014274,
  "rmse_values": [
    0.06642711185489904,
    0.06733918851087416,
    0.06499969404978456
  ],
  "mse_mean": 0.004390695908417304,
  "mse_std": 0.00015595688346718446,
  "mse_values": [
    0.004412561189383268,
    0.004534566309303045,
    0.0042249602265655994
  ],
  "mae_mean": 0.04317438850800196,
  "mae_std": 0.0001779336831951197,
  "mae_values": [
    0.04316771402955055,
    0.04335556551814079,
    0.042999885976314545
  ],
  "imputation_time_mean": 0.8737031618754069,
  "imputation_time_std": 0.04496985592928569,
  "imputation_time_values": [
    0.9253852367401123,
    0.852222204208374,
    0.8435020446777344
  ],
  "n_neighbors": 100,
  "weights": "uniform",
  "metric": "manhattan"
}