{
  "seeds": [
    42,
    50,
    100
  ],
  "n_runs": 3,
  "r2_mean": -0.3420395056406657,
  "r2_std": 0.03390888975879885,
  "r2_values": [
    -0.35121119022369385,
    -0.3044881820678711,
    -0.37041914463043213
  ],
  "rmse_mean": 0.06588193328795013,
  "rmse_std": 0.001204403764334077,
  "rmse_values": [
    0.0662957386876511,
    0.06682488372912497,
    0.0645251774470743
  ],
  "mse_mean": 0.004341396192709605,
  "mse_std": 0.00015803840601468145,
  "mse_values": [
    0.004395124968141317,
    0.004465565085411072,
    0.0041634985245764256
  ],
  "mae_mean": 0.042791916678349175,
  "mae_std": 0.00015496038681715098,
  "mae_values": [
    0.042748719453811646,
    0.042963892221450806,
    0.04266313835978508
  ],
  "imputation_time_mean": 0.3401295344034831,
  "imputation_time_std": 0.015162671750898062,
  "imputation_time_values": [
    0.34367799758911133,
    0.32350730895996094,
    0.35320329666137695
  ],
  "n_neighbors": 20,
  "weights": "uniform",
  "metric": "euclidean"
}