{
  "seeds": [
    42,
    50,
    100
  ],
  "n_runs": 3,
  "r2_mean": -0.31604862213134766,
  "r2_std": 0.012612488145590585,
  "r2_values": [
    -0.30159902572631836,
    -0.3248487710952759,
    -0.32169806957244873
  ],
  "rmse_mean": 0.0685581269953492,
  "rmse_std": 0.001959907396310932,
  "rmse_values": [
    0.0694385058708282,
    0.06631240805665382,
    0.06992346705856563
  ],
  "mse_mean": 0.004702777601778507,
  "mse_std": 0.0002666704211089181,
  "mse_values": [
    0.004821706097573042,
    0.004397335462272167,
    0.004889291245490313
  ],
  "mae_mean": 0.04434221858779589,
  "mae_std": 0.00013370585351474192,
  "mae_values": [
    0.04428026080131531,
    0.0442507304251194,
    0.04449566453695297
  ],
  "imputation_time_mean": 0.6964266300201416,
  "imputation_time_std": 0.02635437400681338,
  "imputation_time_values": [
    0.6673569679260254,
    0.7031660079956055,
    0.718756914138794
  ],
  "n_neighbors": 200,
  "weights": "uniform",
  "metric": "manhattan"
}