{
  "seeds": [
    42,
    50,
    100
  ],
  "n_runs": 3,
  "r2_mean": -0.35088229179382324,
  "r2_std": 0.019828084965703034,
  "r2_values": [
    -0.3495519161224365,
    -0.3317528963088989,
    -0.3713420629501343
  ],
  "rmse_mean": 0.06611414150770009,
  "rmse_std": 0.0010557729606499632,
  "rmse_values": [
    0.06621605971448997,
    0.06711525942324584,
    0.06501110538536445
  ],
  "mse_mean": 0.004371822811663151,
  "mse_std": 0.0001394445395474532,
  "mse_values": [
    0.004384566564112902,
    0.004504458047449589,
    0.004226443823426962
  ],
  "mae_mean": 0.043761043498913445,
  "mae_std": 0.00020203738368616155,
  "mae_values": [
    0.043738074600696564,
    0.04397358372807503,
    0.04357147216796875
  ],
  "imputation_time_mean": 0.7454289595286051,
  "imputation_time_std": 0.017494764009655567,
  "imputation_time_values": [
    0.7599139213562012,
    0.7503809928894043,
    0.72599196434021
  ],
  "n_neighbors": 100,
  "weights": "uniform",
  "metric": "euclidean"
}