{
  "seeds": [
    42,
    50,
    100
  ],
  "n_runs": 3,
  "r2_mean": -0.36623986562093097,
  "r2_std": 0.03615960617587018,
  "r2_values": [
    -0.37168586254119873,
    -0.32766616344451904,
    -0.3993675708770752
  ],
  "rmse_mean": 0.06647173301959268,
  "rmse_std": 0.0011415179173253544,
  "rmse_values": [
    0.06679613645602618,
    0.06741593762971891,
    0.06520312497303293
  ],
  "mse_mean": 0.004419359999398391,
  "mse_std": 0.0001512477497282126,
  "mse_values": [
    0.00446172384545207,
    0.00454490864649415,
    0.004251447506248951
  ],
  "mae_mean": 0.04186453794439634,
  "mae_std": 0.00022866070657519405,
  "mae_values": [
    0.04180128872394562,
    0.04211816564202309,
    0.041674159467220306
  ],
  "imputation_time_mean": 0.7993373870849609,
  "imputation_time_std": 0.026403160392644294,
  "imputation_time_values": [
    0.7779090404510498,
    0.7912700176239014,
    0.8288331031799316
  ],
  "n_neighbors": 20,
  "weights": "uniform",
  "metric": "manhattan"
}