{
  "seeds": [
    42,
    50,
    100
  ],
  "n_runs": 3,
  "r2_mean": -0.819639523824056,
  "r2_std": 0.044338266841463046,
  "r2_values": [
    -0.8079222440719604,
    -0.7823367118835449,
    -0.8686596155166626
  ],
  "rmse_mean": 0.07672434267267338,
  "rmse_std": 0.0008800984986797458,
  "rmse_values": [
    0.07664050925632024,
    0.07764335819860384,
    0.07588916056309607
  ],
  "mse_mean": 0.005887141140798728,
  "mse_std": 0.00013516032124010356,
  "mse_values": [
    0.005873767659068108,
    0.006028491072356701,
    0.0057591646909713745
  ],
  "mae_mean": 0.04158723478515943,
  "mae_std": 0.00041761687798466305,
  "mae_values": [
    0.04138733074069023,
    0.04206722974777222,
    0.04130714386701584
  ],
  "imputation_time_mean": 0.5995316505432129,
  "imputation_time_std": 0.010147964499754723,
  "imputation_time_values": [
    0.5889427661895752,
    0.6004800796508789,
    0.6091721057891846
  ],
  "n_neighbors": 3,
  "weights": "uniform",
  "metric": "euclidean"
}