{
  "seeds": [
    42,
    50,
    100
  ],
  "n_runs": 3,
  "r2_mean": -0.34613903363545734,
  "r2_std": 0.021127523174228755,
  "r2_values": [
    -0.3428703546524048,
    -0.32683634757995605,
    -0.36871039867401123
  ],
  "rmse_mean": 0.06599729576885888,
  "rmse_std": 0.0010223762752451012,
  "rmse_values": [
    0.06605193688470604,
    0.06699125578429811,
    0.06494869463757248
  ],
  "mse_mean": 0.004356339884301026,
  "mse_std": 0.00013486590682769057,
  "mse_values": [
    0.0043628583662211895,
    0.004487828351557255,
    0.004218332935124636
  ],
  "mae_mean": 0.04400039960940679,
  "mae_std": 0.00031387996929862355,
  "mae_values": [
    0.043937183916568756,
    0.0443410761654377,
    0.04372293874621391
  ],
  "imputation_time_mean": 0.6859986782073975,
  "imputation_time_std": 0.012795815928035576,
  "imputation_time_values": [
    0.6918280124664307,
    0.6713261604309082,
    0.6948418617248535
  ],
  "n_neighbors": 10,
  "weights": "distance",
  "metric": "cosine"
}