{
  "seeds": [
    42,
    50,
    100
  ],
  "n_runs": 3,
  "r2_mean": -0.768202543258667,
  "r2_std": 0.06377448320142126,
  "r2_values": [
    -0.7835875749588013,
    -0.6981428861618042,
    -0.8228771686553955
  ],
  "rmse_mean": 0.07561008252243555,
  "rmse_std": 0.0010325981150160484,
  "rmse_values": [
    0.07616776981050956,
    0.07624392586399394,
    0.07441855189280316
  ],
  "mse_mean": 0.0057175954182942705,
  "mse_std": 0.00015553783229885825,
  "mse_values": [
    0.005801529157906771,
    0.005813136231154203,
    0.005538120865821838
  ],
  "mae_mean": 0.04302201295892397,
  "mae_std": 0.00038240011698475595,
  "mae_values": [
    0.043131787329912186,
    0.04333752021193504,
    0.0425967313349247
  ],
  "imputation_time_mean": 0.36909015973409015,
  "imputation_time_std": 0.03815348481482284,
  "imputation_time_values": [
    0.4129626750946045,
    0.3436768054962158,
    0.3506309986114502
  ],
  "n_neighbors": 3,
  "weights": "uniform",
  "metric": "cosine"
}