{
  "seeds": [
    42,
    50,
    100
  ],
  "n_runs": 3,
  "r2_mean": -0.3826046784718831,
  "r2_std": 0.03482678830763539,
  "r2_values": [
    -0.379557728767395,
    -0.34940147399902344,
    -0.41885483264923096
  ],
  "rmse_mean": 0.06686953924118488,
  "rmse_std": 0.001159499809132234,
  "rmse_values": [
    0.06698752642840287,
    0.06796553442462827,
    0.06565555687052349
  ],
  "mse_mean": 0.004472431571533282,
  "mse_std": 0.00015486916369238205,
  "mse_values": [
    0.004487328696995974,
    0.00461931386962533,
    0.004310652147978544
  ],
  "mae_mean": 0.044343272844950356,
  "mae_std": 0.00019674746257838428,
  "mae_values": [
    0.0442764051258564,
    0.04456473886966705,
    0.04418867453932762
  ],
  "imputation_time_mean": 1.1030123233795166,
  "imputation_time_std": 0.040589175929185595,
  "imputation_time_values": [
    1.082230806350708,
    1.1497840881347656,
    1.0770220756530762
  ],
  "n_neighbors": 300,
  "weights": "uniform",
  "metric": "manhattan"
}