{
  "seeds": [
    42,
    50,
    100
  ],
  "n_runs": 3,
  "r2_mean": -0.3407314618428548,
  "r2_std": 0.017444810490365892,
  "r2_values": [
    -0.34062159061431885,
    -0.32334184646606445,
    -0.35823094844818115
  ],
  "rmse_mean": 0.06586638822522989,
  "rmse_std": 0.0011074560429857406,
  "rmse_values": [
    0.06599660703872079,
    0.06690297804359327,
    0.0646995795933756
  ],
  "mse_mean": 0.0043391987370948,
  "mse_std": 0.0001456764974620141,
  "mse_values": [
    0.004355552140623331,
    0.0044760084711015224,
    0.0041860355995595455
  ],
  "mae_mean": 0.04289274662733078,
  "mae_std": 0.0002809544274071858,
  "mae_values": [
    0.042854420840740204,
    0.04319089651107788,
    0.042632922530174255
  ],
  "imputation_time_mean": 0.6917429765065511,
  "imputation_time_std": 0.010119211159833238,
  "imputation_time_values": [
    0.6918940544128418,
    0.681549072265625,
    0.7017858028411865
  ],
  "n_neighbors": 30,
  "weights": "uniform",
  "metric": "euclidean"
}