{
  "seeds": [
    42,
    50,
    100
  ],
  "n_runs": 3,
  "r2_mean": -0.34256549676259357,
  "r2_std": 0.029692072256999463,
  "r2_values": [
    -0.3441336154937744,
    -0.3121204376220703,
    -0.37144243717193604
  ],
  "rmse_mean": 0.06589707884288322,
  "rmse_std": 0.001250658545270694,
  "rmse_values": [
    0.06612188798787196,
    0.06702008611795457,
    0.06454926242282318
  ],
  "mse_mean": 0.004343467764556408,
  "mse_std": 0.0001644233505884645,
  "mse_values": [
    0.004372104071080685,
    0.004491691943258047,
    0.004166607279330492
  ],
  "mae_mean": 0.04548686618606249,
  "mae_std": 0.000281361665872528,
  "mae_values": [
    0.045520443469285965,
    0.045749932527542114,
    0.045190222561359406
  ],
  "imputation_time_mean": 0.3518473307291667,
  "imputation_time_std": 0.013294965889363956,
  "imputation_time_values": [
    0.3545200824737549,
    0.3374190330505371,
    0.363602876663208
  ],
  "n_neighbors": 50,
  "weights": "uniform",
  "metric": "cosine"
}