{
  "seeds": [
    42,
    50,
    100
  ],
  "n_runs": 3,
  "r2_mean": -0.4802522659301758,
  "r2_std": 0.04721646553662359,
  "r2_values": [
    -0.4816049337387085,
    -0.4323740005493164,
    -0.5267778635025024
  ],
  "rmse_mean": 0.06918386636826442,
  "rmse_std": 0.0009802924358543227,
  "rmse_values": [
    0.06942090013688007,
    0.07002390803939026,
    0.06810679092852291
  ],
  "mse_mean": 0.004787048014501731,
  "mse_std": 0.00013531341588340242,
  "mse_values": [
    0.004819261375814676,
    0.004903347697108984,
    0.0046385349705815315
  ],
  "mae_mean": 0.04331387827793757,
  "mae_std": 0.00033109124383509826,
  "mae_values": [
    0.043406739830970764,
    0.04358862340450287,
    0.04294627159833908
  ],
  "imputation_time_mean": 0.3211700916290283,
  "imputation_time_std": 0.01004860856074296,
  "imputation_time_values": [
    0.32837605476379395,
    0.3096911907196045,
    0.3254430294036865
  ],
  "n_neighbors": 5,
  "weights": "distance",
  "metric": "cosine"
}