{
  "seeds": [
    42,
    50,
    100
  ],
  "n_runs": 3,
  "r2_mean": -0.4518959124883016,
  "r2_std": 0.025202725926394616,
  "r2_values": [
    -0.4238893985748291,
    -0.4590505361557007,
    -0.472747802734375
  ],
  "rmse_mean": 0.0720094257070686,
  "rmse_std": 0.0021772738017422507,
  "rmse_values": [
    0.07262729983229706,
    0.06958999228535233,
    0.07381098500355644
  ],
  "mse_mean": 0.005188517738133669,
  "mse_std": 0.0003117195532811025,
  "mse_values": [
    0.005274724680930376,
    0.004842767026275396,
    0.005448061507195234
  ],
  "mae_mean": 0.041316760083039604,
  "mae_std": 0.0005052763882123604,
  "mae_values": [
    0.04075174406170845,
    0.04147328436374664,
    0.04172525182366371
  ],
  "imputation_time_mean": 0.5252814292907715,
  "imputation_time_std": 0.038573353925509445,
  "imputation_time_values": [
    0.5697762966156006,
    0.5012850761413574,
    0.5047829151153564
  ],
  "n_neighbors": 5,
  "weights": "uniform",
  "metric": "manhattan"
}