{
  "seeds": [
    42,
    50,
    100
  ],
  "n_runs": 3,
  "r2_mean": -0.25892388820648193,
  "r2_std": 0.04693315561516845,
  "r2_values": [
    -0.2860407829284668,
    -0.20473015308380127,
    -0.28600072860717773
  ],
  "rmse_mean": 0.06707661498327626,
  "rmse_std": 0.003327153247305249,
  "rmse_values": [
    0.06902225485815608,
    0.06323485572284394,
    0.06897273436882874
  ],
  "mse_mean": 0.004506652243435383,
  "mse_std": 0.0004399587327400648,
  "mse_values": [
    0.00476407166570425,
    0.003998646978288889,
    0.004757238086313009
  ],
  "mae_mean": 0.043138631929953895,
  "mae_std": 0.00016457369762935513,
  "mae_values": [
    0.043091464787721634,
    0.043002791702747345,
    0.0433216392993927
  ],
  "imputation_time_mean": 0.1354524294535319,
  "imputation_time_std": 0.003139026765964935,
  "imputation_time_values": [
    0.13416099548339844,
    0.13903117179870605,
    0.1331651210784912
  ],
  "n_neighbors": 20,
  "weights": "distance",
  "metric": "euclidean"
}