{
  "seeds": [
    42,
    50,
    100
  ],
  "n_runs": 3,
  "r2_mean": -0.3389064073562622,
  "r2_std": 0.016910714314413253,
  "r2_values": [
    -0.3402230739593506,
    -0.32137584686279297,
    -0.35512030124664307
  ],
  "rmse_mean": 0.06582183681767244,
  "rmse_std": 0.0011230291587796207,
  "rmse_values": [
    0.06598679516830112,
    0.06685326340515299,
    0.06462545187956321
  ],
  "mse_mean": 0.004333354998379946,
  "mse_std": 0.00014756934597641894,
  "mse_values": [
    0.004354257136583328,
    0.004469358827918768,
    0.004176449030637741
  ],
  "mae_mean": 0.04324836656451225,
  "mae_std": 0.0002559478067740191,
  "mae_values": [
    0.04321378469467163,
    0.043519847095012665,
    0.04301146790385246
  ],
  "imputation_time_mean": 0.5447279612223307,
  "imputation_time_std": 0.04297054224948175,
  "imputation_time_values": [
    0.5894718170166016,
    0.5409290790557861,
    0.5037829875946045
  ],
  "n_neighbors": 50,
  "weights": "distance",
  "metric": "euclidean"
}