{
  "seeds": [
    42,
    50,
    100
  ],
  "n_runs": 3,
  "r2_mean": -0.305252472559611,
  "r2_std": 0.005761858496628374,
  "r2_values": [
    -0.3024064302444458,
    -0.3014674186706543,
    -0.3118835687637329
  ],
  "rmse_mean": 0.06828268650970853,
  "rmse_std": 0.0022176553032576597,
  "rmse_values": [
    0.06946003915937148,
    0.06572465100031587,
    0.06966336936943827
  ],
  "mse_mean": 0.004665803940345843,
  "mse_std": 0.0003000426003071955,
  "mse_values": [
    0.0048246970400214195,
    0.004319729749113321,
    0.00485298503190279
  ],
  "mae_mean": 0.04469643905758858,
  "mae_std": 7.850177811692777e-05,
  "mae_values": [
    0.04469608515501022,
    0.044618114829063416,
    0.04477511718869209
  ],
  "imputation_time_mean": 0.1914370059967041,
  "imputation_time_std": 0.009473740223333155,
  "imputation_time_values": [
    0.18456816673278809,
    0.20224475860595703,
    0.1874980926513672
  ],
  "n_neighbors": 125,
  "weights": "uniform",
  "metric": "euclidean"
}