{
  "seeds": [
    42,
    50,
    100
  ],
  "n_runs": 3,
  "r2_mean": -0.39136815071105957,
  "r2_std": 0.02440338267328701,
  "r2_values": [
    -0.3898845911026001,
    -0.3677403926849365,
    -0.4164794683456421
  ],
  "rmse_mean": 0.06709554105964015,
  "rmse_std": 0.0009758963748713014,
  "rmse_values": [
    0.06719823795829778,
    0.06801602785598908,
    0.06607235736463359
  ],
  "mse_mean": 0.004502446545908849,
  "mse_std": 0.00013080899424526953,
  "mse_values": [
    0.004515603184700012,
    0.004626180045306683,
    0.0043655564077198505
  ],
  "mae_mean": 0.04520695159832636,
  "mae_std": 0.0001776761021113402,
  "mae_values": [
    0.04521441459655762,
    0.04538077861070633,
    0.04502566158771515
  ],
  "imputation_time_mean": 0.9644169012705485,
  "imputation_time_std": 0.04671256979578146,
  "imputation_time_values": [
    0.9890639781951904,
    0.9936439990997314,
    0.9105427265167236
  ],
  "n_neighbors": 400,
  "weights": "uniform",
  "metric": "euclidean"
}