{
  "seeds": [
    42,
    50,
    100
  ],
  "n_runs": 3,
  "r2_mean": -0.3446245988210042,
  "r2_std": 0.013603891142979012,
  "r2_values": [
    -0.32891619205474854,
    -0.3524608612060547,
    -0.3524967432022095
  ],
  "rmse_mean": 0.06929890900424036,
  "rmse_std": 0.002011322233120273,
  "rmse_values": [
    0.07016338656709092,
    0.06699987456368689,
    0.07073346588194329
  ],
  "mse_mean": 0.004805035733928283,
  "mse_std": 0.00027664025083977276,
  "mse_values": [
    0.004922900814563036,
    0.004488983191549778,
    0.005003223195672035
  ],
  "mae_mean": 0.04710664848486582,
  "mae_std": 2.1529574361255226e-05,
  "mae_values": [
    0.04708407074213028,
    0.04710892587900162,
    0.047126948833465576
  ],
  "imputation_time_mean": 0.2223482926686605,
  "imputation_time_std": 0.024865645340780722,
  "imputation_time_values": [
    0.19408392906188965,
    0.23210501670837402,
    0.24085593223571777
  ],
  "n_neighbors": 200,
  "weights": "distance",
  "metric": "cosine"
}