{
  "seeds": [
    42,
    50,
    100
  ],
  "n_runs": 3,
  "r2_mean": -0.424044926961263,
  "r2_std": 0.02230148428974297,
  "r2_values": [
    -0.4211965799331665,
    -0.40330445766448975,
    -0.4476337432861328
  ],
  "rmse_mean": 0.06788020033119772,
  "rmse_std": 0.0010516004612248725,
  "rmse_values": [
    0.06795095986451644,
    0.06889463404624915,
    0.06679500708282755
  ],
  "mse_mean": 0.004608458839356899,
  "mse_std": 0.000142655974674084,
  "mse_values": [
    0.004617332946509123,
    0.004746470600366592,
    0.0044615729711949825
  ],
  "mae_mean": 0.047070941577355065,
  "mae_std": 0.0002546344804516934,
  "mae_values": [
    0.047051478177309036,
    0.04733474925160408,
    0.046826597303152084
  ],
  "imputation_time_mean": 0.9161733786265055,
  "imputation_time_std": 0.040496586474094216,
  "imputation_time_values": [
    0.8916223049163818,
    0.9629149436950684,
    0.8939828872680664
  ],
  "n_neighbors": 300,
  "weights": "distance",
  "metric": "cosine"
}