{
  "seeds": [
    42,
    50,
    100
  ],
  "n_runs": 3,
  "r2_mean": -0.32075409094492596,
  "r2_std": 0.011953394643191062,
  "r2_values": [
    -0.30811643600463867,
    -0.3222665786743164,
    -0.33187925815582275
  ],
  "rmse_mean": 0.0686840508550085,
  "rmse_std": 0.0021297428791914427,
  "rmse_values": [
    0.06961213761979568,
    0.06624775090988358,
    0.07019226403534624
  ],
  "mse_mean": 0.004720522711674373,
  "mse_std": 0.00029015876143571775,
  "mse_values": [
    0.004845849703997374,
    0.004388764500617981,
    0.0049269539304077625
  ],
  "mae_mean": 0.046686449398597084,
  "mae_std": 8.595866490508662e-05,
  "mae_values": [
    0.04665394499897957,
    0.04662148281931877,
    0.046783920377492905
  ],
  "imputation_time_mean": 0.18201843897501627,
  "imputation_time_std": 0.015827851935847206,
  "imputation_time_values": [
    0.19823312759399414,
    0.1812140941619873,
    0.16660809516906738
  ],
  "n_neighbors": 125,
  "weights": "distance",
  "metric": "cosine"
}