{
  "seeds": [
    42,
    50,
    100
  ],
  "n_runs": 3,
  "r2_mean": -0.35355575879414874,
  "r2_std": 0.03502361651826199,
  "r2_values": [
    -0.356289267539978,
    -0.3172454833984375,
    -0.38713252544403076
  ],
  "rmse_mean": 0.06616283284541082,
  "rmse_std": 0.0011387232285234555,
  "rmse_values": [
    0.06642019952788984,
    0.06715084659122812,
    0.06491745241711448
  ],
  "mse_mean": 0.0043783849105238914,
  "mse_std": 0.00015026644690978365,
  "mse_values": [
    0.0044116429053246975,
    0.0045092361979186535,
    0.004214275628328323
  ],
  "mae_mean": 0.04289808248480161,
  "mae_std": 0.00015528514586308172,
  "mae_values": [
    0.04290766268968582,
    0.04304835572838783,
    0.04273822903633118
  ],
  "imputation_time_mean": 0.8280560970306396,
  "imputation_time_std": 0.022865338388306504,
  "imputation_time_values": [
    0.8532130718231201,
    0.8224179744720459,
    0.8085372447967529
  ],
  "n_neighbors": 75,
  "weights": "distance",
  "metric": "manhattan"
}