{
  "seeds": [
    42,
    50,
    100
  ],
  "n_runs": 3,
  "r2_mean": -0.39626753330230713,
  "r2_std": 0.020393582898481543,
  "r2_values": [
    -0.39405500888824463,
    -0.37707042694091797,
    -0.4176771640777588
  ],
  "rmse_mean": 0.06721562863437963,
  "rmse_std": 0.0010760921252777826,
  "rmse_values": [
    0.06729897867855653,
    0.06824762201533126,
    0.0661002852092511
  ],
  "mse_mean": 0.004518712715556224,
  "mse_std": 0.00014452817044640267,
  "mse_values": [
    0.0045291525311768055,
    0.004657737910747528,
    0.004369247704744339
  ],
  "mae_mean": 0.046541878332694374,
  "mae_std": 0.00024861047320810385,
  "mae_values": [
    0.046522051095962524,
    0.046799808740615845,
    0.046303775161504745
  ],
  "imputation_time_mean": 0.7529679934183756,
  "imputation_time_std": 0.011179605977141408,
  "imputation_time_values": [
    0.745391845703125,
    0.7658078670501709,
    0.747704267501831
  ],
  "n_neighbors": 125,
  "weights": "uniform",
  "metric": "cosine"
}