{
  "seeds": [
    42,
    50,
    100
  ],
  "n_runs": 3,
  "r2_mean": -0.3684680064519246,
  "r2_std": 0.022296724289382317,
  "r2_values": [
    -0.3668287992477417,
    -0.34703612327575684,
    -0.3915390968322754
  ],
  "rmse_mean": 0.06654197233971755,
  "rmse_std": 0.0010090586565308893,
  "rmse_values": [
    0.06663855423119329,
    0.06749926745494073,
    0.06548809533301864
  ],
  "mse_mean": 0.004428512882441282,
  "mse_std": 0.00013414587035320472,
  "mse_values": [
    0.004440696910023689,
    0.004556151106953621,
    0.004288690630346537
  ],
  "mae_mean": 0.044414035975933075,
  "mae_std": 0.0001591550838453994,
  "mae_values": [
    0.04439162462949753,
    0.04458320885896683,
    0.04426727443933487
  ],
  "imputation_time_mean": 0.853037436803182,
  "imputation_time_std": 0.007945594028534494,
  "imputation_time_values": [
    0.8513801097869873,
    0.8616809844970703,
    0.8460512161254883
  ],
  "n_neighbors": 200,
  "weights": "uniform",
  "metric": "euclidean"
}