{
  "seeds": [
    42,
    50,
    100
  ],
  "n_runs": 3,
  "r2_mean": -0.37626492977142334,
  "r2_std": 0.034250312281816,
  "r2_values": [
    -0.3754305839538574,
    -0.3424394130706787,
    -0.4109247922897339
  ],
  "rmse_mean": 0.06671635109848045,
  "rmse_std": 0.0011684873327887863,
  "rmse_values": [
    0.06688725299640781,
    0.06778997609735257,
    0.06547182420168096
  ],
  "mse_mean": 0.004451981745660305,
  "mse_std": 0.00015562300546233148,
  "mse_values": [
    0.004473904613405466,
    0.004595480859279633,
    0.004286559764295816
  ],
  "mae_mean": 0.04456263780593872,
  "mae_std": 0.00025508008173569545,
  "mae_values": [
    0.044430188834667206,
    0.04485669732093811,
    0.044401027262210846
  ],
  "imputation_time_mean": 0.4841159184773763,
  "imputation_time_std": 0.02339176771456281,
  "imputation_time_values": [
    0.4581630229949951,
    0.5035738945007324,
    0.49061083793640137
  ],
  "n_neighbors": 200,
  "weights": "distance",
  "metric": "euclidean"
}