{
  "seeds": [
    42,
    50,
    100
  ],
  "n_runs": 3,
  "r2_mean": -0.3511570692062378,
  "r2_std": 0.03460504319648774,
  "r2_values": [
    -0.35332775115966797,
    -0.315517783164978,
    -0.3846256732940674
  ],
  "rmse_mean": 0.06610440172087416,
  "rmse_std": 0.0011435824266296335,
  "rmse_values": [
    0.06634764329103304,
    0.06710679424550511,
    0.06485876762608433
  ],
  "mse_mean": 0.004370663780719042,
  "mse_std": 0.00015079465536584305,
  "mse_values": [
    0.004402009770274162,
    0.004503321833908558,
    0.004206659737974405
  ],
  "mae_mean": 0.04258055488268534,
  "mae_std": 0.000165734919945451,
  "mae_values": [
    0.042564332485198975,
    0.042753804475069046,
    0.04242352768778801
  ],
  "imputation_time_mean": 0.8425279458363851,
  "imputation_time_std": 0.019156221784769358,
  "imputation_time_values": [
    0.8215458393096924,
    0.8590831756591797,
    0.8469548225402832
  ],
  "n_neighbors": 50,
  "weights": "distance",
  "metric": "manhattan"
}