{
  "seeds": [
    42,
    50,
    100
  ],
  "n_runs": 3,
  "r2_mean": -0.40092651049296063,
  "r2_std": 0.05952776350864697,
  "r2_values": [
    -0.44928979873657227,
    -0.3344447612762451,
    -0.41904497146606445
  ],
  "rmse_mean": 0.07075903578998725,
  "rmse_std": 0.003666256557590353,
  "rmse_values": [
    0.07327222526040479,
    0.06655212816282768,
    0.07245275394672927
  ],
  "mse_mean": 0.005015802104026079,
  "mse_std": 0.0005115214364233608,
  "mse_values": [
    0.005368818994611502,
    0.004429185763001442,
    0.005249401554465294
  ],
  "mae_mean": 0.042302979777256645,
  "mae_std": 0.0003368701822451711,
  "mae_values": [
    0.04262842983007431,
    0.041955746710300446,
    0.04232476279139519
  ],
  "imputation_time_mean": 0.15361293156941733,
  "imputation_time_std": 0.014135621953834068,
  "imputation_time_values": [
    0.1608281135559082,
    0.13732576370239258,
    0.16268491744995117
  ],
  "n_neighbors": 5,
  "weights": "distance",
  "metric": "euclidean"
}