{
  "seeds": [
    42,
    50,
    100
  ],
  "n_runs": 3,
  "r2_mean": -0.2734560966491699,
  "r2_std": 0.02276203588145201,
  "r2_values": [
    -0.28268933296203613,
    -0.24752819538116455,
    -0.2901507616043091
  ],
  "rmse_mean": 0.06745481818336542,
  "rmse_std": 0.0026914252980183135,
  "rmse_values": [
    0.06893225808329545,
    0.06434826195498418,
    0.06908393451181664
  ],
  "mse_mean": 0.004554981676240762,
  "mse_std": 0.00035893212708805087,
  "mse_values": [
    0.004751656204462051,
    0.004140698816627264,
    0.004772590007632971
  ],
  "mae_mean": 0.043906024346748986,
  "mae_std": 9.046553609934663e-05,
  "mae_values": [
    0.04389951750636101,
    0.043818987905979156,
    0.0439995676279068
  ],
  "imputation_time_mean": 0.1182091236114502,
  "imputation_time_std": 0.007902234493680178,
  "imputation_time_values": [
    0.1178739070892334,
    0.12627363204956055,
    0.11047983169555664
  ],
  "n_neighbors": 50,
  "weights": "distance",
  "metric": "euclidean"
}