{
  "seeds": [
    42,
    50,
    100
  ],
  "n_runs": 3,
  "r2_mean": -0.2397925853729248,
  "r2_std": 0.05637379741810556,
  "r2_values": [
    -0.2144395112991333,
    -0.20054686069488525,
    -0.30439138412475586
  ],
  "rmse_mean": 0.06655414458835403,
  "rmse_std": 0.003201323522459555,
  "rmse_values": [
    0.06707330469334308,
    0.06312497041602433,
    0.06946415865569466
  ],
  "mse_mean": 0.004436286476751168,
  "mse_std": 0.00042372962253238775,
  "mse_values": [
    0.004498828202486038,
    0.003984761890023947,
    0.004825269337743521
  ],
  "mae_mean": 0.04505588486790657,
  "mae_std": 0.00030151525536183663,
  "mae_values": [
    0.045060425996780396,
    0.044752124696969986,
    0.04535510390996933
  ],
  "imputation_time_mean": 0.14971001942952475,
  "imputation_time_std": 0.012759538249854287,
  "imputation_time_values": [
    0.14618992805480957,
    0.13908004760742188,
    0.16386008262634277
  ],
  "n_neighbors": 30,
  "weights": "uniform",
  "metric": "cosine"
}