{
  "seeds": [
    42,
    50,
    100
  ],
  "n_runs": 3,
  "r2_mean": -0.3482883373896281,
  "r2_std": 0.0242061294224455,
  "r2_values": [
    -0.34972453117370605,
    -0.32339608669281006,
    -0.37174439430236816
  ],
  "rmse_mean": 0.06604842691553726,
  "rmse_std": 0.0009535412088923727,
  "rmse_values": [
    0.06622028959949913,
    0.0669043491983049,
    0.06502064194880779
  ],
  "mse_mean": 0.004363000858575106,
  "mse_std": 0.00012572283286600626,
  "mse_values": [
    0.004385126754641533,
    0.004476191941648722,
    0.004227683879435062
  ],
  "mae_mean": 0.04281539594133695,
  "mae_std": 0.00013274782029652052,
  "mae_values": [
    0.04285624623298645,
    0.04292291775345802,
    0.042667023837566376
  ],
  "imputation_time_mean": 1.1613481044769287,
  "imputation_time_std": 0.02458775057445399,
  "imputation_time_values": [
    1.176928997039795,
    1.1330032348632812,
    1.17411208152771
  ],
  "n_neighbors": 75,
  "weights": "uniform",
  "metric": "manhattan"
}