{
  "seeds": [
    42,
    50,
    100
  ],
  "n_runs": 3,
  "r2_mean": -0.6389602820078532,
  "r2_std": 0.05656253660985373,
  "r2_values": [
    -0.7003594636917114,
    -0.5889753103256226,
    -0.6275460720062256
  ],
  "rmse_mean": 0.07652702252648078,
  "rmse_std": 0.0034957545897864755,
  "rmse_values": [
    0.07936556934198227,
    0.07262233383468433,
    0.07759316440277572
  ],
  "mse_mean": 0.005864532043536504,
  "mse_std": 0.000529991622759807,
  "mse_values": [
    0.0062988935969769955,
    0.005274003371596336,
    0.0060206991620361805
  ],
  "mae_mean": 0.04218897223472595,
  "mae_std": 0.00045256438605100553,
  "mae_values": [
    0.04270939528942108,
    0.04196980223059654,
    0.04188771918416023
  ],
  "imputation_time_mean": 0.12625638643900552,
  "imputation_time_std": 0.006146615293876938,
  "imputation_time_values": [
    0.13329696655273438,
    0.12195920944213867,
    0.12351298332214355
  ],
  "n_neighbors": 3,
  "weights": "uniform",
  "metric": "euclidean"
}