{
  "seeds": [
    42,
    50,
    100
  ],
  "n_runs": 3,
  "r2_mean": -0.2757205168406169,
  "r2_std": 0.021479623472133176,
  "r2_values": [
    -0.28413403034210205,
    -0.25130772590637207,
    -0.29171979427337646
  ],
  "rmse_mean": 0.06751421891268612,
  "rmse_std": 0.0026585766333498606,
  "rmse_values": [
    0.0689710667572793,
    0.0644456613438488,
    0.06912592863693026
  ],
  "mse_mean": 0.004562881775200367,
  "mse_std": 0.00035491847086466813,
  "mse_values": [
    0.004757008049637079,
    0.004153243266046047,
    0.0047783940099179745
  ],
  "mae_mean": 0.04393737638990084,
  "mae_std": 8.524500328532483e-05,
  "mae_values": [
    0.043929215520620346,
    0.043856505304574966,
    0.04402640834450722
  ],
  "imputation_time_mean": 0.11366677284240723,
  "imputation_time_std": 0.01638932167697985,
  "imputation_time_values": [
    0.13258695602416992,
    0.10384631156921387,
    0.10456705093383789
  ],
  "n_neighbors": 50,
  "weights": "uniform",
  "metric": "euclidean"
}