{
  "seeds": [
    42,
    50,
    100
  ],
  "n_runs": 3,
  "r2_mean": -0.3477003574371338,
  "r2_std": 0.024183029813493094,
  "r2_values": [
    -0.34915637969970703,
    -0.3228222131729126,
    -0.37112247943878174
  ],
  "rmse_mean": 0.06603403279724959,
  "rmse_std": 0.0009537189142914713,
  "rmse_values": [
    0.06620635421891113,
    0.06688984276706908,
    0.06500590140576856
  ],
  "mse_mean": 0.004361099873979886,
  "mse_std": 0.00012571821148580186,
  "mse_values": [
    0.004383281338959932,
    0.004474251065403223,
    0.004225767217576504
  ],
  "mae_mean": 0.04279870664079984,
  "mae_std": 0.00013327060084500358,
  "mae_values": [
    0.042839307337999344,
    0.042906954884529114,
    0.04264985769987106
  ],
  "imputation_time_mean": 1.185372034708659,
  "imputation_time_std": 0.02221244796651578,
  "imputation_time_values": [
    1.201667070388794,
    1.1600708961486816,
    1.194378137588501
  ],
  "n_neighbors": 75,
  "weights": "distance",
  "metric": "manhattan"
}