{
  "seeds": [
    42,
    50,
    100
  ],
  "n_runs": 3,
  "r2_mean": -0.8193008502324423,
  "r2_std": 0.044425121003338064,
  "r2_values": [
    -0.8078007698059082,
    -0.7817565202713013,
    -0.8683452606201172
  ],
  "rmse_mean": 0.076717144113952,
  "rmse_std": 0.0008766602761591865,
  "rmse_values": [
    0.0766379360627474,
    0.07763072056661581,
    0.0758827757124928
  ],
  "mse_mean": 0.005886032556494077,
  "mse_std": 0.00013461374466896606,
  "mse_values": [
    0.005873373243957758,
    0.006026528775691986,
    0.005758195649832487
  ],
  "mae_mean": 0.041582236687342324,
  "mae_std": 0.0004159150775603137,
  "mae_values": [
    0.041384581476449966,
    0.04206012189388275,
    0.04130200669169426
  ],
  "imputation_time_mean": 0.6028053760528564,
  "imputation_time_std": 0.0011120342460962643,
  "imputation_time_values": [
    0.6031410694122314,
    0.6037108898162842,
    0.6015641689300537
  ],
  "n_neighbors": 3,
  "weights": "distance",
  "metric": "euclidean"
}