{
  "seeds": [
    42,
    50,
    100
  ],
  "n_runs": 3,
  "r2_mean": -0.3428881565729777,
  "r2_std": 0.014950838956693843,
  "r2_values": [
    -0.3287559747695923,
    -0.3585413694381714,
    -0.34136712551116943
  ],
  "rmse_mean": 0.06925043797231693,
  "rmse_std": 0.001824242312420995,
  "rmse_values": [
    0.07015916210833972,
    0.0671503160956201,
    0.07044183571299097
  ],
  "mse_mean": 0.0047978417327006655,
  "mse_std": 0.00025078997802072724,
  "mse_values": [
    0.004922308027744293,
    0.004509164951741695,
    0.004962052218616009
  ],
  "mae_mean": 0.045773896078268685,
  "mae_std": 3.088639609292777e-05,
  "mae_values": [
    0.04580871760845184,
    0.04576316103339195,
    0.045749809592962265
  ],
  "imputation_time_mean": 0.28823105494181317,
  "imputation_time_std": 0.001283112273016358,
  "imputation_time_values": [
    0.28837013244628906,
    0.28943896293640137,
    0.286884069442749
  ],
  "n_neighbors": 400,
  "weights": "distance",
  "metric": "euclidean"
}