{
  "seeds": [
    42,
    50,
    100
  ],
  "n_runs": 3,
  "r2_mean": -0.9082525571187338,
  "r2_std": 0.04477398067330321,
  "r2_values": [
    -0.8746922016143799,
    -0.8909741640090942,
    -0.959091305732727
  ],
  "rmse_mean": 0.07857376500842818,
  "rmse_std": 0.0012249781912811381,
  "rmse_values": [
    0.07804291704621882,
    0.07997462806754543,
    0.07770374991152029
  ],
  "mse_mean": 0.00617483692864577,
  "mse_std": 0.00019329485281557271,
  "mse_values": [
    0.0060906969010829926,
    0.006395941134542227,
    0.00603787275031209
  ],
  "mae_mean": 0.0406356987853845,
  "mae_std": 0.00022614478541650937,
  "mae_values": [
    0.04039682075381279,
    0.040846485644578934,
    0.040663789957761765
  ],
  "imputation_time_mean": 0.9879745642344157,
  "imputation_time_std": 0.006754761376798487,
  "imputation_time_values": [
    0.987515926361084,
    0.9814608097076416,
    0.9949469566345215
  ],
  "n_neighbors": 3,
  "weights": "distance",
  "metric": "manhattan"
}