{
  "seeds": [
    42,
    50,
    100
  ],
  "n_runs": 3,
  "r2_mean": -0.3195616404215495,
  "r2_std": 0.006295013569248148,
  "r2_values": [
    -0.312717080116272,
    -0.32510316371917725,
    -0.3208646774291992
  ],
  "rmse_mean": 0.06865154424050929,
  "rmse_std": 0.0020219631456634395,
  "rmse_values": [
    0.06973444228967168,
    0.06631877340682694,
    0.06990141702502924
  ],
  "mse_mean": 0.004715760083248218,
  "mse_std": 0.0002752796340617286,
  "mse_values": [
    0.0048628924414515495,
    0.004398179706186056,
    0.004886208102107048
  ],
  "mae_mean": 0.0450946552058061,
  "mae_std": 2.723119946574647e-05,
  "mae_values": [
    0.045073024928569794,
    0.04508570581674576,
    0.04512523487210274
  ],
  "imputation_time_mean": 0.21372429529825845,
  "imputation_time_std": 0.0030747162519859416,
  "imputation_time_values": [
    0.2168588638305664,
    0.21360087394714355,
    0.21071314811706543
  ],
  "n_neighbors": 200,
  "weights": "distance",
  "metric": "euclidean"
}