{
  "seeds": [
    42,
    50,
    100
  ],
  "n_runs": 3,
  "r2_mean": -0.37611885865529376,
  "r2_std": 0.03458199048997647,
  "r2_values": [
    -0.37291836738586426,
    -0.3432483673095703,
    -0.4121898412704468
  ],
  "rmse_mean": 0.06671256781831879,
  "rmse_std": 0.001158797348195686,
  "rmse_values": [
    0.06682613802603367,
    0.06781039851641672,
    0.06550116691250597
  ],
  "mse_mean": 0.00445146191244324,
  "mse_std": 0.00015441900464313544,
  "mse_values": [
    0.0044657327234745026,
    0.004598250146955252,
    0.004290402866899967
  ],
  "mae_mean": 0.044099525858958565,
  "mae_std": 0.0001942892550236177,
  "mae_values": [
    0.04403393715620041,
    0.044318120926618576,
    0.0439465194940567
  ],
  "imputation_time_mean": 1.0650773843129475,
  "imputation_time_std": 0.047802168484199145,
  "imputation_time_values": [
    1.016474962234497,
    1.0667202472686768,
    1.112036943435669
  ],
  "n_neighbors": 250,
  "weights": "distance",
  "metric": "manhattan"
}