{
  "seeds": [
    42,
    50,
    100
  ],
  "n_runs": 3,
  "r2_mean": -0.422257661819458,
  "r2_std": 0.0342832068765396,
  "r2_values": [
    -0.4277130365371704,
    -0.3855738639831543,
    -0.4534860849380493
  ],
  "rmse_mean": 0.06782302972506343,
  "rmse_std": 0.001241291189177116,
  "rmse_values": [
    0.06814664711131513,
    0.06887045949345602,
    0.06645198257041916
  ],
  "mse_mean": 0.004600990563631058,
  "mse_std": 0.00016781607703112456,
  "mse_values": [
    0.004643965512514114,
    0.0047431401908397675,
    0.004415865987539291
  ],
  "mae_mean": 0.04146657511591911,
  "mae_std": 0.00019374714870462728,
  "mae_values": [
    0.0414535216987133,
    0.04166651889681816,
    0.041279684752225876
  ],
  "imputation_time_mean": 0.7841302553812662,
  "imputation_time_std": 0.008212545321603907,
  "imputation_time_values": [
    0.7748069763183594,
    0.7872908115386963,
    0.7902929782867432
  ],
  "n_neighbors": 10,
  "weights": "uniform",
  "metric": "manhattan"
}