{
  "seeds": [
    42,
    50,
    100
  ],
  "n_runs": 3,
  "r2_mean": -0.35126813252766925,
  "r2_std": 0.02082456797662979,
  "r2_values": [
    -0.3477590084075928,
    -0.33242106437683105,
    -0.373624324798584
  ],
  "rmse_mean": 0.06612310998385144,
  "rmse_std": 0.0010343254922353363,
  "rmse_values": [
    0.06617205710425422,
    0.06713209293383376,
    0.06506517991346636
  ],
  "mse_mean": 0.0043729788934191065,
  "mse_std": 0.00013671124007604796,
  "mse_values": [
    0.004378741141408682,
    0.004506717901676893,
    0.004233477637171745
  ],
  "mae_mean": 0.04406142607331276,
  "mae_std": 0.0003132809535936719,
  "mae_values": [
    0.043998558074235916,
    0.0444013737142086,
    0.04378434643149376
  ],
  "imputation_time_mean": 0.6314053535461426,
  "imputation_time_std": 0.020920996998847155,
  "imputation_time_values": [
    0.6103229522705078,
    0.6521611213684082,
    0.6317319869995117
  ],
  "n_neighbors": 10,
  "weights": "uniform",
  "metric": "cosine"
}