{
  "seeds": [
    42,
    50,
    100
  ],
  "n_runs": 3,
  "r2_mean": -0.3543550173441569,
  "r2_std": 0.0198998511619982,
  "r2_values": [
    -0.3538612127304077,
    -0.3347066640853882,
    -0.3744971752166748
  ],
  "rmse_mean": 0.06619906268744606,
  "rmse_std": 0.0010572467601906732,
  "rmse_values": [
    0.0663216908010932,
    0.06718964808933572,
    0.06508584917190927
  ],
  "mse_mean": 0.004383061081171036,
  "mse_std": 0.00013978699113662097,
  "mse_values": [
    0.004398566670715809,
    0.004514448810368776,
    0.004236167762428522
  ],
  "mae_mean": 0.04392588014403979,
  "mae_std": 0.00019760525106288565,
  "mae_values": [
    0.04390740022063255,
    0.04413207620382309,
    0.04373816400766373
  ],
  "imputation_time_mean": 0.7496987183888754,
  "imputation_time_std": 0.021459817235181713,
  "imputation_time_values": [
    0.773751974105835,
    0.7428300380706787,
    0.7325141429901123
  ],
  "n_neighbors": 125,
  "weights": "distance",
  "metric": "euclidean"
}