{
  "seeds": [
    42,
    50,
    100
  ],
  "n_runs": 3,
  "r2_mean": -0.32545403639475506,
  "r2_std": 0.013318859595888567,
  "r2_values": [
    -0.31134259700775146,
    -0.33780527114868164,
    -0.32721424102783203
  ],
  "rmse_mean": 0.06880100901637654,
  "rmse_std": 0.0018842301926799573,
  "rmse_values": [
    0.0696979227472013,
    0.06663587433069611,
    0.0700692299712322
  ],
  "mse_mean": 0.004735945723950863,
  "mse_std": 0.00025731397729386287,
  "mse_values": [
    0.004857800435274839,
    0.004440339747816324,
    0.004909696988761425
  ],
  "mae_mean": 0.04476474473873774,
  "mae_std": 5.2727866575757975e-05,
  "mae_values": [
    0.044735658913850784,
    0.044732965528964996,
    0.044825609773397446
  ],
  "imputation_time_mean": 0.7481396198272705,
  "imputation_time_std": 0.014900834064707564,
  "imputation_time_values": [
    0.7373831272125244,
    0.7418878078460693,
    0.7651479244232178
  ],
  "n_neighbors": 300,
  "weights": "uniform",
  "metric": "manhattan"
}