{
  "seeds": [
    42,
    50,
    100
  ],
  "n_runs": 3,
  "r2_mean": -0.36402952671051025,
  "r2_std": 0.014563358585464323,
  "r2_values": [
    -0.34779584407806396,
    -0.37594664096832275,
    -0.36834609508514404
  ],
  "rmse_mean": 0.06979528110430125,
  "rmse_std": 0.001934629991031717,
  "rmse_values": [
    0.07066003028790496,
    0.0675791044384755,
    0.07114670858652328
  ],
  "mse_mean": 0.0048738764598965645,
  "mse_std": 0.0002680491983286574,
  "mse_values": [
    0.004992839880287647,
    0.004566935356706381,
    0.005061854142695665
  ],
  "mae_mean": 0.047430468102296196,
  "mae_std": 3.420223985898474e-05,
  "mae_values": [
    0.047391921281814575,
    0.04745718464255333,
    0.047442298382520676
  ],
  "imputation_time_mean": 0.23610234260559082,
  "imputation_time_std": 0.010781379277634178,
  "imputation_time_values": [
    0.23422002792358398,
    0.22638607025146484,
    0.24770092964172363
  ],
  "n_neighbors": 300,
  "weights": "distance",
  "metric": "cosine"
}