{
  "seeds": [
    42,
    50,
    100
  ],
  "n_runs": 3,
  "r2_mean": -0.5136184295018514,
  "r2_std": 0.034816427150688396,
  "r2_values": [
    -0.5091967582702637,
    -0.48122406005859375,
    -0.5504344701766968
  ],
  "rmse_mean": 0.06997687127242759,
  "rmse_std": 0.0008287257618694698,
  "rmse_values": [
    0.07002311335595782,
    0.07078150782843445,
    0.06912599263289051
  ],
  "mse_mean": 0.004897220370670159,
  "mse_std": 0.0001159266318456952,
  "mse_values": [
    0.0049032364040613174,
    0.005010021850466728,
    0.004778402857482433
  ],
  "mae_mean": 0.04358349243799845,
  "mae_std": 0.0003215494077537834,
  "mae_values": [
    0.0434957854449749,
    0.04393979534506798,
    0.043314896523952484
  ],
  "imputation_time_mean": 0.5613404115041097,
  "imputation_time_std": 0.01581765394225426,
  "imputation_time_values": [
    0.5670161247253418,
    0.5735371112823486,
    0.5434679985046387
  ],
  "n_neighbors": 5,
  "weights": "distance",
  "metric": "cosine"
}