{
  "seeds": [
    42,
    50,
    100
  ],
  "n_runs": 3,
  "r2_mean": -0.3923853635787964,
  "r2_std": 0.03508020346579423,
  "r2_values": [
    -0.3895949125289917,
    -0.3587837219238281,
    -0.42877745628356934
  ],
  "rmse_mean": 0.06710563751871866,
  "rmse_std": 0.001163393553468862,
  "rmse_values": [
    0.06723077525338893,
    0.06820140365075722,
    0.0658847336520098
  ],
  "mse_mean": 0.004504068909833829,
  "mse_std": 0.0001559264908016163,
  "mse_values": [
    0.004519977141171694,
    0.004651431459933519,
    0.004340798128396273
  ],
  "mae_mean": 0.04502689962585767,
  "mae_std": 0.0002741993439607455,
  "mae_values": [
    0.04490705206990242,
    0.04534061998128891,
    0.04483302682638168
  ],
  "imputation_time_mean": 0.5405236879984537,
  "imputation_time_std": 0.013783397103453316,
  "imputation_time_values": [
    0.5552058219909668,
    0.5278620719909668,
    0.5385031700134277
  ],
  "n_neighbors": 300,
  "weights": "uniform",
  "metric": "euclidean"
}