{
  "seeds": [
    42,
    50,
    100
  ],
  "n_runs": 3,
  "r2_mean": -0.23708744843800864,
  "r2_std": 0.08056865189357386,
  "r2_values": [
    -0.2177901268005371,
    -0.16791975498199463,
    -0.32555246353149414
  ],
  "rmse_mean": 0.0664841363551681,
  "rmse_std": 0.003926652788195689,
  "rmse_values": [
    0.06716576809729213,
    0.06226129321151492,
    0.07002534775669728
  ],
  "mse_mean": 0.0044304194549719495,
  "mse_std": 0.0005182882483970141,
  "mse_values": [
    0.004511240404099226,
    0.0038764686323702335,
    0.004903549328446388
  ],
  "mae_mean": 0.044723741710186005,
  "mae_std": 0.0005592159591054485,
  "mae_values": [
    0.044858239591121674,
    0.044109541922807693,
    0.04520344361662865
  ],
  "imputation_time_mean": 0.14644654591878256,
  "imputation_time_std": 0.01465381832479407,
  "imputation_time_values": [
    0.14435672760009766,
    0.1329498291015625,
    0.1620330810546875
  ],
  "n_neighbors": 20,
  "weights": "uniform",
  "metric": "cosine"
}