{
  "seeds": [
    42,
    50,
    100
  ],
  "n_runs": 3,
  "r2_mean": -0.36044394969940186,
  "r2_std": 0.02095903271574501,
  "r2_values": [
    -0.3601658344268799,
    -0.33962535858154297,
    -0.3815406560897827
  ],
  "rmse_mean": 0.06634722328740425,
  "rmse_std": 0.001036481006567754,
  "rmse_values": [
    0.06647593334253092,
    0.06731333813725493,
    0.06525239838242688
  ],
  "mse_mean": 0.004402670233199994,
  "mse_std": 0.00013733951029253245,
  "mse_values": [
    0.004419049713760614,
    0.00453108549118042,
    0.004257875494658947
  ],
  "mae_mean": 0.0441230833530426,
  "mae_std": 0.000172696110805277,
  "mae_values": [
    0.04409964755177498,
    0.044306300580501556,
    0.04396330192685127
  ],
  "imputation_time_mean": 0.790442943572998,
  "imputation_time_std": 0.014093356155270737,
  "imputation_time_values": [
    0.8056910037994385,
    0.7778949737548828,
    0.7877428531646729
  ],
  "n_neighbors": 150,
  "weights": "uniform",
  "metric": "euclidean"
}