{
  "seeds": [
    42,
    50,
    100
  ],
  "n_runs": 3,
  "r2_mean": -0.3518816630045573,
  "r2_std": 0.034647267332696734,
  "r2_values": [
    -0.3539689779281616,
    -0.3162379264831543,
    -0.38543808460235596
  ],
  "rmse_mean": 0.06612210325067515,
  "rmse_std": 0.0011429435379482634,
  "rmse_values": [
    0.06636335937232242,
    0.06712515955112185,
    0.06487779082858121
  ],
  "mse_mean": 0.004373003418246905,
  "mse_std": 0.0001507538456920629,
  "mse_values": [
    0.004404095467180014,
    0.004505787044763565,
    0.004209127742797136
  ],
  "mae_mean": 0.042596192409594856,
  "mae_std": 0.00016556893926405995,
  "mae_values": [
    0.04258005693554878,
    0.042769238352775574,
    0.042439281940460205
  ],
  "imputation_time_mean": 0.8066427707672119,
  "imputation_time_std": 0.01804978917308512,
  "imputation_time_values": [
    0.8274838924407959,
    0.7963972091674805,
    0.7960472106933594
  ],
  "n_neighbors": 50,
  "weights": "uniform",
  "metric": "manhattan"
}