{
  "seeds": [
    42,
    50,
    100
  ],
  "n_runs": 3,
  "r2_mean": -0.35646526018778485,
  "r2_std": 0.023986906808748338,
  "r2_values": [
    -0.35634946823120117,
    -0.3325364589691162,
    -0.3805098533630371
  ],
  "rmse_mean": 0.0662485528139124,
  "rmse_std": 0.0009605154977503695,
  "rmse_values": [
    0.06638260729033978,
    0.06713499926145569,
    0.06522805188994175
  ],
  "mse_mean": 0.004389485809952021,
  "mse_std": 0.0001270771185994719,
  "mse_values": [
    0.004406650550663471,
    0.004507108125835657,
    0.004254698753356934
  ],
  "mae_mean": 0.043473709374666214,
  "mae_std": 0.00012563140519340207,
  "mae_values": [
    0.043497130274772644,
    0.04358598217368126,
    0.04333801567554474
  ],
  "imputation_time_mean": 1.3008566697438557,
  "imputation_time_std": 0.010160367334405961,
  "imputation_time_values": [
    1.3119769096374512,
    1.292057991027832,
    1.2985351085662842
  ],
  "n_neighbors": 150,
  "weights": "uniform",
  "metric": "manhattan"
}