{
  "seeds": [
    42,
    50,
    100
  ],
  "n_runs": 3,
  "r2_mean": -0.38378433386484784,
  "r2_std": 0.03458812262873268,
  "r2_values": [
    -0.3821544647216797,
    -0.3500399589538574,
    -0.41915857791900635
  ],
  "rmse_mean": 0.06689824469781099,
  "rmse_std": 0.001166991254729868,
  "rmse_values": [
    0.0670505430782365,
    0.06798160941053591,
    0.06566258160466051
  ],
  "mse_mean": 0.004476283056040605,
  "mse_std": 0.00015587904005463424,
  "mse_values": [
    0.004495775327086449,
    0.004621499218046665,
    0.004311574622988701
  ],
  "mae_mean": 0.0447893962264061,
  "mae_std": 0.00027228631215051144,
  "mae_values": [
    0.04466624930500984,
    0.04510150104761124,
    0.044600438326597214
  ],
  "imputation_time_mean": 0.518992026646932,
  "imputation_time_std": 0.005590850520279569,
  "imputation_time_values": [
    0.5241129398345947,
    0.5198359489440918,
    0.5130271911621094
  ],
  "n_neighbors": 250,
  "weights": "distance",
  "metric": "euclidean"
}