{
  "seeds": [
    42,
    50,
    100
  ],
  "n_runs": 3,
  "r2_mean": -0.26686906814575195,
  "r2_std": 0.03280176238889836,
  "r2_values": [
    -0.2819526195526123,
    -0.22923874855041504,
    -0.2894158363342285
  ],
  "rmse_mean": 0.06728384916384185,
  "rmse_std": 0.0029532732415236667,
  "rmse_values": [
    0.06891246207558129,
    0.06387482926967371,
    0.06906425614627054
  ],
  "mse_mean": 0.0045329309068620205,
  "mse_std": 0.00039239478933237725,
  "mse_values": [
    0.004748927429318428,
    0.004079993814229965,
    0.004769871477037668
  ],
  "mae_mean": 0.04350850482781728,
  "mae_std": 0.00016635017871935323,
  "mae_values": [
    0.04334288835525513,
    0.04350704699754715,
    0.04367557913064957
  ],
  "imputation_time_mean": 0.13576928774515787,
  "imputation_time_std": 0.0015547435560584152,
  "imputation_time_values": [
    0.13415288925170898,
    0.137253999710083,
    0.13590097427368164
  ],
  "n_neighbors": 30,
  "weights": "uniform",
  "metric": "euclidean"
}