{
  "seeds": [
    42,
    50,
    100
  ],
  "n_runs": 3,
  "r2_mean": -0.2607029279073079,
  "r2_std": 0.04582779458486214,
  "r2_values": [
    -0.28722918033599854,
    -0.20778560638427734,
    -0.28709399700164795
  ],
  "rmse_mean": 0.06712372652824349,
  "rmse_std": 0.003298560933016903,
  "rmse_values": [
    0.06905413838079842,
    0.06331499518648931,
    0.06900204601744268
  ],
  "mse_mean": 0.0045128483325243,
  "mse_std": 0.0004365433298209389,
  "mse_values": [
    0.004768474027514458,
    0.004008788615465164,
    0.004761282354593277
  ],
  "mae_mean": 0.04315942401687304,
  "mae_std": 0.00016045937961226225,
  "mae_values": [
    0.043103430420160294,
    0.04303446412086487,
    0.043340377509593964
  ],
  "imputation_time_mean": 0.10294500986735027,
  "imputation_time_std": 0.010366878116234468,
  "imputation_time_values": [
    0.11275100708007812,
    0.1039879322052002,
    0.09209609031677246
  ],
  "n_neighbors": 20,
  "weights": "uniform",
  "metric": "euclidean"
}