{
  "seeds": [
    42,
    50,
    100
  ],
  "n_runs": 3,
  "r2_mean": -0.324614683787028,
  "r2_std": 0.013188145418478823,
  "r2_values": [
    -0.31055212020874023,
    -0.33670663833618164,
    -0.3265852928161621
  ],
  "rmse_mean": 0.06877934811807451,
  "rmse_std": 0.0018893660368727281,
  "rmse_values": [
    0.06967691408996418,
    0.0666085066209671,
    0.07005262364329225
  ],
  "mse_mean": 0.004732978530228138,
  "mse_std": 0.0002579297786449908,
  "mse_values": [
    0.004854872357100248,
    0.004436693154275417,
    0.004907370079308748
  ],
  "mae_mean": 0.044740440944830574,
  "mae_std": 5.50279614754073e-05,
  "mae_values": [
    0.04471069201827049,
    0.044706691056489944,
    0.04480393975973129
  ],
  "imputation_time_mean": 0.7578004201253256,
  "imputation_time_std": 0.03329229329958746,
  "imputation_time_values": [
    0.7380518913269043,
    0.7962381839752197,
    0.7391111850738525
  ],
  "n_neighbors": 300,
  "weights": "distance",
  "metric": "manhattan"
}