{
  "seeds": [
    42,
    50,
    100
  ],
  "n_runs": 3,
  "r2_mean": -0.3302467664082845,
  "r2_std": 0.029618170345608666,
  "r2_values": [
    -0.33171069622039795,
    -0.29992377758026123,
    -0.35910582542419434
  ],
  "rmse_mean": 0.06559392345268089,
  "rmse_std": 0.0012397488367868886,
  "rmse_values": [
    0.06581561654768556,
    0.06670786925779792,
    0.06425828455255919
  ],
  "mse_mean": 0.004303587445368369,
  "mse_std": 0.00016224283385399916,
  "mse_values": [
    0.004331695381551981,
    0.004449939820915461,
    0.004129127133637667
  ],
  "mae_mean": 0.04535527527332306,
  "mae_std": 0.0002857246636072832,
  "mae_values": [
    0.045392267405986786,
    0.04562070220708847,
    0.04505285620689392
  ],
  "imputation_time_mean": 0.34632166226704914,
  "imputation_time_std": 0.024056921319713855,
  "imputation_time_values": [
    0.3727149963378906,
    0.3256230354309082,
    0.34062695503234863
  ],
  "n_neighbors": 50,
  "weights": "distance",
  "metric": "cosine"
}