{
  "seeds": [
    42,
    50,
    100
  ],
  "n_runs": 3,
  "r2_mean": -0.3345876137415568,
  "r2_std": 0.01310886476325158,
  "r2_values": [
    -0.32292354106903076,
    -0.3487745523452759,
    -0.33206474781036377
  ],
  "rmse_mean": 0.06903689006090323,
  "rmse_std": 0.001845738091090678,
  "rmse_values": [
    0.07000501274676336,
    0.06690850425189437,
    0.07019715318405194
  ],
  "mse_mean": 0.004768363355348508,
  "mse_std": 0.0002529052848098127,
  "mse_values": [
    0.004900701809674501,
    0.004476747941225767,
    0.004927640315145254
  ],
  "mae_mean": 0.04550009469191233,
  "mae_std": 4.367850439913262e-05,
  "mae_values": [
    0.045506808906793594,
    0.04554002732038498,
    0.045453447848558426
  ],
  "imputation_time_mean": 0.24976913134256998,
  "imputation_time_std": 0.0036596219325746434,
  "imputation_time_values": [
    0.2539339065551758,
    0.24706721305847168,
    0.2483062744140625
  ],
  "n_neighbors": 300,
  "weights": "uniform",
  "metric": "euclidean"
}