{
  "seeds": [
    42,
    50,
    100
  ],
  "n_runs": 3,
  "r2_mean": -0.35406521956125897,
  "r2_std": 0.01556805659769766,
  "r2_values": [
    -0.3364284038543701,
    -0.36589550971984863,
    -0.3598717451095581
  ],
  "rmse_mean": 0.06953976691366417,
  "rmse_std": 0.0019328640832701849,
  "rmse_values": [
    0.07036142170547097,
    0.0673318234623204,
    0.07092605557320117
  ],
  "mse_mean": 0.004838269824783008,
  "mse_std": 0.00026687167999113384,
  "mse_values": [
    0.004950729664415121,
    0.00453357445076108,
    0.005030505359172821
  ],
  "mae_mean": 0.04723211626211802,
  "mae_std": 2.810300245580289e-05,
  "mae_values": [
    0.04719967395067215,
    0.047248970717191696,
    0.04724770411849022
  ],
  "imputation_time_mean": 0.19967269897460938,
  "imputation_time_std": 0.010751091436699734,
  "imputation_time_values": [
    0.2119760513305664,
    0.19208693504333496,
    0.19495511054992676
  ],
  "n_neighbors": 200,
  "weights": "uniform",
  "metric": "cosine"
}