{
  "seeds": [
    42,
    50,
    100
  ],
  "n_runs": 3,
  "r2_mean": -0.2869054476420085,
  "r2_std": 0.01407120018380234,
  "r2_values": [
    -0.2894117832183838,
    -0.27174949645996094,
    -0.29955506324768066
  ],
  "rmse_mean": 0.06780595247789432,
  "rmse_std": 0.002458584023605637,
  "rmse_values": [
    0.06911265661545635,
    0.06496993492311057,
    0.06933526589511606
  ],
  "mse_mean": 0.004601676948368549,
  "mse_std": 0.00032995588898062056,
  "mse_values": [
    0.004776559304445982,
    0.004221092443913221,
    0.004807379096746445
  ],
  "mae_mean": 0.044254615902900696,
  "mae_std": 6.298916583193571e-05,
  "mae_values": [
    0.044262006878852844,
    0.044188257306814194,
    0.04431358352303505
  ],
  "imputation_time_mean": 0.16103696823120117,
  "imputation_time_std": 0.012666781829130488,
  "imputation_time_values": [
    0.1756269931793213,
    0.1546339988708496,
    0.15284991264343262
  ],
  "n_neighbors": 75,
  "weights": "distance",
  "metric": "euclidean"
}