{
  "seeds": [
    42,
    50,
    100
  ],
  "n_runs": 3,
  "r2_mean": -0.29572709401448566,
  "r2_std": 0.014019403925735304,
  "r2_values": [
    -0.2832227945327759,
    -0.2930755615234375,
    -0.31088292598724365
  ],
  "rmse_mean": 0.06803193370186429,
  "rmse_std": 0.002209091539954875,
  "rmse_values": [
    0.06894659143834005,
    0.06551241271097416,
    0.06963679695627865
  ],
  "mse_mean": 0.004631597393502791,
  "mse_std": 0.00029806901310265935,
  "mse_values": [
    0.0047536324709653854,
    0.004291876219213009,
    0.004849283490329981
  ],
  "mae_mean": 0.04339352995157242,
  "mae_std": 0.00015362196071447417,
  "mae_values": [
    0.04337586089968681,
    0.04324950650334358,
    0.04355522245168686
  ],
  "imputation_time_mean": 0.5958336194356283,
  "imputation_time_std": 0.03191877975167051,
  "imputation_time_values": [
    0.6326870918273926,
    0.576988935470581,
    0.5778248310089111
  ],
  "n_neighbors": 75,
  "weights": "distance",
  "metric": "manhattan"
}