{
  "seeds": [
    42,
    50,
    100
  ],
  "n_runs": 3,
  "r2_mean": -0.4214319388071696,
  "r2_std": 0.034209374901841866,
  "r2_values": [
    -0.426832914352417,
    -0.3848433494567871,
    -0.4526195526123047
  ],
  "rmse_mean": 0.06780336797300118,
  "rmse_std": 0.0012418330198421734,
  "rmse_values": [
    0.06812563512554183,
    0.06885229933753584,
    0.0664321694559259
  ],
  "mse_mean": 0.00459832480798165,
  "mse_std": 0.00016784247463408735,
  "mse_values": [
    0.004641102161258459,
    0.004740639124065638,
    0.004413233138620853
  ],
  "mae_mean": 0.041454182316859566,
  "mae_std": 0.00019330628680994919,
  "mae_values": [
    0.04144077003002167,
    0.041653845459222794,
    0.04126793146133423
  ],
  "imputation_time_mean": 0.7774250507354736,
  "imputation_time_std": 0.04964804604013894,
  "imputation_time_values": [
    0.7522659301757812,
    0.8346161842346191,
    0.7453930377960205
  ],
  "n_neighbors": 10,
  "weights": "distance",
  "metric": "manhattan"
}