{
  "seeds": [
    42,
    50,
    100
  ],
  "n_runs": 3,
  "r2_mean": -0.4214319388071696,
  "r2_std": 0.03420925681209623,
  "r2_values": [
    -0.426832914352417,
    -0.38484346866607666,
    -0.45261943340301514
  ],
  "rmse_mean": 0.06780336910019974,
  "rmse_std": 0.0012418344479985664,
  "rmse_values": [
    0.06812563512554183,
    0.06885230271913151,
    0.0664321694559259
  ],
  "mse_mean": 0.004598324963202079,
  "mse_std": 0.00016784267205223517,
  "mse_values": [
    0.004641102161258459,
    0.004740639589726925,
    0.004413233138620853
  ],
  "mae_mean": 0.041454182316859566,
  "mae_std": 0.00019330462141471167,
  "mae_values": [
    0.04144076630473137,
    0.041653845459222794,
    0.04126793518662453
  ],
  "imputation_time_mean": 0.7749033768971761,
  "imputation_time_std": 0.02582533436327758,
  "imputation_time_values": [
    0.751431941986084,
    0.7707090377807617,
    0.8025691509246826
  ],
  "n_neighbors": 10,
  "weights": "distance",
  "metric": "manhattan"
}