{
  "seeds": [
    42,
    50,
    100
  ],
  "n_runs": 3,
  "r2_mean": -0.3189253807067871,
  "r2_std": 0.018501929347926604,
  "r2_values": [
    -0.3186051845550537,
    -0.30058562755584717,
    -0.33758533000946045
  ],
  "rmse_mean": 0.06532788952426148,
  "rmse_std": 0.001065118237710998,
  "rmse_values": [
    0.0654524507353533,
    0.06632525048019901,
    0.06420596735723211
  ],
  "mse_mean": 0.004268489467600982,
  "mse_std": 0.00013896897115033309,
  "mse_values": [
    0.004284023307263851,
    0.004399038851261139,
    0.004122406244277954
  ],
  "mae_mean": 0.04495061933994293,
  "mae_std": 0.00028687071591395664,
  "mae_values": [
    0.044970568269491196,
    0.04522699490189552,
    0.04465429484844208
  ],
  "imputation_time_mean": 0.7087256908416748,
  "imputation_time_std": 0.0371246219800588,
  "imputation_time_values": [
    0.7491750717163086,
    0.7007942199707031,
    0.6762077808380127
  ],
  "n_neighbors": 30,
  "weights": "distance",
  "metric": "cosine"
}