{
  "seeds": [
    42,
    50,
    100
  ],
  "n_runs": 3,
  "r2_mean": -0.5155597925186157,
  "r2_std": 0.03558601966499621,
  "r2_values": [
    -0.5103170871734619,
    -0.4828859567642212,
    -0.5534763336181641
  ],
  "rmse_mean": 0.07002135732383642,
  "rmse_std": 0.0008140738023663784,
  "rmse_values": [
    0.07004909715822835,
    0.0708212066652857,
    0.06919376814799519
  ],
  "mse_mean": 0.004903432292242845,
  "mse_std": 0.00011397190836221114,
  "mse_values": [
    0.004906876012682915,
    0.005015643313527107,
    0.004787777550518513
  ],
  "mae_mean": 0.043614129225413,
  "mae_std": 0.00031454455543414333,
  "mae_values": [
    0.043520715087652206,
    0.043964799493551254,
    0.04335687309503555
  ],
  "imputation_time_mean": 0.5620739459991455,
  "imputation_time_std": 0.009956876768861237,
  "imputation_time_values": [
    0.5511398315429688,
    0.5706188678741455,
    0.5644631385803223
  ],
  "n_neighbors": 5,
  "weights": "uniform",
  "metric": "cosine"
}