{
  "seeds": [
    42,
    50,
    100
  ],
  "n_runs": 3,
  "r2_mean": -0.3506580988566081,
  "r2_std": 0.024327773662606866,
  "r2_values": [
    -0.3520541191101074,
    -0.32566237449645996,
    -0.37425780296325684
  ],
  "rmse_mean": 0.06610640209779335,
  "rmse_std": 0.000952303866563177,
  "rmse_values": [
    0.06627741405037943,
    0.06696161331509555,
    0.06508017892790507
  ],
  "mse_mean": 0.004370660986751318,
  "mse_std": 0.00012567122762208,
  "mse_values": [
    0.004392695613205433,
    0.004483857657760382,
    0.004235429689288139
  ],
  "mae_mean": 0.043072511752446495,
  "mae_std": 0.00012785109338976015,
  "mae_values": [
    0.04311254993081093,
    0.043175552040338516,
    0.04292943328619003
  ],
  "imputation_time_mean": 1.227785587310791,
  "imputation_time_std": 0.03177965213731683,
  "imputation_time_values": [
    1.202840805053711,
    1.263566017150879,
    1.2169499397277832
  ],
  "n_neighbors": 100,
  "weights": "uniform",
  "metric": "manhattan"
}