{
  "seeds": [
    42,
    50,
    100
  ],
  "n_runs": 3,
  "r2_mean": -0.376487135887146,
  "r2_std": 0.02346160065611435,
  "r2_values": [
    -0.37837445735931396,
    -0.352138876914978,
    -0.398948073387146
  ],
  "rmse_mean": 0.06672885975484315,
  "rmse_std": 0.0014344331506233518,
  "rmse_values": [
    0.06695879682399962,
    0.06803443519064316,
    0.06519334724988664
  ],
  "mse_mean": 0.004454112456490596,
  "mse_std": 0.00019095723254013166,
  "mse_values": [
    0.004483480472117662,
    0.004628684371709824,
    0.004250172525644302
  ],
  "mae_mean": 0.042281837513049446,
  "mae_std": 0.0003047540344692623,
  "mae_values": [
    0.04217517003417015,
    0.042625587433576584,
    0.042044755071401596
  ],
  "imputation_time_mean": 0.3297754128774007,
  "imputation_time_std": 0.015311560346680254,
  "imputation_time_values": [
    0.312119722366333,
    0.33941030502319336,
    0.3377962112426758
  ],
  "n_neighbors": 10,
  "weights": "uniform",
  "metric": "euclidean"
}