{
  "seeds": [
    42,
    50,
    100
  ],
  "n_runs": 3,
  "r2_mean": -0.2294090191523234,
  "r2_std": 0.08274975247601578,
  "r2_values": [
    -0.2127159833908081,
    -0.15627837181091309,
    -0.319232702255249
  ],
  "rmse_mean": 0.06627804328221061,
  "rmse_std": 0.004006664190471544,
  "rmse_values": [
    0.0670256929884038,
    0.061950217560015876,
    0.06985821929821218
  ],
  "mse_mean": 0.004403481259942055,
  "mse_std": 0.0005268344941134112,
  "mse_values": [
    0.004492443520575762,
    0.0038378294557332993,
    0.004880170803517103
  ],
  "mae_mean": 0.0446265364686648,
  "mae_std": 0.0005602594278507368,
  "mae_values": [
    0.04476077854633331,
    0.044011350721120834,
    0.04510748013854027
  ],
  "imputation_time_mean": 0.14206655820210776,
  "imputation_time_std": 0.006466561762030298,
  "imputation_time_values": [
    0.13862895965576172,
    0.1380448341369629,
    0.14952588081359863
  ],
  "n_neighbors": 20,
  "weights": "distance",
  "metric": "cosine"
}