{
  "seeds": [
    42,
    50,
    100
  ],
  "n_runs": 3,
  "r2_mean": -0.34781865278879803,
  "r2_std": 0.018494535194321912,
  "r2_values": [
    -0.3455883264541626,
    -0.33054041862487793,
    -0.3673272132873535
  ],
  "rmse_mean": 0.0660397725511936,
  "rmse_std": 0.001086569271869068,
  "rmse_values": [
    0.0661187469724919,
    0.06708469995827863,
    0.06491587072281031
  ],
  "mse_mean": 0.0043620386471350985,
  "mse_std": 0.000143387101399462,
  "mse_values": [
    0.004371688701212406,
    0.0045003569684922695,
    0.004214070271700621
  ],
  "mae_mean": 0.04259679466485977,
  "mae_std": 0.00025457293580291845,
  "mae_values": [
    0.042558662593364716,
    0.04286828264594078,
    0.04236343875527382
  ],
  "imputation_time_mean": 0.6709574858347574,
  "imputation_time_std": 0.06403867775745982,
  "imputation_time_values": [
    0.6214137077331543,
    0.6481897830963135,
    0.7432689666748047
  ],
  "n_neighbors": 20,
  "weights": "distance",
  "metric": "euclidean"
}