{
  "seeds": [
    42,
    50,
    100
  ],
  "n_runs": 3,
  "r2_mean": -0.32921429475148517,
  "r2_std": 0.011644451910104853,
  "r2_values": [
    -0.3184899091720581,
    -0.34160029888153076,
    -0.3275526762008667
  ],
  "rmse_mean": 0.06889869866342718,
  "rmse_std": 0.0018802847032995383,
  "rmse_values": [
    0.06988760931718267,
    0.06673032208552569,
    0.07007816458757318
  ],
  "mse_mean": 0.0047493876578907175,
  "mse_std": 0.00025708087908889795,
  "mse_values": [
    0.0048842779360711575,
    0.004452935885637999,
    0.0049109491519629955
  ],
  "mae_mean": 0.04533784215648969,
  "mae_std": 4.371369836956995e-05,
  "mae_values": [
    0.04534005746245384,
    0.04538040608167648,
    0.045293062925338745
  ],
  "imputation_time_mean": 0.22857467333475748,
  "imputation_time_std": 0.00880372900070922,
  "imputation_time_values": [
    0.2184748649597168,
    0.23462510108947754,
    0.23262405395507812
  ],
  "n_neighbors": 250,
  "weights": "uniform",
  "metric": "euclidean"
}