{
  "seeds": [
    42,
    50,
    100
  ],
  "n_runs": 3,
  "r2_mean": -0.3169447183609009,
  "r2_std": 0.009784428445530513,
  "r2_values": [
    -0.306817889213562,
    -0.3176698684692383,
    -0.32634639739990234
  ],
  "rmse_mean": 0.06858546565806466,
  "rmse_std": 0.0021372199636615877,
  "rmse_values": [
    0.0695775784495227,
    0.06613250013571716,
    0.07004631838895407
  ],
  "mse_mean": 0.00470701123898228,
  "mse_std": 0.0002906705316789413,
  "mse_values": [
    0.004841039422899485,
    0.00437350757420063,
    0.0049064867198467255
  ],
  "mae_mean": 0.046588959793249764,
  "mae_std": 0.00010177951583037478,
  "mae_values": [
    0.046627677977085114,
    0.04647350311279297,
    0.046665698289871216
  ],
  "imputation_time_mean": 0.17584896087646484,
  "imputation_time_std": 0.0022434253982280346,
  "imputation_time_values": [
    0.1757678985595703,
    0.1781318187713623,
    0.17364716529846191
  ],
  "n_neighbors": 100,
  "weights": "uniform",
  "metric": "cosine"
}