{
  "seeds": [
    42,
    50,
    100
  ],
  "n_runs": 3,
  "r2_mean": -0.3450068235397339,
  "r2_std": 0.017663975134714526,
  "r2_values": [
    -0.3452937602996826,
    -0.32720112800598145,
    -0.3625255823135376
  ],
  "rmse_mean": 0.0659712540320125,
  "rmse_std": 0.0011060292845607887,
  "rmse_values": [
    0.06611151009670697,
    0.06700046532650815,
    0.06480178667282238
  ],
  "mse_mean": 0.00435302189240853,
  "mse_std": 0.0001457048605877679,
  "mse_values": [
    0.004370731767266989,
    0.00448906235396862,
    0.004199271555989981
  ],
  "mae_mean": 0.04353606949249903,
  "mae_std": 0.00023023983908980724,
  "mae_values": [
    0.04352160543203354,
    0.04377320036292076,
    0.0433134026825428
  ],
  "imputation_time_mean": 0.7148573398590088,
  "imputation_time_std": 0.013518582456135207,
  "imputation_time_values": [
    0.7013289928436279,
    0.7148768901824951,
    0.7283661365509033
  ],
  "n_neighbors": 75,
  "weights": "uniform",
  "metric": "euclidean"
}