{
  "seeds": [
    42,
    50,
    100
  ],
  "n_runs": 3,
  "r2_mean": -0.3817312717437744,
  "r2_std": 0.03479900191797076,
  "r2_values": [
    -0.37874698638916016,
    -0.34852051734924316,
    -0.4179263114929199
  ],
  "rmse_mean": 0.06684841652177283,
  "rmse_std": 0.0011592606322223418,
  "rmse_values": [
    0.06696784046933237,
    0.06794334243667614,
    0.06563406665930999
  ],
  "mse_mean": 0.004469606714944045,
  "mse_std": 0.0001547858221398501,
  "mse_values": [
    0.00448469165712595,
    0.004616297781467438,
    0.004307830706238747
  ],
  "mae_mean": 0.04431728025277456,
  "mae_std": 0.00019609130603880212,
  "mae_values": [
    0.04425116628408432,
    0.04453788325190544,
    0.04416279122233391
  ],
  "imputation_time_mean": 1.1255643367767334,
  "imputation_time_std": 0.015541608968871641,
  "imputation_time_values": [
    1.1101319789886475,
    1.1253480911254883,
    1.1412129402160645
  ],
  "n_neighbors": 300,
  "weights": "distance",
  "metric": "manhattan"
}