{
  "seeds": [
    42,
    50,
    100
  ],
  "n_runs": 3,
  "r2_mean": -0.33890628814697266,
  "r2_std": 0.016910885760558148,
  "r2_values": [
    -0.3402228355407715,
    -0.32137560844421387,
    -0.3551204204559326
  ],
  "rmse_mean": 0.0658218344806208,
  "rmse_std": 0.0011230273003207227,
  "rmse_values": [
    0.06598679163985806,
    0.06685325992244118,
    0.06462545187956321
  ],
  "mse_mean": 0.004333354687939088,
  "mse_std": 0.00014756909841476092,
  "mse_values": [
    0.004354256670922041,
    0.004469358362257481,
    0.004176449030637741
  ],
  "mae_mean": 0.04324836532274882,
  "mae_std": 0.0002559517581469354,
  "mae_values": [
    0.04321378096938133,
    0.04351985082030296,
    0.043011464178562164
  ],
  "imputation_time_mean": 0.6041833559672037,
  "imputation_time_std": 0.028599336030793763,
  "imputation_time_values": [
    0.6311929225921631,
    0.6071341037750244,
    0.5742230415344238
  ],
  "n_neighbors": 50,
  "weights": "distance",
  "metric": "euclidean"
}