{
  "seeds": [
    42,
    50,
    100
  ],
  "n_runs": 3,
  "r2_mean": -0.3402947982152303,
  "r2_std": 0.03380648645010017,
  "r2_values": [
    -0.34948742389678955,
    -0.30284273624420166,
    -0.3685542345046997
  ],
  "rmse_mean": 0.06583914194945954,
  "rmse_std": 0.0012053709994084034,
  "rmse_values": [
    0.06625344071248022,
    0.06678272565925861,
    0.06448125947663982
  ],
  "mse_mean": 0.004335761225471894,
  "mse_std": 0.00015806144813059486,
  "mse_values": [
    0.004389518406242132,
    0.004459932446479797,
    0.004157832823693752
  ],
  "mae_mean": 0.042766373604536057,
  "mae_std": 0.00015551394207890103,
  "mae_values": [
    0.042725857347249985,
    0.04293813556432724,
    0.042635127902030945
  ],
  "imputation_time_mean": 0.28023815155029297,
  "imputation_time_std": 0.004599484223949399,
  "imputation_time_values": [
    0.28051185607910156,
    0.27550792694091797,
    0.2846946716308594
  ],
  "n_neighbors": 20,
  "weights": "distance",
  "metric": "euclidean"
}