{
  "seeds": [
    42,
    50,
    100
  ],
  "n_runs": 3,
  "r2_mean": -0.32117243607838947,
  "r2_std": 0.017745304307781106,
  "r2_values": [
    -0.3168320655822754,
    -0.3059999942779541,
    -0.34068524837493896
  ],
  "rmse_mean": 0.06538397451930761,
  "rmse_std": 0.0010916273616667859,
  "rmse_values": [
    0.06540842920815762,
    0.06646316907904457,
    0.06428032527072064
  ],
  "mse_mean": 0.004275858557472627,
  "mse_std": 0.00014271150097439246,
  "mse_values": [
    0.004278262611478567,
    0.004417352844029665,
    0.004131960216909647
  ],
  "mae_mean": 0.04465543602903684,
  "mae_std": 0.00024302931708530598,
  "mae_values": [
    0.04464210197329521,
    0.044904857873916626,
    0.04441934823989868
  ],
  "imputation_time_mean": 0.6452036698659261,
  "imputation_time_std": 0.032029388243863144,
  "imputation_time_values": [
    0.630836009979248,
    0.681901216506958,
    0.6228737831115723
  ],
  "n_neighbors": 20,
  "weights": "uniform",
  "metric": "cosine"
}