{
  "seeds": [
    42,
    50,
    100
  ],
  "n_runs": 3,
  "r2_mean": -0.4827592372894287,
  "r2_std": 0.047441599221787104,
  "r2_values": [
    -0.48365306854248047,
    -0.43487703800201416,
    -0.5297476053237915
  ],
  "rmse_mean": 0.06924230794528596,
  "rmse_std": 0.0009759574533031196,
  "rmse_values": [
    0.06946886443717719,
    0.07008506163795139,
    0.06817299776072933
  ],
  "mse_mean": 0.004795132204890251,
  "mse_std": 0.00013484205774437664,
  "mse_values": [
    0.004825923126190901,
    0.004911915864795446,
    0.004647557623684406
  ],
  "mae_mean": 0.04335316022237142,
  "mae_std": 0.00032911770706664,
  "mae_values": [
    0.04343781620264053,
    0.04363168030977249,
    0.04298998415470123
  ],
  "imputation_time_mean": 0.3156425952911377,
  "imputation_time_std": 0.005183543097142099,
  "imputation_time_values": [
    0.31744384765625,
    0.3097987174987793,
    0.3196852207183838
  ],
  "n_neighbors": 5,
  "weights": "uniform",
  "metric": "cosine"
}