{
  "seeds": [
    42,
    50,
    100
  ],
  "n_runs": 3,
  "r2_mean": -0.5658859014511108,
  "r2_std": 0.03344852882316632,
  "r2_values": [
    -0.5543826818466187,
    -0.5397069454193115,
    -0.6035680770874023
  ],
  "rmse_mean": 0.07116802579488099,
  "rmse_std": 0.0014018331908196803,
  "rmse_values": [
    0.07110546914125637,
    0.07260009007739786,
    0.06979851816598873
  ],
  "mse_mean": 0.005066197986404101,
  "mse_std": 0.0001996658607977313,
  "mse_values": [
    0.0050559877417981625,
    0.005270773079246283,
    0.004871833138167858
  ],
  "mae_mean": 0.040882175167401634,
  "mae_std": 0.00020269213077167317,
  "mae_values": [
    0.040749046951532364,
    0.041115447878837585,
    0.040782030671834946
  ],
  "imputation_time_mean": 0.7528247833251953,
  "imputation_time_std": 0.021304070587930615,
  "imputation_time_values": [
    0.7284932136535645,
    0.7681281566619873,
    0.7618529796600342
  ],
  "n_neighbors": 5,
  "weights": "uniform",
  "metric": "manhattan"
}