{
  "seeds": [
    42,
    50,
    100
  ],
  "n_runs": 3,
  "r2_mean": -0.3810893694559733,
  "r2_std": 0.0234445346789822,
  "r2_values": [
    -0.37953007221221924,
    -0.3584634065628052,
    -0.4052746295928955
  ],
  "rmse_mean": 0.06684764662080918,
  "rmse_std": 0.0009910089647497831,
  "rmse_values": [
    0.0669474601185216,
    0.06778497171780797,
    0.06581050802609799
  ],
  "mse_mean": 0.004469262591252725,
  "mse_std": 0.0001323474983378373,
  "mse_values": [
    0.004481962416321039,
    0.004594802390784025,
    0.004331022966653109
  ],
  "mae_mean": 0.0446016031006972,
  "mae_std": 0.00016074023207141545,
  "mae_values": [
    0.04460466653108597,
    0.04476078972220421,
    0.04443935304880142
  ],
  "imputation_time_mean": 1.369094689687093,
  "imputation_time_std": 0.1244446579274623,
  "imputation_time_values": [
    1.5021281242370605,
    1.349621057510376,
    1.2555348873138428
  ],
  "n_neighbors": 400,
  "weights": "distance",
  "metric": "manhattan"
}