{
  "seeds": [
    42,
    50,
    100
  ],
  "n_runs": 3,
  "r2_mean": -0.35269145170847577,
  "r2_std": 0.023786639930681888,
  "r2_values": [
    -0.35229969024658203,
    -0.32910311222076416,
    -0.37667155265808105
  ],
  "rmse_mean": 0.06615640021439687,
  "rmse_std": 0.0009618854756349397,
  "rmse_values": [
    0.06628343500944922,
    0.06704845609447527,
    0.06513730953926611
  ],
  "mse_mean": 0.004377286105106275,
  "mse_std": 0.00012709066355156364,
  "mse_values": [
    0.004393493756651878,
    0.004495495464652777,
    0.004242869094014168
  ],
  "mae_mean": 0.043264999985694885,
  "mae_std": 0.0001325841573313583,
  "mae_values": [
    0.04328081011772156,
    0.0433889701962471,
    0.043125219643116
  ],
  "imputation_time_mean": 1.2675023078918457,
  "imputation_time_std": 0.018077222924104543,
  "imputation_time_values": [
    1.2686049938201904,
    1.248898983001709,
    1.2850029468536377
  ],
  "n_neighbors": 125,
  "weights": "distance",
  "metric": "manhattan"
}