{
  "seeds": [
    42,
    50,
    100
  ],
  "n_runs": 3,
  "r2_mean": -0.819639523824056,
  "r2_std": 0.04433798749598864,
  "r2_values": [
    -0.8079224824905396,
    -0.7823368310928345,
    -0.868659257888794
  ],
  "rmse_mean": 0.07672434262646242,
  "rmse_std": 0.0008801045414559197,
  "rmse_values": [
    0.07664050925632024,
    0.07764336419604238,
    0.07588915442702468
  ],
  "mse_mean": 0.005887141140798728,
  "mse_std": 0.00013516124913722232,
  "mse_values": [
    0.005873767659068108,
    0.0060284920036792755,
    0.0057591637596488
  ],
  "mae_mean": 0.041587233543395996,
  "mae_std": 0.0004176177695966497,
  "mae_values": [
    0.04138732701539993,
    0.04206722974777222,
    0.04130714386701584
  ],
  "imputation_time_mean": 0.5242596467336019,
  "imputation_time_std": 0.008445559114134762,
  "imputation_time_values": [
    0.5272579193115234,
    0.530797004699707,
    0.5147240161895752
  ],
  "n_neighbors": 3,
  "weights": "uniform",
  "metric": "euclidean"
}