{
  "seeds": [
    42,
    50,
    100
  ],
  "n_runs": 3,
  "r2_mean": -0.4282733201980591,
  "r2_std": 0.020951238670868993,
  "r2_values": [
    -0.4236471652984619,
    -0.4100217819213867,
    -0.4511510133743286
  ],
  "rmse_mean": 0.06798164998416455,
  "rmse_std": 0.0010918791208221119,
  "rmse_values": [
    0.06800952009240699,
    0.06905932725009435,
    0.0668761026099923
  ],
  "mse_mean": 0.004622299534579118,
  "mse_std": 0.00014841146115857,
  "mse_values": [
    0.004625294823199511,
    0.004769190680235624,
    0.004472413100302219
  ],
  "mae_mean": 0.04125930368900299,
  "mae_std": 0.00023329712521742905,
  "mae_values": [
    0.04124391824007034,
    0.04149991273880005,
    0.04103408008813858
  ],
  "imputation_time_mean": 1.064351240793864,
  "imputation_time_std": 0.01545310150541201,
  "imputation_time_values": [
    1.0661468505859375,
    1.0788280963897705,
    1.0480787754058838
  ],
  "n_neighbors": 10,
  "weights": "uniform",
  "metric": "manhattan"
}