{
  "seeds": [
    42,
    50,
    100
  ],
  "n_runs": 3,
  "r2_mean": -0.32128310203552246,
  "r2_std": 0.013608083116519976,
  "r2_values": [
    -0.30610454082489014,
    -0.3323920965194702,
    -0.32535266876220703
  ],
  "rmse_mean": 0.06869319285145024,
  "rmse_std": 0.0019125322748490326,
  "rmse_values": [
    0.06955858534425505,
    0.06650092234478287,
    0.07002007086531283
  ],
  "mse_mean": 0.004721193263928096,
  "mse_std": 0.00026078263933659656,
  "mse_values": [
    0.004838396795094013,
    0.004422372672706842,
    0.004902810323983431
  ],
  "mae_mean": 0.04457834859689077,
  "mae_std": 0.0001116958566429763,
  "mae_values": [
    0.04452282935380936,
    0.0445052906870842,
    0.04470692574977875
  ],
  "imputation_time_mean": 0.7130057017008463,
  "imputation_time_std": 0.02455516404025299,
  "imputation_time_values": [
    0.6929891109466553,
    0.7404053211212158,
    0.705622673034668
  ],
  "n_neighbors": 250,
  "weights": "uniform",
  "metric": "manhattan"
}