{
  "seeds": [
    42,
    50,
    100
  ],
  "n_runs": 3,
  "r2_mean": -0.29909205436706543,
  "r2_std": 0.012294504773626778,
  "r2_values": [
    -0.28588342666625977,
    -0.3011903762817383,
    -0.31020236015319824
  ],
  "rmse_mean": 0.06811813513355619,
  "rmse_std": 0.002100458168348112,
  "rmse_values": [
    0.06901803139595146,
    0.06571765770120064,
    0.06961871630351646
  ],
  "mse_mean": 0.004643021617084742,
  "mse_std": 0.00028384570578229856,
  "mse_values": [
    0.004763488657772541,
    0.004318810533732176,
    0.004846765659749508
  ],
  "mae_mean": 0.04363940159479777,
  "mae_std": 0.00014420024496115329,
  "mae_values": [
    0.04361053928732872,
    0.04351181536912918,
    0.04379585012793541
  ],
  "imputation_time_mean": 0.6065452098846436,
  "imputation_time_std": 0.014789810931357322,
  "imputation_time_values": [
    0.6111459732055664,
    0.5900018215179443,
    0.6184878349304199
  ],
  "n_neighbors": 100,
  "weights": "distance",
  "metric": "manhattan"
}