{
  "seeds": [
    42,
    50,
    100
  ],
  "n_runs": 3,
  "r2_mean": -0.36140390237172443,
  "r2_std": 0.03329938850624966,
  "r2_values": [
    -0.36237454414367676,
    -0.32762980461120605,
    -0.3942073583602905
  ],
  "rmse_mean": 0.06635561573974436,
  "rmse_std": 0.0011806675404328654,
  "rmse_values": [
    0.06656903762008497,
    0.06741501550048357,
    0.06508279409866452
  ],
  "mse_mean": 0.004403997057427962,
  "mse_std": 0.00015632386738783762,
  "mse_values": [
    0.004431436769664288,
    0.004544784314930439,
    0.004235770087689161
  ],
  "mae_mean": 0.04412007207671801,
  "mae_std": 0.00022534658179663509,
  "mae_values": [
    0.04398379102349281,
    0.04438018053770065,
    0.04399624466896057
  ],
  "imputation_time_mean": 0.4164124329884847,
  "imputation_time_std": 0.007735619796447064,
  "imputation_time_values": [
    0.4145820140838623,
    0.4097561836242676,
    0.4248991012573242
  ],
  "n_neighbors": 125,
  "weights": "distance",
  "metric": "euclidean"
}