{
  "seeds": [
    42,
    50,
    100
  ],
  "n_runs": 3,
  "r2_mean": -0.39248069127400714,
  "r2_std": 0.01716592972199523,
  "r2_values": [
    -0.39104020595550537,
    -0.37608039379119873,
    -0.4103214740753174
  ],
  "rmse_mean": 0.06712594190911109,
  "rmse_std": 0.0011505302787144188,
  "rmse_values": [
    0.06722616563510288,
    0.06822308168625345,
    0.06592857840597693
  ],
  "mse_mean": 0.004506774557133515,
  "mse_std": 0.0001542910014838668,
  "mse_values": [
    0.004519357345998287,
    0.004654388874769211,
    0.004346577450633049
  ],
  "mae_mean": 0.04217758526404699,
  "mae_std": 0.0003056799080091727,
  "mae_values": [
    0.04207250103354454,
    0.042521946132183075,
    0.041938308626413345
  ],
  "imputation_time_mean": 0.6084107557932535,
  "imputation_time_std": 0.004651388285485673,
  "imputation_time_values": [
    0.6044399738311768,
    0.6072640419006348,
    0.6135282516479492
  ],
  "n_neighbors": 10,
  "weights": "distance",
  "metric": "euclidean"
}