{
  "seeds": [
    42,
    50,
    100
  ],
  "n_runs": 3,
  "r2_mean": -0.5029397408167521,
  "r2_std": 0.04039374960111064,
  "r2_values": [
    -0.5065004825592041,
    -0.4608834981918335,
    -0.5414352416992188
  ],
  "rmse_mean": 0.06971732665119092,
  "rmse_std": 0.0011684567518579125,
  "rmse_values": [
    0.07000171003637129,
    0.07071734148486354,
    0.06843292843233792
  ],
  "mse_mean": 0.004861415829509497,
  "mse_std": 0.00016245568827271688,
  "mse_values": [
    0.004900239408016205,
    0.005000942386686802,
    0.004683065693825483
  ],
  "mae_mean": 0.04176808272798856,
  "mae_std": 0.00012272703424319635,
  "mae_values": [
    0.041739266365766525,
    0.041902653872966766,
    0.04166232794523239
  ],
  "imputation_time_mean": 0.3402002652486165,
  "imputation_time_std": 0.031499870835933697,
  "imputation_time_values": [
    0.32700395584106445,
    0.3174448013305664,
    0.37615203857421875
  ],
  "n_neighbors": 5,
  "weights": "distance",
  "metric": "euclidean"
}