{
  "seeds": [
    42,
    50,
    100
  ],
  "n_runs": 3,
  "r2_mean": -0.3446513017018636,
  "r2_std": 0.03133144281020693,
  "r2_values": [
    -0.351955771446228,
    -0.3103128671646118,
    -0.371685266494751
  ],
  "rmse_mean": 0.06594762947268822,
  "rmse_std": 0.0012503923062102164,
  "rmse_values": [
    0.06631400559578567,
    0.06697390712861466,
    0.0645549756936643
  ],
  "mse_mean": 0.004350132153679927,
  "mse_std": 0.00016429392158606496,
  "mse_values": [
    0.004397547338157892,
    0.004485504236072302,
    0.0041673448868095875
  ],
  "mae_mean": 0.043464859326680504,
  "mae_std": 0.00020825341235835757,
  "mae_values": [
    0.04339170455932617,
    0.04369981959462166,
    0.043303053826093674
  ],
  "imputation_time_mean": 0.3066062132517497,
  "imputation_time_std": 0.00937719006746875,
  "imputation_time_values": [
    0.2968902587890625,
    0.3073251247406006,
    0.31560325622558594
  ],
  "n_neighbors": 50,
  "weights": "uniform",
  "metric": "euclidean"
}