{
  "seeds": [
    42,
    50,
    100
  ],
  "n_runs": 3,
  "r2_mean": -0.36397608121236164,
  "r2_std": 0.016879116739992095,
  "r2_values": [
    -0.3452047109603882,
    -0.37790393829345703,
    -0.36881959438323975
  ],
  "rmse_mean": 0.06979274814614383,
  "rmse_std": 0.001896762362820142,
  "rmse_values": [
    0.0705920760721228,
    0.06762715281102415,
    0.07115901555528456
  ],
  "mse_mean": 0.004873426165431738,
  "mse_std": 0.00026289174668188967,
  "mse_values": [
    0.004983241204172373,
    0.004573431797325611,
    0.00506360549479723
  ],
  "mae_mean": 0.04740387573838234,
  "mae_std": 4.5300086521752636e-05,
  "mae_values": [
    0.047351568937301636,
    0.04743034020066261,
    0.04742971807718277
  ],
  "imputation_time_mean": 0.21704729398091635,
  "imputation_time_std": 0.017614955471913298,
  "imputation_time_values": [
    0.19846391677856445,
    0.2191779613494873,
    0.23350000381469727
  ],
  "n_neighbors": 250,
  "weights": "uniform",
  "metric": "cosine"
}