{
  "seeds": [
    42,
    50,
    100
  ],
  "n_runs": 3,
  "r2_mean": -0.34359316031138104,
  "r2_std": 0.01766211917506416,
  "r2_values": [
    -0.34391188621520996,
    -0.32577383518218994,
    -0.36109375953674316
  ],
  "rmse_mean": 0.06593656827056264,
  "rmse_std": 0.0011051127258377552,
  "rmse_values": [
    0.06607754782674713,
    0.06696442621080101,
    0.06476773077413978
  ],
  "mse_mean": 0.00434844521805644,
  "mse_std": 0.0001455063139802907,
  "mse_values": [
    0.004366242326796055,
    0.004484234377741814,
    0.0041948589496314526
  ],
  "mae_mean": 0.043512182931105294,
  "mae_std": 0.00023040859413592826,
  "mae_values": [
    0.04349684715270996,
    0.04374987632036209,
    0.043289825320243835
  ],
  "imputation_time_mean": 0.7002570629119873,
  "imputation_time_std": 0.021451325658201584,
  "imputation_time_values": [
    0.6811561584472656,
    0.6961500644683838,
    0.7234649658203125
  ],
  "n_neighbors": 75,
  "weights": "distance",
  "metric": "euclidean"
}