{
  "seeds": [
    42,
    50,
    100
  ],
  "n_runs": 3,
  "r2_mean": -0.367082158724467,
  "r2_std": 0.021808946629002825,
  "r2_values": [
    -0.3716926574707031,
    -0.3433365821838379,
    -0.38621723651885986
  ],
  "rmse_mean": 0.0665087580679411,
  "rmse_std": 0.001044252424823223,
  "rmse_values": [
    0.06675701206725171,
    0.06740651197652262,
    0.06536275016004899
  ],
  "mse_mean": 0.004424141875157754,
  "mse_std": 0.00013853792606988716,
  "mse_values": [
    0.00445649866014719,
    0.004543637856841087,
    0.0042722891084849834
  ],
  "mae_mean": 0.04172014196713766,
  "mae_std": 0.00020473436839435805,
  "mae_values": [
    0.04176400974392891,
    0.041899386793375015,
    0.04149702936410904
  ],
  "imputation_time_mean": 1.0323675473531086,
  "imputation_time_std": 0.09490021470389774,
  "imputation_time_values": [
    1.113891839981079,
    1.0550198554992676,
    0.9281909465789795
  ],
  "n_neighbors": 20,
  "weights": "distance",
  "metric": "manhattan"
}