{
  "seeds": [
    42,
    50,
    100
  ],
  "n_runs": 3,
  "r2_mean": -0.42974424362182617,
  "r2_std": 0.035533235547131344,
  "r2_values": [
    -0.42633891105651855,
    -0.3960362672805786,
    -0.46685755252838135
  ],
  "rmse_mean": 0.06800025988577584,
  "rmse_std": 0.0011905893984249022,
  "rmse_values": [
    0.06811384315847438,
    0.06912998721082755,
    0.06675694928802557
  ],
  "mse_mean": 0.0046249803466101485,
  "mse_std": 0.00016172172248862462,
  "mse_values": [
    0.004639495629817247,
    0.00477895513176918,
    0.0044564902782440186
  ],
  "mae_mean": 0.04710434377193451,
  "mae_std": 0.00028332440032879637,
  "mae_values": [
    0.04702617600560188,
    0.04741854593157768,
    0.04686830937862396
  ],
  "imputation_time_mean": 0.5974524815877279,
  "imputation_time_std": 0.05149709675921945,
  "imputation_time_values": [
    0.5599839687347412,
    0.5761988162994385,
    0.6561746597290039
  ],
  "n_neighbors": 300,
  "weights": "distance",
  "metric": "cosine"
}