{
  "seeds": [
    42,
    50,
    100
  ],
  "n_runs": 3,
  "r2_mean": -0.3052842617034912,
  "r2_std": 0.011876339308792613,
  "r2_values": [
    -0.2968813180923462,
    -0.30010008811950684,
    -0.3188713788986206
  ],
  "rmse_mean": 0.06828377495184933,
  "rmse_std": 0.002262111837089658,
  "rmse_values": [
    0.06931255174541176,
    0.06569011656411655,
    0.06984865654601967
  ],
  "mse_mean": 0.004666085354983807,
  "mse_std": 0.00030616399928230564,
  "mse_values": [
    0.0048042298294603825,
    0.00431519141420722,
    0.004878834821283817
  ],
  "mae_mean": 0.04643870145082474,
  "mae_std": 0.00011798457298456173,
  "mae_values": [
    0.04648828133940697,
    0.046304017305374146,
    0.0465238057076931
  ],
  "imputation_time_mean": 0.17381731669108072,
  "imputation_time_std": 0.011234941695842542,
  "imputation_time_values": [
    0.18393778800964355,
    0.17578601837158203,
    0.1617281436920166
  ],
  "n_neighbors": 100,
  "weights": "distance",
  "metric": "cosine"
}