{
  "seeds": [
    42,
    50,
    100
  ],
  "n_runs": 3,
  "r2_mean": -0.3511570294698079,
  "r2_std": 0.03460503945771577,
  "r2_values": [
    -0.3533276319503784,
    -0.315517783164978,
    -0.3846256732940674
  ],
  "rmse_mean": 0.06610440055112325,
  "rmse_std": 0.001143582053419901,
  "rmse_values": [
    0.0663476397817803,
    0.06710679424550511,
    0.06485876762608433
  ],
  "mse_mean": 0.004370663625498612,
  "mse_std": 0.00015079460696709884,
  "mse_values": [
    0.004402009304612875,
    0.004503321833908558,
    0.004206659737974405
  ],
  "mae_mean": 0.042580556124448776,
  "mae_std": 0.00016573473764063768,
  "mae_values": [
    0.04256433621048927,
    0.042753804475069046,
    0.04242352768778801
  ],
  "imputation_time_mean": 0.8064305782318115,
  "imputation_time_std": 0.01485017516094832,
  "imputation_time_values": [
    0.7893857955932617,
    0.8133299350738525,
    0.8165760040283203
  ],
  "n_neighbors": 50,
  "weights": "distance",
  "metric": "manhattan"
}