{
  "seeds": [
    42,
    50,
    100
  ],
  "n_runs": 3,
  "r2_mean": -0.35535232226053876,
  "r2_std": 0.014813364337821999,
  "r2_values": [
    -0.3383992910385132,
    -0.36579906940460205,
    -0.361858606338501
  ],
  "rmse_mean": 0.06957352814122413,
  "rmse_std": 0.001963824339661428,
  "rmse_values": [
    0.07041328544911692,
    0.0673294478029985,
    0.07097785117155693
  ],
  "mse_mean": 0.004843046888709068,
  "mse_std": 0.00027124060365670135,
  "mse_values": [
    0.004958030767738819,
    0.004533254541456699,
    0.005037855356931686
  ],
  "mae_mean": 0.047287595768769584,
  "mae_std": 3.695660892593859e-05,
  "mae_values": [
    0.04724571108818054,
    0.04730146378278732,
    0.04731561243534088
  ],
  "imputation_time_mean": 0.2272787888844808,
  "imputation_time_std": 0.007206587257875025,
  "imputation_time_values": [
    0.22675204277038574,
    0.22035002708435059,
    0.23473429679870605
  ],
  "n_neighbors": 250,
  "weights": "distance",
  "metric": "cosine"
}