{
  "seeds": [
    42,
    50,
    100
  ],
  "n_runs": 3,
  "r2_mean": -0.2306884527206421,
  "r2_std": 0.05963744377757267,
  "r2_values": [
    -0.2082885503768921,
    -0.18549418449401855,
    -0.2982826232910156
  ],
  "rmse_mean": 0.0663108428981381,
  "rmse_std": 0.0033264615411885633,
  "rmse_values": [
    0.06690323209214556,
    0.0627279854545491,
    0.06930131114771965
  ],
  "mse_mean": 0.004404504783451557,
  "mse_std": 0.00043833605180170523,
  "mse_values": [
    0.004476042464375496,
    0.003934800159186125,
    0.004802671726793051
  ],
  "mae_mean": 0.04494441673159599,
  "mae_std": 0.0003253323846721755,
  "mae_values": [
    0.044965773820877075,
    0.04460893198847771,
    0.0452585443854332
  ],
  "imputation_time_mean": 0.15477871894836426,
  "imputation_time_std": 0.0030297169529365977,
  "imputation_time_values": [
    0.15264201164245605,
    0.15344810485839844,
    0.15824604034423828
  ],
  "n_neighbors": 30,
  "weights": "distance",
  "metric": "cosine"
}