{
  "seeds": [
    42,
    50,
    100
  ],
  "n_runs": 3,
  "r2_mean": -0.40476195017496747,
  "r2_std": 0.020336744359478492,
  "r2_values": [
    -0.4030414819717407,
    -0.3853400945663452,
    -0.4259042739868164
  ],
  "rmse_mean": 0.06741985953525761,
  "rmse_std": 0.0010833897673566168,
  "rmse_values": [
    0.06751554311836962,
    0.06845223386881508,
    0.06629180161858814
  ],
  "mse_mean": 0.004546219948679209,
  "mse_std": 0.00014593118268953342,
  "mse_values": [
    0.004558348562568426,
    0.004685708321630955,
    0.004394602961838245
  ],
  "mae_mean": 0.04668825243910154,
  "mae_std": 0.00025382013655568823,
  "mae_values": [
    0.0466792955994606,
    0.04694643244147301,
    0.046439029276371
  ],
  "imputation_time_mean": 0.8017763296763102,
  "imputation_time_std": 0.011796649995926382,
  "imputation_time_values": [
    0.8108720779418945,
    0.7884471416473389,
    0.8060097694396973
  ],
  "n_neighbors": 150,
  "weights": "uniform",
  "metric": "cosine"
}