{
  "seeds": [
    42,
    50,
    100
  ],
  "n_runs": 3,
  "r2_mean": -0.2703697284062703,
  "r2_std": 0.08635134954385802,
  "r2_values": [
    -0.26416659355163574,
    -0.18728721141815186,
    -0.35965538024902344
  ],
  "rmse_mean": 0.06737618588790469,
  "rmse_std": 0.004174027186547823,
  "rmse_values": [
    0.06843273790221603,
    0.06277540741484045,
    0.07092041234665757
  ],
  "mse_mean": 0.004551165426770846,
  "mse_std": 0.0005563252835880768,
  "mse_values": [
    0.004683039616793394,
    0.003940751776099205,
    0.005029704887419939
  ],
  "mae_mean": 0.04424829905231794,
  "mae_std": 0.0005098289563190869,
  "mae_values": [
    0.04434492811560631,
    0.04369707033038139,
    0.04470289871096611
  ],
  "imputation_time_mean": 0.1461782455444336,
  "imputation_time_std": 0.007452759324998572,
  "imputation_time_values": [
    0.14477205276489258,
    0.1542339324951172,
    0.13952875137329102
  ],
  "n_neighbors": 10,
  "weights": "distance",
  "metric": "cosine"
}