{
  "seeds": [
    42,
    50,
    100
  ],
  "n_runs": 3,
  "r2_mean": -0.595993439356486,
  "r2_std": 0.020124317820013334,
  "r2_values": [
    -0.5862197875976562,
    -0.5826225280761719,
    -0.6191380023956299
  ],
  "rmse_mean": 0.07186426510907214,
  "rmse_std": 0.0012633157775574695,
  "rmse_values": [
    0.07178771988483658,
    0.07316411307578062,
    0.0706409623665992
  ],
  "mse_mean": 0.005165536577502887,
  "mse_std": 0.00018172131722017616,
  "mse_values": [
    0.0051534767262637615,
    0.005352987442165613,
    0.004990145564079285
  ],
  "mae_mean": 0.040818892419338226,
  "mae_std": 0.0002761315672172331,
  "mae_values": [
    0.040675483644008636,
    0.041137222200632095,
    0.04064397141337395
  ],
  "imputation_time_mean": 1.0173779328664143,
  "imputation_time_std": 0.00973118256968789,
  "imputation_time_values": [
    1.012706995010376,
    1.0108628273010254,
    1.0285639762878418
  ],
  "n_neighbors": 5,
  "weights": "uniform",
  "metric": "manhattan"
}