{
  "seeds": [
    42,
    50,
    100
  ],
  "n_runs": 3,
  "r2_mean": -0.9086505572001139,
  "r2_std": 0.04476747025552984,
  "r2_values": [
    -0.8750510215759277,
    -0.8914293050765991,
    -0.9594713449478149
  ],
  "rmse_mean": 0.07858197393772935,
  "rmse_std": 0.0012261864953862353,
  "rmse_values": [
    0.07805037808981165,
    0.07998425226729362,
    0.07771129145608277
  ],
  "mse_mean": 0.00617612898349762,
  "mse_std": 0.00019350661002375062,
  "mse_values": [
    0.006091861519962549,
    0.006397480610758066,
    0.0060390448197722435
  ],
  "mae_mean": 0.04063820963104566,
  "mae_std": 0.00022639391818116044,
  "mae_values": [
    0.04039926454424858,
    0.04084951430559158,
    0.040665850043296814
  ],
  "imputation_time_mean": 1.0182876586914062,
  "imputation_time_std": 0.011873434280227267,
  "imputation_time_values": [
    1.0072507858276367,
    1.0308501720428467,
    1.0167620182037354
  ],
  "n_neighbors": 3,
  "weights": "uniform",
  "metric": "manhattan"
}