{
  "seeds": [
    42,
    50,
    100
  ],
  "n_runs": 3,
  "r2_mean": -0.3082003593444824,
  "r2_std": 0.011854019161299698,
  "r2_values": [
    -0.2945610284805298,
    -0.31402289867401123,
    -0.31601715087890625
  ],
  "rmse_mean": 0.06835482324936777,
  "rmse_std": 0.00202085745334828,
  "rmse_values": [
    0.06925051759920621,
    0.06604092045617135,
    0.06977303169272576
  ],
  "mse_mean": 0.004675104438016812,
  "mse_std": 0.0002740904383939807,
  "mse_values": [
    0.004795634187757969,
    0.004361403174698353,
    0.004868275951594114
  ],
  "mae_mean": 0.044062344978253044,
  "mae_std": 0.0001547677257629566,
  "mae_values": [
    0.04398562014102936,
    0.04396092891693115,
    0.04424048587679863
  ],
  "imputation_time_mean": 0.6603924433390299,
  "imputation_time_std": 0.005470756042729603,
  "imputation_time_values": [
    0.6589057445526123,
    0.6558187007904053,
    0.6664528846740723
  ],
  "n_neighbors": 150,
  "weights": "uniform",
  "metric": "manhattan"
}