{
  "seeds": [
    42,
    50,
    100
  ],
  "n_runs": 3,
  "r2_mean": -0.43762755393981934,
  "r2_std": 0.03595011071324386,
  "r2_values": [
    -0.433788537979126,
    -0.403751015663147,
    -0.47534310817718506
  ],
  "rmse_mean": 0.06818732792140894,
  "rmse_std": 0.0011889162058602092,
  "rmse_values": [
    0.06829148736281031,
    0.06932073748899063,
    0.06694975891242588
  ],
  "mse_mean": 0.00465045403689146,
  "mse_std": 0.0001619556601317889,
  "mse_values": [
    0.00466372724622488,
    0.004805364646017551,
    0.00448227021843195
  ],
  "mae_mean": 0.047206311176220574,
  "mae_std": 0.0002827077606968818,
  "mae_values": [
    0.047123633325099945,
    0.047521140426397324,
    0.04697415977716446
  ],
  "imputation_time_mean": 0.5540227890014648,
  "imputation_time_std": 0.025375855772755106,
  "imputation_time_values": [
    0.5371181964874268,
    0.541748046875,
    0.5832021236419678
  ],
  "n_neighbors": 300,
  "weights": "uniform",
  "metric": "cosine"
}