{
  "seeds": [
    42,
    50,
    100
  ],
  "n_runs": 3,
  "r2_mean": -0.3217981259028117,
  "r2_std": 0.007153049969929694,
  "r2_values": [
    -0.3142491579055786,
    -0.32847535610198975,
    -0.3226698637008667
  ],
  "rmse_mean": 0.06870913356235989,
  "rmse_std": 0.001998971451525974,
  "rmse_values": [
    0.06977512394271512,
    0.06640310841029261,
    0.06994916833407192
  ],
  "mse_mean": 0.004723608959466219,
  "mse_std": 0.00027240799166048713,
  "mse_values": [
    0.004868567921221256,
    0.004409372806549072,
    0.004892886150628328
  ],
  "mae_mean": 0.04513105129202207,
  "mae_std": 2.7163523889675016e-05,
  "mae_values": [
    0.04510647803544998,
    0.04512645676732063,
    0.04516021907329559
  ],
  "imputation_time_mean": 0.20662164688110352,
  "imputation_time_std": 0.025599588999832588,
  "imputation_time_values": [
    0.2033369541168213,
    0.18282294273376465,
    0.2337050437927246
  ],
  "n_neighbors": 200,
  "weights": "uniform",
  "metric": "euclidean"
}