{
  "seeds": [
    42,
    50,
    100
  ],
  "n_runs": 3,
  "r2_mean": -0.3340400457382202,
  "r2_std": 0.017995824053620015,
  "r2_values": [
    -0.3353942632675171,
    -0.31540536880493164,
    -0.3513205051422119
  ],
  "rmse_mean": 0.0657015514916469,
  "rmse_std": 0.0010931633868452484,
  "rmse_values": [
    0.06586781112313239,
    0.06670206114156729,
    0.064534782210241
  ],
  "mse_mean": 0.004317490539203088,
  "mse_std": 0.0001433801565147352,
  "mse_values": [
    0.004338568542152643,
    0.0044491649605333805,
    0.004164738114923239
  ],
  "mae_mean": 0.04547427346309026,
  "mae_std": 0.0002879047704992531,
  "mae_values": [
    0.045501116663217545,
    0.04574781656265259,
    0.04517388716340065
  ],
  "imputation_time_mean": 0.526162306467692,
  "imputation_time_std": 0.042814015858444104,
  "imputation_time_values": [
    0.5729119777679443,
    0.516711950302124,
    0.4888629913330078
  ],
  "n_neighbors": 50,
  "weights": "distance",
  "metric": "cosine"
}