{
  "seeds": [
    42,
    50,
    100
  ],
  "n_runs": 3,
  "r2_mean": -0.3702189127604167,
  "r2_std": 0.034319721399088086,
  "r2_values": [
    -0.36738860607147217,
    -0.33740198612213135,
    -0.4058661460876465
  ],
  "rmse_mean": 0.06656947928613559,
  "rmse_std": 0.0011589817309879346,
  "rmse_values": [
    0.06669142441566947,
    0.06766266688867689,
    0.06535434655406039
  ],
  "mse_mean": 0.0044323910648624105,
  "mse_std": 0.00015409777822512913,
  "mse_values": [
    0.004447746090590954,
    0.004578236490488052,
    0.0042711906135082245
  ],
  "mae_mean": 0.043849977354208626,
  "mae_std": 0.00018729862893128555,
  "mae_values": [
    0.04379228129982948,
    0.04405933618545532,
    0.04369831457734108
  ],
  "imputation_time_mean": 1.0225671132405598,
  "imputation_time_std": 0.019966562010568643,
  "imputation_time_values": [
    1.0352647304534912,
    1.032883882522583,
    0.9995527267456055
  ],
  "n_neighbors": 200,
  "weights": "distance",
  "metric": "manhattan"
}