{
  "seeds": [
    42,
    50,
    100
  ],
  "n_runs": 3,
  "r2_mean": -0.36040862401326496,
  "r2_std": 0.0336916880473629,
  "r2_values": [
    -0.35859179496765137,
    -0.3276621103286743,
    -0.39497196674346924
  ],
  "rmse_mean": 0.06633101008140023,
  "rmse_std": 0.0011644429398584182,
  "rmse_values": [
    0.06647655678109204,
    0.06741583747397059,
    0.06510063598913803
  ],
  "mse_mean": 0.004400706849992275,
  "mse_std": 0.00015422888705204346,
  "mse_values": [
    0.004419132601469755,
    0.004544895142316818,
    0.004238092806190252
  ],
  "mae_mean": 0.04337420935432116,
  "mae_std": 0.00018255241564171278,
  "mae_values": [
    0.04333838075399399,
    0.043572019785642624,
    0.043212227523326874
  ],
  "imputation_time_mean": 0.8945871988932291,
  "imputation_time_std": 0.016619491492484952,
  "imputation_time_values": [
    0.8821897506713867,
    0.8880999088287354,
    0.9134719371795654
  ],
  "n_neighbors": 125,
  "weights": "uniform",
  "metric": "manhattan"
}