{
  "seeds": [
    42,
    50,
    100
  ],
  "n_runs": 3,
  "r2_mean": -0.6570901473363241,
  "r2_std": 0.09494642684725937,
  "r2_values": [
    -0.7164509296417236,
    -0.5475846529006958,
    -0.7072348594665527
  ],
  "rmse_mean": 0.07696016884577254,
  "rmse_std": 0.004583205626022689,
  "rmse_values": [
    0.07974022425367605,
    0.07167023822544635,
    0.07947004405819524
  ],
  "mse_mean": 0.005936871437976758,
  "mse_std": 0.0006933690918804117,
  "mse_values": [
    0.0063585033640265465,
    0.0051366230472922325,
    0.006315487902611494
  ],
  "mae_mean": 0.043322376906871796,
  "mae_std": 0.0007665404398592626,
  "mae_values": [
    0.0439167357981205,
    0.04245718568563461,
    0.043593209236860275
  ],
  "imputation_time_mean": 0.16067012151082358,
  "imputation_time_std": 0.013395451407059656,
  "imputation_time_values": [
    0.14923310279846191,
    0.15737009048461914,
    0.17540717124938965
  ],
  "n_neighbors": 3,
  "weights": "uniform",
  "metric": "cosine"
}