{
  "seeds": [
    42,
    50,
    100
  ],
  "n_runs": 3,
  "r2_mean": -0.3669526179631551,
  "r2_std": 0.02214702903249019,
  "r2_values": [
    -0.36537301540374756,
    -0.3456376791000366,
    -0.38984715938568115
  ],
  "rmse_mean": 0.0665051823928189,
  "rmse_std": 0.0010115354345223426,
  "rmse_values": [
    0.06660305689927831,
    0.06746422300196184,
    0.06544826727721657
  ],
  "mse_mean": 0.004423621421058972,
  "mse_std": 0.00013439879997201868,
  "mse_values": [
    0.0044359671883285046,
    0.004551421385258436,
    0.004283475689589977
  ],
  "mae_mean": 0.044382717460393906,
  "mae_std": 0.00016118029119936058,
  "mae_values": [
    0.044360000640153885,
    0.044554051011800766,
    0.044234100729227066
  ],
  "imputation_time_mean": 0.8415366808573405,
  "imputation_time_std": 0.012347281575961582,
  "imputation_time_values": [
    0.8311119079589844,
    0.8551721572875977,
    0.8383259773254395
  ],
  "n_neighbors": 200,
  "weights": "distance",
  "metric": "euclidean"
}