{
  "seeds": [
    42,
    50,
    100
  ],
  "n_runs": 3,
  "r2_mean": -0.8193008104960123,
  "r2_std": 0.044424811506521535,
  "r2_values": [
    -0.8078011274337769,
    -0.7817565202713013,
    -0.868344783782959
  ],
  "rmse_mean": 0.07671714309118742,
  "rmse_std": 0.0008766617362962803,
  "rmse_values": [
    0.0766379360627474,
    0.07763072056661581,
    0.07588277264419903
  ],
  "mse_mean": 0.005886032401273648,
  "mse_std": 0.0001346139657783411,
  "mse_values": [
    0.005873373243957758,
    0.006026528775691986,
    0.0057581951841712
  ],
  "mae_mean": 0.04158224041263262,
  "mae_std": 0.00041591205220781506,
  "mae_values": [
    0.04138458892703056,
    0.04206012189388275,
    0.04130201041698456
  ],
  "imputation_time_mean": 0.5088318188985189,
  "imputation_time_std": 0.015862296335828623,
  "imputation_time_values": [
    0.5123131275177002,
    0.5226643085479736,
    0.4915180206298828
  ],
  "n_neighbors": 3,
  "weights": "distance",
  "metric": "euclidean"
}