{
  "seeds": [
    42,
    50,
    100
  ],
  "n_runs": 3,
  "r2_mean": -0.36842024326324463,
  "r2_std": 0.023914737958999985,
  "r2_values": [
    -0.3670915365219116,
    -0.34519755840301514,
    -0.39297163486480713
  ],
  "rmse_mean": 0.06653998169295977,
  "rmse_std": 0.0009699672316018612,
  "rmse_values": [
    0.06664496179625742,
    0.06745318870240986,
    0.06552179458021203
  ],
  "mse_mean": 0.004428196387986342,
  "mse_std": 0.00012893330782695711,
  "mse_values": [
    0.004441550932824612,
    0.004549932666122913,
    0.004293105565011501
  ],
  "mae_mean": 0.044032653172810875,
  "mae_std": 0.0001400389518705331,
  "mae_values": [
    0.04404395446181297,
    0.044166699051856995,
    0.04388730600476265
  ],
  "imputation_time_mean": 1.4279537200927734,
  "imputation_time_std": 0.03170889667859797,
  "imputation_time_values": [
    1.4033000469207764,
    1.4168369770050049,
    1.463724136352539
  ],
  "n_neighbors": 250,
  "weights": "uniform",
  "metric": "manhattan"
}