{
  "seeds": [
    42,
    50,
    100
  ],
  "n_runs": 3,
  "r2_mean": -0.5321599642435709,
  "r2_std": 0.02722032611073677,
  "r2_values": [
    -0.5284651517868042,
    -0.5069757699966431,
    -0.5610389709472656
  ],
  "rmse_mean": 0.07040827578076676,
  "rmse_std": 0.0010174250555911085,
  "rmse_values": [
    0.07046870259116327,
    0.07139414071614249,
    0.06936198403499455
  ],
  "mse_mean": 0.004958015400916338,
  "mse_std": 0.0001431796113036211,
  "mse_values": [
    0.004965838044881821,
    0.0050971233285963535,
    0.00481108482927084
  ],
  "mae_mean": 0.04168262705206871,
  "mae_std": 0.0003528562589200154,
  "mae_values": [
    0.041569240391254425,
    0.04207823798060417,
    0.041400402784347534
  ],
  "imputation_time_mean": 0.5834945837656657,
  "imputation_time_std": 0.02715598369935177,
  "imputation_time_values": [
    0.557255744934082,
    0.581744909286499,
    0.611483097076416
  ],
  "n_neighbors": 5,
  "weights": "uniform",
  "metric": "euclidean"
}