{
  "seeds": [
    42,
    50,
    100
  ],
  "n_runs": 3,
  "r2_mean": -0.33307449022928876,
  "r2_std": 0.013075519743380446,
  "r2_values": [
    -0.31913769245147705,
    -0.3450721502304077,
    -0.33501362800598145
  ],
  "rmse_mean": 0.0689987308934618,
  "rmse_std": 0.001898806240117781,
  "rmse_values": [
    0.06990477110343304,
    0.0668166117482397,
    0.07027480982871263
  ],
  "mse_mean": 0.004763228508333365,
  "mse_std": 0.0002600381044807993,
  "mse_values": [
    0.004886677023023367,
    0.004464459605515003,
    0.004938548896461725
  ],
  "mae_mean": 0.04510337859392166,
  "mae_std": 8.539119588274355e-05,
  "mae_values": [
    0.045067958533763885,
    0.04504139721393585,
    0.04520078003406525
  ],
  "imputation_time_mean": 0.7768700122833252,
  "imputation_time_std": 0.01751661744753074,
  "imputation_time_values": [
    0.7908840179443359,
    0.7824938297271729,
    0.7572321891784668
  ],
  "n_neighbors": 400,
  "weights": "distance",
  "metric": "manhattan"
}