{
  "seeds": [
    42,
    50,
    100
  ],
  "n_runs": 3,
  "r2_mean": -0.41200435161590576,
  "r2_std": 0.03447980640850309,
  "r2_values": [
    -0.41030824184417725,
    -0.378403902053833,
    -0.44730091094970703
  ],
  "rmse_mean": 0.06757748836076989,
  "rmse_std": 0.0011980999695732773,
  "rmse_values": [
    0.06772999195472491,
    0.06869203483699594,
    0.06631043829058882
  ],
  "mse_mean": 0.004567673895508051,
  "mse_std": 0.0001616614416868826,
  "mse_values": [
    0.004587351810187101,
    0.004718595650047064,
    0.0043970742262899876
  ],
  "mae_mean": 0.046796493232250214,
  "mae_std": 0.00028445561708412205,
  "mae_values": [
    0.04672779142856598,
    0.047109007835388184,
    0.04655268043279648
  ],
  "imputation_time_mean": 0.5265922546386719,
  "imputation_time_std": 0.005670925414923576,
  "imputation_time_values": [
    0.5326967239379883,
    0.5255920886993408,
    0.5214879512786865
  ],
  "n_neighbors": 200,
  "weights": "distance",
  "metric": "cosine"
}