{
  "seeds": [
    42,
    50,
    100
  ],
  "n_runs": 3,
  "r2_mean": -0.3304454485575358,
  "r2_std": 0.011802068917889758,
  "r2_values": [
    -0.31702685356140137,
    -0.3350944519042969,
    -0.3392150402069092
  ],
  "rmse_mean": 0.06893414999486364,
  "rmse_std": 0.0020663470368855815,
  "rmse_values": [
    0.0698488198804167,
    0.06656832760722597,
    0.07038530249694824
  ],
  "mse_mean": 0.004754763562232256,
  "mse_std": 0.0002826057695383033,
  "mse_values": [
    0.004878857638686895,
    0.004431342240422964,
    0.004954090807586908
  ],
  "mae_mean": 0.046859035889307656,
  "mae_std": 5.080213460140897e-05,
  "mae_values": [
    0.04685353487730026,
    0.04681120812892914,
    0.04691236466169357
  ],
  "imputation_time_mean": 0.19218969345092773,
  "imputation_time_std": 0.006610462097317785,
  "imputation_time_values": [
    0.19377398490905762,
    0.18493103981018066,
    0.19786405563354492
  ],
  "n_neighbors": 150,
  "weights": "distance",
  "metric": "cosine"
}