{
  "seeds": [
    42,
    50,
    100
  ],
  "n_runs": 3,
  "r2_mean": -0.5651252269744873,
  "r2_std": 0.03334990035275369,
  "r2_values": [
    -0.5538280010223389,
    -0.5388913154602051,
    -0.602656364440918
  ],
  "rmse_mean": 0.07115076955953338,
  "rmse_std": 0.0014019933854389477,
  "rmse_values": [
    0.07109277955116008,
    0.07258085818015371,
    0.06977867094728635
  ],
  "mse_mean": 0.005063742399215698,
  "mse_std": 0.00019963074881489427,
  "mse_values": [
    0.005054183304309845,
    0.005267980974167585,
    0.004869062919169664
  ],
  "mae_mean": 0.04087315003077189,
  "mae_std": 0.0002024458373732194,
  "mae_values": [
    0.04074155539274216,
    0.041106268763542175,
    0.04077162593603134
  ],
  "imputation_time_mean": 0.7588646411895752,
  "imputation_time_std": 0.009017093010189915,
  "imputation_time_values": [
    0.7510099411010742,
    0.7568728923797607,
    0.7687110900878906
  ],
  "n_neighbors": 5,
  "weights": "distance",
  "metric": "manhattan"
}