{
  "seeds": [
    42,
    50,
    100
  ],
  "n_runs": 3,
  "r2_mean": -0.29432698090871173,
  "r2_std": 0.014566691991198394,
  "r2_values": [
    -0.2881852388381958,
    -0.2838369607925415,
    -0.31095874309539795
  ],
  "rmse_mean": 0.06799884813560832,
  "rmse_std": 0.002372879527421887,
  "rmse_values": [
    0.06907977548895504,
    0.06527795920356662,
    0.06963880971430328
  ],
  "mse_mean": 0.00462759705260396,
  "mse_std": 0.0003196591439233671,
  "mse_values": [
    0.004772015381604433,
    0.004261211957782507,
    0.00484956381842494
  ],
  "mae_mean": 0.04308871179819107,
  "mae_std": 0.00014409779204463432,
  "mae_values": [
    0.04313531890511513,
    0.042927078902721405,
    0.04320373758673668
  ],
  "imputation_time_mean": 0.5891830126444498,
  "imputation_time_std": 0.015742035225897445,
  "imputation_time_values": [
    0.5719411373138428,
    0.5928189754486084,
    0.6027889251708984
  ],
  "n_neighbors": 50,
  "weights": "uniform",
  "metric": "manhattan"
}