{
  "seeds": [
    42,
    50,
    100
  ],
  "n_runs": 3,
  "r2_mean": -0.40746867656707764,
  "r2_std": 0.03374247856939417,
  "r2_values": [
    -0.40672600269317627,
    -0.3741036653518677,
    -0.44157636165618896
  ],
  "rmse_mean": 0.06746929829301955,
  "rmse_std": 0.001212285231091874,
  "rmse_values": [
    0.06764392089061727,
    0.06858480272941442,
    0.06617917125902695
  ],
  "mse_mean": 0.004553085969140132,
  "mse_std": 0.00016327502627944422,
  "mse_values": [
    0.004575700033456087,
    0.004703875165432692,
    0.004379682708531618
  ],
  "mae_mean": 0.046688564121723175,
  "mae_std": 0.0002595255205072601,
  "mae_values": [
    0.04663947969675064,
    0.04696912690997124,
    0.04645708575844765
  ],
  "imputation_time_mean": 0.428536335627238,
  "imputation_time_std": 0.00729191606137095,
  "imputation_time_values": [
    0.4223029613494873,
    0.42675089836120605,
    0.4365551471710205
  ],
  "n_neighbors": 150,
  "weights": "uniform",
  "metric": "cosine"
}