{
  "seeds": [
    42,
    50,
    100
  ],
  "n_runs": 3,
  "r2_mean": -0.353709618250529,
  "r2_std": 0.034775256344447975,
  "r2_values": [
    -0.3606985807418823,
    -0.31597065925598145,
    -0.38445961475372314
  ],
  "rmse_mean": 0.06616709946116713,
  "rmse_std": 0.0011741169308878674,
  "rmse_values": [
    0.06652807883122566,
    0.06711834339682413,
    0.06485487615545159
  ],
  "mse_mean": 0.004379004084815581,
  "mse_std": 0.0001548011446795541,
  "mse_values": [
    0.004425985272973776,
    0.004504872020334005,
    0.004206154961138964
  ],
  "mae_mean": 0.04217416668931643,
  "mae_std": 0.00018587884692478377,
  "mae_values": [
    0.042198073118925095,
    0.04234693571925163,
    0.04197749122977257
  ],
  "imputation_time_mean": 0.7933863004048666,
  "imputation_time_std": 0.042452226291338456,
  "imputation_time_values": [
    0.7569930553436279,
    0.7831428050994873,
    0.8400230407714844
  ],
  "n_neighbors": 30,
  "weights": "distance",
  "metric": "manhattan"
}