{
  "seeds": [
    42,
    50,
    100
  ],
  "n_runs": 3,
  "r2_mean": -0.2571658293406169,
  "r2_std": 0.03152532021513573,
  "r2_values": [
    -0.24292051792144775,
    -0.23527729511260986,
    -0.29329967498779297
  ],
  "rmse_mean": 0.06701832092492412,
  "rmse_std": 0.002668644316764679,
  "rmse_values": [
    0.0678552464982275,
    0.06403152615467617,
    0.0691681901218687
  ],
  "mse_mean": 0.004496203114589055,
  "mse_std": 0.00035468641153206873,
  "mse_values": [
    0.004604334477335215,
    0.004100036341696978,
    0.004784238524734974
  ],
  "mae_mean": 0.045533012598752975,
  "mae_std": 0.00018731478040384856,
  "mae_values": [
    0.04563000798225403,
    0.045317091047763824,
    0.045651938766241074
  ],
  "imputation_time_mean": 0.16356046994527182,
  "imputation_time_std": 0.004388726008940669,
  "imputation_time_values": [
    0.16850972175598145,
    0.1601426601409912,
    0.16202902793884277
  ],
  "n_neighbors": 50,
  "weights": "distance",
  "metric": "cosine"
}