{
  "seeds": [
    42,
    50,
    100
  ],
  "n_runs": 3,
  "r2_mean": -0.3533073663711548,
  "r2_std": 0.023804842046070893,
  "r2_values": [
    -0.3528681993484497,
    -0.32972514629364014,
    -0.3773287534713745
  ],
  "rmse_mean": 0.06617145488250867,
  "rmse_std": 0.0009618441860538621,
  "rmse_values": [
    0.06629736472377572,
    0.06706414334313705,
    0.06515285658061323
  ],
  "mse_mean": 0.004379278204093377,
  "mse_std": 0.00012711570955997793,
  "mse_values": [
    0.004395340569317341,
    0.004497599322348833,
    0.0042448947206139565
  ],
  "mae_mean": 0.04328403497735659,
  "mae_std": 0.00013218561747022008,
  "mae_values": [
    0.04329952970147133,
    0.04340779036283493,
    0.04314478486776352
  ],
  "imputation_time_mean": 1.2893211841583252,
  "imputation_time_std": 0.005228494853063231,
  "imputation_time_values": [
    1.2921957969665527,
    1.2832860946655273,
    1.2924816608428955
  ],
  "n_neighbors": 125,
  "weights": "uniform",
  "metric": "manhattan"
}