{
  "seeds": [
    42,
    50,
    100
  ],
  "n_runs": 3,
  "r2_mean": -0.29477477073669434,
  "r2_std": 0.013851732726800996,
  "r2_values": [
    -0.28816187381744385,
    -0.28546881675720215,
    -0.310693621635437
  ],
  "rmse_mean": 0.06801011590533046,
  "rmse_std": 0.0023465263907100136,
  "rmse_values": [
    0.06907914858048696,
    0.06531943098508425,
    0.06963176815042017
  ],
  "mse_mean": 0.004629046656191349,
  "mse_std": 0.0003161951926551676,
  "mse_values": [
    0.004771928768604994,
    0.004266628064215183,
    0.00484858313575387
  ],
  "mae_mean": 0.04270437732338905,
  "mae_std": 0.00021894101745838394,
  "mae_values": [
    0.042715657502412796,
    0.04248001426458359,
    0.042917460203170776
  ],
  "imputation_time_mean": 0.550364096959432,
  "imputation_time_std": 0.012274981830872606,
  "imputation_time_values": [
    0.5549962520599365,
    0.5596489906311035,
    0.5364470481872559
  ],
  "n_neighbors": 30,
  "weights": "uniform",
  "metric": "manhattan"
}