{
  "seeds": [
    42,
    50,
    100
  ],
  "n_runs": 3,
  "r2_mean": -0.2964717944463094,
  "r2_std": 0.013957085035620632,
  "r2_values": [
    -0.2838975191116333,
    -0.29402875900268555,
    -0.3114891052246094
  ],
  "rmse_mean": 0.06805138713322983,
  "rmse_std": 0.00220492338319924,
  "rmse_values": [
    0.06896471326043752,
    0.06553655409005708,
    0.06965289404919488
  ],
  "mse_mean": 0.004634232415507237,
  "mse_std": 0.00029759647733814326,
  "mse_values": [
    0.004756131675094366,
    0.004295039921998978,
    0.004851525649428368
  ],
  "mae_mean": 0.04340986038247744,
  "mae_std": 0.00015329920640137255,
  "mae_values": [
    0.04339316487312317,
    0.04326559230685234,
    0.04357082396745682
  ],
  "imputation_time_mean": 0.6041632493336996,
  "imputation_time_std": 0.03832590217508632,
  "imputation_time_values": [
    0.5849559307098389,
    0.6482949256896973,
    0.5792388916015625
  ],
  "n_neighbors": 75,
  "weights": "uniform",
  "metric": "manhattan"
}