{
  "seeds": [
    42,
    50,
    100
  ],
  "n_runs": 3,
  "r2_mean": -0.26829202969868976,
  "r2_std": 0.026782815455711678,
  "r2_values": [
    -0.25217747688293457,
    -0.25348973274230957,
    -0.2992088794708252
  ],
  "rmse_mean": 0.06731177292552663,
  "rmse_std": 0.0025085993417400757,
  "rmse_values": [
    0.06810746439161519,
    0.06450182707526621,
    0.06932602730969849
  ],
  "mse_mean": 0.004535070154815912,
  "mse_std": 0.0003350325378093667,
  "mse_values": [
    0.004638626705855131,
    0.0041604856960475445,
    0.004806098062545061
  ],
  "mae_mean": 0.04565849776069323,
  "mae_std": 0.00016322865685501525,
  "mae_values": [
    0.04574798420071602,
    0.04547009617090225,
    0.045757412910461426
  ],
  "imputation_time_mean": 0.1510144074757894,
  "imputation_time_std": 0.00862155661610028,
  "imputation_time_values": [
    0.16096806526184082,
    0.1461949348449707,
    0.14588022232055664
  ],
  "n_neighbors": 50,
  "weights": "uniform",
  "metric": "cosine"
}