{
  "seeds": [
    42,
    50,
    100
  ],
  "n_runs": 3,
  "r2_mean": -0.7586824893951416,
  "r2_std": 0.05655339873479974,
  "r2_values": [
    -0.7762126922607422,
    -0.6954398155212402,
    -0.8043949604034424
  ],
  "rmse_mean": 0.07541122436890378,
  "rmse_std": 0.0011903872866276997,
  "rmse_values": [
    0.07601013496035323,
    0.07618321737792927,
    0.07404032076842884
  ],
  "mse_mean": 0.00568779744207859,
  "mse_std": 0.00017873851043514736,
  "mse_values": [
    0.0057775406166911125,
    0.005803882610052824,
    0.005481969099491835
  ],
  "mae_mean": 0.041520138581593834,
  "mae_std": 0.00023785694038456118,
  "mae_values": [
    0.04165273532271385,
    0.04166214168071747,
    0.041245538741350174
  ],
  "imputation_time_mean": 0.3381936550140381,
  "imputation_time_std": 0.008218653245142888,
  "imputation_time_values": [
    0.337756872177124,
    0.3466219902038574,
    0.3302021026611328
  ],
  "n_neighbors": 3,
  "weights": "uniform",
  "metric": "euclidean"
}