{
  "seeds": [
    42,
    50,
    100
  ],
  "n_runs": 3,
  "r2_mean": -0.8444878657658895,
  "r2_std": 0.04224191994387653,
  "r2_values": [
    -0.8288614749908447,
    -0.8122855424880981,
    -0.8923165798187256
  ],
  "rmse_mean": 0.07724801580059709,
  "rmse_std": 0.0009730159269891822,
  "rmse_values": [
    0.07708305594302003,
    0.07829296712024134,
    0.0763680243385299
  ],
  "mse_mean": 0.005967887118458748,
  "mse_std": 0.00015056175289796398,
  "mse_values": [
    0.005941797513514757,
    0.00612978870049119,
    0.0058320751413702965
  ],
  "mae_mean": 0.04347199325760206,
  "mae_std": 0.0004933970036193605,
  "mae_values": [
    0.043419692665338516,
    0.043989457190036774,
    0.04300682991743088
  ],
  "imputation_time_mean": 0.6857492129007975,
  "imputation_time_std": 0.019980089252969957,
  "imputation_time_values": [
    0.6635308265686035,
    0.702239990234375,
    0.6914768218994141
  ],
  "n_neighbors": 3,
  "weights": "uniform",
  "metric": "cosine"
}