{
  "seeds": [
    42,
    50,
    100
  ],
  "n_runs": 3,
  "r2_mean": -0.3377208312352498,
  "r2_std": 0.0318885854929679,
  "r2_values": [
    -0.3471255302429199,
    -0.30218756198883057,
    -0.363849401473999
  ],
  "rmse_mean": 0.0657772310260804,
  "rmse_std": 0.0012513598256412932,
  "rmse_values": [
    0.06619543735276721,
    0.06676592960529222,
    0.06437032612018176
  ],
  "mse_mean": 0.00432768805573384,
  "mse_std": 0.0001639256647453957,
  "mse_values": [
    0.004381835926324129,
    0.004457689356058836,
    0.004143538884818554
  ],
  "mae_mean": 0.04306414847572645,
  "mae_std": 0.00015943105985463928,
  "mae_values": [
    0.04302096739411354,
    0.04324072226881981,
    0.04293075576424599
  ],
  "imputation_time_mean": 0.3436153729756673,
  "imputation_time_std": 0.0061170907104085214,
  "imputation_time_values": [
    0.34629297256469727,
    0.33661603927612305,
    0.34793710708618164
  ],
  "n_neighbors": 30,
  "weights": "distance",
  "metric": "euclidean"
}