{
  "seeds": [
    42,
    50,
    100
  ],
  "n_runs": 3,
  "r2_mean": -0.32038458188374835,
  "r2_std": 0.026358313080364286,
  "r2_values": [
    -0.32036292552948,
    -0.2940371036529541,
    -0.34675371646881104
  ],
  "rmse_mean": 0.06535229257594315,
  "rmse_std": 0.0013051033829845353,
  "rmse_values": [
    0.06553460363771377,
    0.06655665502943502,
    0.06396561906068064
  ],
  "mse_mean": 0.0042720576748251915,
  "mse_std": 0.0001702355392471222,
  "mse_values": [
    0.004294784273952246,
    0.004429788328707218,
    0.004091600421816111
  ],
  "mae_mean": 0.04495598872502645,
  "mae_std": 0.00034584111421848173,
  "mae_values": [
    0.04495862126350403,
    0.04530050605535507,
    0.044608838856220245
  ],
  "imputation_time_mean": 0.36814602216084796,
  "imputation_time_std": 0.027667721587815684,
  "imputation_time_values": [
    0.3909928798675537,
    0.37606215476989746,
    0.3373830318450928
  ],
  "n_neighbors": 30,
  "weights": "uniform",
  "metric": "cosine"
}