{
  "seeds": [
    42,
    50,
    100
  ],
  "n_runs": 3,
  "r2_mean": -0.36232519149780273,
  "r2_std": 0.024285143055828965,
  "r2_values": [
    -0.36194682121276855,
    -0.3382314443588257,
    -0.38679730892181396
  ],
  "rmse_mean": 0.06639138956350064,
  "rmse_std": 0.0009573879963970302,
  "rmse_values": [
    0.06651944092456506,
    0.06727830757864253,
    0.06537642018729437
  ],
  "mse_mean": 0.004408427669356267,
  "mse_std": 0.00012694501086503443,
  "mse_values": [
    0.0044248360209167,
    0.004526370670646429,
    0.0042740763165056705
  ],
  "mae_mean": 0.04377186050017675,
  "mae_std": 0.00013427768787410474,
  "mae_values": [
    0.043792519718408585,
    0.04389461129903793,
    0.043628450483083725
  ],
  "imputation_time_mean": 1.3619953791300456,
  "imputation_time_std": 0.03272019800514568,
  "imputation_time_values": [
    1.3997430801391602,
    1.3445160388946533,
    1.3417270183563232
  ],
  "n_neighbors": 200,
  "weights": "uniform",
  "metric": "manhattan"
}