{
  "seeds": [
    42,
    50,
    100
  ],
  "n_runs": 3,
  "r2_mean": -0.8589447736740112,
  "r2_std": 0.04241635440426745,
  "r2_values": [
    -0.8417121171951294,
    -0.8278568983078003,
    -0.907265305519104
  ],
  "rmse_mean": 0.07754095567252053,
  "rmse_std": 0.00149541582478411,
  "rmse_values": [
    0.07739891964897103,
    0.07910232190368076,
    0.07612162546490983
  ],
  "mse_mean": 0.0060140906522671385,
  "mse_std": 0.00023223104891009007,
  "mse_values": [
    0.005990592762827873,
    0.006257177330553532,
    0.00579450186342001
  ],
  "mae_mean": 0.040630356719096504,
  "mae_std": 0.00026388667526915707,
  "mae_values": [
    0.040501583367586136,
    0.04093390703201294,
    0.04045557975769043
  ],
  "imputation_time_mean": 0.7599546114603678,
  "imputation_time_std": 0.01902174287928213,
  "imputation_time_values": [
    0.7451760768890381,
    0.7532718181610107,
    0.7814159393310547
  ],
  "n_neighbors": 3,
  "weights": "uniform",
  "metric": "manhattan"
}