{
  "seeds": [
    42,
    50,
    100
  ],
  "n_runs": 3,
  "r2_mean": -0.3804111083348592,
  "r2_std": 0.017335715843597835,
  "r2_values": [
    -0.3619997501373291,
    -0.3964207172393799,
    -0.38281285762786865
  ],
  "rmse_mean": 0.07021107912475624,
  "rmse_std": 0.001861757861240761,
  "rmse_values": [
    0.07103138562007834,
    0.06808003503971152,
    0.07152181671447885
  ],
  "mse_mean": 0.00493190639341871,
  "mse_std": 0.00025958711827969315,
  "mse_values": [
    0.0050454577431082726,
    0.0046348911710083485,
    0.005115370266139507
  ],
  "mae_mean": 0.04767628262440363,
  "mae_std": 4.151619773525549e-05,
  "mae_values": [
    0.047628454864025116,
    0.04769737273454666,
    0.04770302027463913
  ],
  "imputation_time_mean": 0.25148216883341473,
  "imputation_time_std": 0.003035502525731224,
  "imputation_time_values": [
    0.24881601333618164,
    0.25478577613830566,
    0.25084471702575684
  ],
  "n_neighbors": 400,
  "weights": "uniform",
  "metric": "cosine"
}