{
  "seeds": [
    42,
    50,
    100
  ],
  "n_runs": 3,
  "r2_mean": -0.3904568354288737,
  "r2_std": 0.03495354044302306,
  "r2_values": [
    -0.3878471851348877,
    -0.3568812608718872,
    -0.4266420602798462
  ],
  "rmse_mean": 0.06705920170925,
  "rmse_std": 0.001164474783183222,
  "rmse_values": [
    0.06718848374666779,
    0.06815364055697416,
    0.06583548082410808
  ],
  "mse_mean": 0.0044978405348956585,
  "mse_std": 0.00015595626917813563,
  "mse_values": [
    0.004514292348176241,
    0.004644918721169233,
    0.004334310535341501
  ],
  "mae_mean": 0.044988917807737984,
  "mae_std": 0.00027216720666518277,
  "mae_values": [
    0.044869810342788696,
    0.04530033469200134,
    0.04479660838842392
  ],
  "imputation_time_mean": 0.5420842965443929,
  "imputation_time_std": 0.022490938901302392,
  "imputation_time_values": [
    0.5162637233734131,
    0.5574061870574951,
    0.5525829792022705
  ],
  "n_neighbors": 300,
  "weights": "distance",
  "metric": "euclidean"
}