{
  "seeds": [
    42,
    50,
    100
  ],
  "n_runs": 3,
  "r2_mean": -0.37253157297770184,
  "r2_std": 0.018786498548399966,
  "r2_values": [
    -0.37199580669403076,
    -0.3540186882019043,
    -0.3915802240371704
  ],
  "rmse_mean": 0.06664248151943823,
  "rmse_std": 0.0010975523282280369,
  "rmse_values": [
    0.06676439519004437,
    0.06767398699739284,
    0.06548906237087751
  ],
  "mse_mean": 0.0044420234238108,
  "mse_std": 0.00014609050897397083,
  "mse_values": [
    0.004457484465092421,
    0.004579768516123295,
    0.004288817290216684
  ],
  "mae_mean": 0.046200005958477654,
  "mae_std": 0.00026470357384147215,
  "mae_values": [
    0.04619753360748291,
    0.04646593704819679,
    0.045936547219753265
  ],
  "imputation_time_mean": 0.7526700496673584,
  "imputation_time_std": 0.03159295373390408,
  "imputation_time_values": [
    0.7169389724731445,
    0.7641651630401611,
    0.7769060134887695
  ],
  "n_neighbors": 100,
  "weights": "distance",
  "metric": "cosine"
}