{
  "seeds": [
    42,
    50,
    100
  ],
  "n_runs": 3,
  "r2_mean": -0.2892873287200928,
  "r2_std": 0.012973932126817406,
  "r2_values": [
    -0.2909785509109497,
    -0.2755507230758667,
    -0.3013327121734619
  ],
  "rmse_mean": 0.06786808674913004,
  "rmse_std": 0.002428526341705948,
  "rmse_values": [
    0.0691546332990855,
    0.06506695836468412,
    0.0693826685836205
  ],
  "mse_mean": 0.004610009025782347,
  "mse_std": 0.0003262679054101884,
  "mse_values": [
    0.004782363306730986,
    0.004233709070831537,
    0.004813954699784517
  ],
  "mae_mean": 0.04428837945063909,
  "mae_std": 5.877462005000735e-05,
  "mae_values": [
    0.044293999671936035,
    0.0442269966006279,
    0.04434414207935333
  ],
  "imputation_time_mean": 0.1620336373647054,
  "imputation_time_std": 0.0012843131154501918,
  "imputation_time_values": [
    0.16118574142456055,
    0.16140389442443848,
    0.1635112762451172
  ],
  "n_neighbors": 75,
  "weights": "uniform",
  "metric": "euclidean"
}