{
  "seeds": [
    42,
    50,
    100
  ],
  "n_runs": 3,
  "r2_mean": -0.9082525173823038,
  "r2_std": 0.04477380064008576,
  "r2_values": [
    -0.8746923208236694,
    -0.8909741640090942,
    -0.959091067314148
  ],
  "rmse_mean": 0.07857376401397258,
  "rmse_std": 0.0012249788377076411,
  "rmse_values": [
    0.07804291406285202,
    0.07997462806754543,
    0.07770374991152029
  ],
  "mse_mean": 0.006174836773425341,
  "mse_std": 0.0001932949541654405,
  "mse_values": [
    0.006090696435421705,
    0.006395941134542227,
    0.00603787275031209
  ],
  "mae_mean": 0.04063570126891136,
  "mae_std": 0.00022614304927072906,
  "mae_values": [
    0.04039682447910309,
    0.040846485644578934,
    0.04066379368305206
  ],
  "imputation_time_mean": 1.0207741260528564,
  "imputation_time_std": 0.01198408320019943,
  "imputation_time_values": [
    1.0346062183380127,
    1.0142090320587158,
    1.0135071277618408
  ],
  "n_neighbors": 3,
  "weights": "distance",
  "metric": "manhattan"
}