{
  "seeds": [
    42,
    50,
    100
  ],
  "n_runs": 3,
  "r2_mean": -0.37357890605926514,
  "r2_std": 0.01563500924980945,
  "r2_values": [
    -0.35650599002838135,
    -0.38719868659973145,
    -0.3770320415496826
  ],
  "rmse_mean": 0.07003833591652553,
  "rmse_std": 0.001906377296312367,
  "rmse_values": [
    0.07088798545739451,
    0.06785486219329485,
    0.07137216009888721
  ],
  "mse_mean": 0.004907791347553332,
  "mse_std": 0.0002650931281404057,
  "mse_values": [
    0.005025106482207775,
    0.004604282323271036,
    0.005093985237181187
  ],
  "mae_mean": 0.0475839301943779,
  "mae_std": 3.615635247724258e-05,
  "mae_values": [
    0.04754289984703064,
    0.04759776219725609,
    0.04761112853884697
  ],
  "imputation_time_mean": 0.2574729919433594,
  "imputation_time_std": 0.014269407233590872,
  "imputation_time_values": [
    0.27370190620422363,
    0.24689221382141113,
    0.25182485580444336
  ],
  "n_neighbors": 400,
  "weights": "distance",
  "metric": "cosine"
}