{
  "seeds": [
    42,
    50,
    100
  ],
  "n_runs": 3,
  "r2_mean": -0.3471807638804118,
  "r2_std": 0.025590781053697068,
  "r2_values": [
    -0.3503028154373169,
    -0.32017219066619873,
    -0.3710672855377197
  ],
  "rmse_mean": 0.06602062543747755,
  "rmse_std": 0.0009277798659073244,
  "rmse_values": [
    0.06623447163127771,
    0.0668228106034543,
    0.06500459407770066
  ],
  "mse_mean": 0.0043592968334754305,
  "mse_std": 0.0001222241069432832,
  "mse_values": [
    0.004387005232274532,
    0.004465288016945124,
    0.004225597251206636
  ],
  "mae_mean": 0.042465941359599434,
  "mae_std": 0.00013686901979910815,
  "mae_values": [
    0.04252856597304344,
    0.04256029427051544,
    0.04230896383523941
  ],
  "imputation_time_mean": 1.0461235046386719,
  "imputation_time_std": 0.12044498929987886,
  "imputation_time_values": [
    1.1752989292144775,
    1.0261707305908203,
    0.9369008541107178
  ],
  "n_neighbors": 50,
  "weights": "uniform",
  "metric": "manhattan"
}