{
  "seeds": [
    42,
    50,
    100
  ],
  "n_runs": 3,
  "r2_mean": -0.858944853146871,
  "r2_std": 0.04241649020699274,
  "r2_values": [
    -0.8417121171951294,
    -0.8278568983078003,
    -0.9072655439376831
  ],
  "rmse_mean": 0.07754095669207592,
  "rmse_std": 0.0014954143732626728,
  "rmse_values": [
    0.07739891964897103,
    0.07910232190368076,
    0.07612162852357598
  ],
  "mse_mean": 0.006014090807487567,
  "mse_std": 0.00023223082875439865,
  "mse_values": [
    0.005990592762827873,
    0.006257177330553532,
    0.005794502329081297
  ],
  "mae_mean": 0.040630356719096504,
  "mae_std": 0.00026388667526915707,
  "mae_values": [
    0.040501583367586136,
    0.04093390703201294,
    0.04045557975769043
  ],
  "imputation_time_mean": 0.7388635476430258,
  "imputation_time_std": 0.03146126113260456,
  "imputation_time_values": [
    0.7681338787078857,
    0.7055938243865967,
    0.7428629398345947
  ],
  "n_neighbors": 3,
  "weights": "uniform",
  "metric": "manhattan"
}