{
  "seeds": [
    42,
    50,
    100
  ],
  "n_runs": 3,
  "r2_mean": -0.5029397010803223,
  "r2_std": 0.040393692797522876,
  "r2_values": [
    -0.5065004825592041,
    -0.4608834981918335,
    -0.5414351224899292
  ],
  "rmse_mean": 0.06971732665119092,
  "rmse_std": 0.0011684567518579125,
  "rmse_values": [
    0.07000171003637129,
    0.07071734148486354,
    0.06843292843233792
  ],
  "mse_mean": 0.004861415829509497,
  "mse_std": 0.00016245568827271688,
  "mse_values": [
    0.004900239408016205,
    0.005000942386686802,
    0.004683065693825483
  ],
  "mae_mean": 0.04176808272798856,
  "mae_std": 0.00012272703424319635,
  "mae_values": [
    0.041739266365766525,
    0.041902653872966766,
    0.04166232794523239
  ],
  "imputation_time_mean": 0.2713269392649333,
  "imputation_time_std": 0.0009109106965201157,
  "imputation_time_values": [
    0.2721388339996338,
    0.2703418731689453,
    0.2715001106262207
  ],
  "n_neighbors": 5,
  "weights": "distance",
  "metric": "euclidean"
}