{
  "seeds": [
    42,
    50,
    100
  ],
  "n_runs": 3,
  "r2_mean": -0.3310830195744832,
  "r2_std": 0.03738933070687023,
  "r2_values": [
    -0.322526216506958,
    -0.2987138032913208,
    -0.3720090389251709
  ],
  "rmse_mean": 0.06560922658288196,
  "rmse_std": 0.0010572691538696993,
  "rmse_values": [
    0.0655882678660197,
    0.0666768192809626,
    0.06456259260166355
  ],
  "mse_mean": 0.004305315824846427,
  "mse_std": 0.00013876794515417436,
  "mse_values": [
    0.004301820881664753,
    0.0044457982294261456,
    0.004168328363448381
  ],
  "mae_mean": 0.04387859130899111,
  "mae_std": 0.00037811745630395455,
  "mae_values": [
    0.04389657452702522,
    0.04424739629030228,
    0.043491803109645844
  ],
  "imputation_time_mean": 0.32460228602091473,
  "imputation_time_std": 0.015152655332281561,
  "imputation_time_values": [
    0.3259589672088623,
    0.30881690979003906,
    0.3390309810638428
  ],
  "n_neighbors": 10,
  "weights": "uniform",
  "metric": "cosine"
}