{
  "seeds": [
    42,
    50,
    100
  ],
  "n_runs": 3,
  "r2_mean": -0.34718072414398193,
  "r2_std": 0.025590822146066353,
  "r2_values": [
    -0.3503025770187378,
    -0.32017219066619873,
    -0.3710674047470093
  ],
  "rmse_mean": 0.06602062543747755,
  "rmse_std": 0.0009277798659073244,
  "rmse_values": [
    0.06623447163127771,
    0.0668228106034543,
    0.06500459407770066
  ],
  "mse_mean": 0.0043592968334754305,
  "mse_std": 0.0001222241069432832,
  "mse_values": [
    0.004387005232274532,
    0.004465288016945124,
    0.004225597251206636
  ],
  "mae_mean": 0.04246594260136286,
  "mae_std": 0.0001368668834983321,
  "mae_values": [
    0.04252856597304344,
    0.04256029427051544,
    0.04230896756052971
  ],
  "imputation_time_mean": 1.0209985574086506,
  "imputation_time_std": 0.06024028349382527,
  "imputation_time_values": [
    1.0876479148864746,
    1.0049159526824951,
    0.9704318046569824
  ],
  "n_neighbors": 50,
  "weights": "uniform",
  "metric": "manhattan"
}