{
  "seeds": [
    42,
    50,
    100
  ],
  "n_runs": 3,
  "r2_mean": -0.3083662986755371,
  "r2_std": 0.02651533733767094,
  "r2_values": [
    -0.308213472366333,
    -0.2819277048110962,
    -0.33495771884918213
  ],
  "rmse_mean": 0.06505392418275012,
  "rmse_std": 0.0012891212417769221,
  "rmse_values": [
    0.06523239581023824,
    0.06624451042094796,
    0.06368486631706416
  ],
  "mse_mean": 0.004233120940625668,
  "mse_std": 0.000167388705869207,
  "mse_values": [
    0.004255265463143587,
    0.004388335160911083,
    0.004055762197822332
  ],
  "mae_mean": 0.04483045140902201,
  "mae_std": 0.0003442788445644031,
  "mae_values": [
    0.04483934864401817,
    0.045170195400714874,
    0.04448181018233299
  ],
  "imputation_time_mean": 0.3820149898529053,
  "imputation_time_std": 0.025208304766016206,
  "imputation_time_values": [
    0.4087860584259033,
    0.378525972366333,
    0.3587329387664795
  ],
  "n_neighbors": 30,
  "weights": "distance",
  "metric": "cosine"
}