{
  "seeds": [
    42,
    50,
    100
  ],
  "n_runs": 3,
  "r2_mean": -0.3092739184697469,
  "r2_std": 0.023905599304605382,
  "r2_values": [
    -0.3061356544494629,
    -0.2870924472808838,
    -0.33459365367889404
  ],
  "rmse_mean": 0.06507819231252869,
  "rmse_std": 0.0013537267362292117,
  "rmse_values": [
    0.0651805711483077,
    0.0663778230184418,
    0.06367618277083652
  ],
  "mse_mean": 0.004236392832050721,
  "mse_std": 0.00017599253635139928,
  "mse_values": [
    0.004248506855219603,
    0.0044060153886675835,
    0.0040546562522649765
  ],
  "mae_mean": 0.04457106441259384,
  "mae_std": 0.00032934878908396026,
  "mae_values": [
    0.04459214210510254,
    0.04488936811685562,
    0.044231683015823364
  ],
  "imputation_time_mean": 0.33375898996988934,
  "imputation_time_std": 0.01252890251191577,
  "imputation_time_values": [
    0.3352358341217041,
    0.3205571174621582,
    0.34548401832580566
  ],
  "n_neighbors": 20,
  "weights": "uniform",
  "metric": "cosine"
}