{
  "seeds": [
    42,
    50,
    100
  ],
  "n_runs": 3,
  "r2_mean": -0.35583094755808514,
  "r2_std": 0.031892953470986765,
  "r2_values": [
    -0.3579813241958618,
    -0.32291722297668457,
    -0.386594295501709
  ],
  "rmse_mean": 0.0662205784624621,
  "rmse_std": 0.001213292465077221,
  "rmse_values": [
    0.06646161716419025,
    0.06729525945631645,
    0.06490485876687958
  ],
  "mse_mean": 0.0043861463976403075,
  "mse_std": 0.00016027019526632894,
  "mse_values": [
    0.004417146556079388,
    0.00452865194529295,
    0.004212640691548586
  ],
  "mae_mean": 0.0439352976779143,
  "mae_std": 0.00024091466693136634,
  "mae_values": [
    0.0438055694103241,
    0.044213276356458664,
    0.043787047266960144
  ],
  "imputation_time_mean": 0.40717093149820965,
  "imputation_time_std": 0.01325778760630105,
  "imputation_time_values": [
    0.40809178352355957,
    0.41994428634643555,
    0.3934767246246338
  ],
  "n_neighbors": 100,
  "weights": "distance",
  "metric": "euclidean"
}