{
  "seeds": [
    42,
    50,
    100
  ],
  "n_runs": 3,
  "r2_mean": -0.30742792288462323,
  "r2_std": 0.011804433159879144,
  "r2_values": [
    -0.29386794567108154,
    -0.3130079507827759,
    -0.3154078722000122
  ],
  "rmse_mean": 0.06833475554286698,
  "rmse_std": 0.002025687293130556,
  "rmse_values": [
    0.06923197958372303,
    0.06601540816570539,
    0.06975687887917252
  ],
  "mse_mean": 0.0046723744211097555,
  "mse_std": 0.0002746597613760632,
  "mse_values": [
    0.004793066997081041,
    0.004358034115284681,
    0.004866022150963545
  ],
  "mae_mean": 0.044042217234770455,
  "mae_std": 0.00015492821106375263,
  "mae_values": [
    0.043966054916381836,
    0.04394011199474335,
    0.04422048479318619
  ],
  "imputation_time_mean": 0.6594326496124268,
  "imputation_time_std": 0.010882764133737384,
  "imputation_time_values": [
    0.6652870178222656,
    0.6468758583068848,
    0.6661350727081299
  ],
  "n_neighbors": 150,
  "weights": "distance",
  "metric": "manhattan"
}