{
  "seeds": [
    42,
    50,
    100
  ],
  "n_runs": 3,
  "r2_mean": -0.2948645353317261,
  "r2_std": 0.06261315197184797,
  "r2_values": [
    -0.33297085762023926,
    -0.222601056098938,
    -0.329021692276001
  ],
  "rmse_mean": 0.06802980305061955,
  "rmse_std": 0.0037486492446557715,
  "rmse_values": [
    0.07027034356715807,
    0.06370214213875502,
    0.07011692344594556
  ],
  "mse_mean": 0.004637422350545724,
  "mse_std": 0.0005019421317416796,
  "mse_values": [
    0.004937921185046434,
    0.004057962913066149,
    0.0049163829535245895
  ],
  "mae_mean": 0.042882719387610756,
  "mae_std": 0.00044027883242260654,
  "mae_values": [
    0.04320713132619858,
    0.04238152503967285,
    0.04305950179696083
  ],
  "imputation_time_mean": 0.0981740156809489,
  "imputation_time_std": 0.01847111122336367,
  "imputation_time_values": [
    0.11877202987670898,
    0.09266805648803711,
    0.08308196067810059
  ],
  "n_neighbors": 10,
  "weights": "distance",
  "metric": "euclidean"
}