{
  "seeds": [
    42,
    50,
    100
  ],
  "n_runs": 3,
  "r2_mean": -0.3325126568476359,
  "r2_std": 0.012248587477450973,
  "r2_values": [
    -0.3214677572250366,
    -0.3456859588623047,
    -0.3303842544555664
  ],
  "rmse_mean": 0.06898373209169578,
  "rmse_std": 0.001865911487048223,
  "rmse_values": [
    0.0699664847359519,
    0.06683185174739427,
    0.07015285979174117
  ],
  "mse_mean": 0.0047610763770838576,
  "mse_std": 0.0002554476731071024,
  "mse_values": [
    0.0048953089863061905,
    0.004466496407985687,
    0.004921423736959696
  ],
  "mae_mean": 0.04546298334995905,
  "mae_std": 4.006421681270282e-05,
  "mae_values": [
    0.0454706996679306,
    0.04549862816929817,
    0.04541962221264839
  ],
  "imputation_time_mean": 0.2475292682647705,
  "imputation_time_std": 0.003274863577790347,
  "imputation_time_values": [
    0.25119590759277344,
    0.24489498138427734,
    0.24649691581726074
  ],
  "n_neighbors": 300,
  "weights": "distance",
  "metric": "euclidean"
}