{
  "seeds": [
    42,
    50,
    100
  ],
  "n_runs": 3,
  "r2_mean": -0.32045042514801025,
  "r2_std": 0.013474550366051614,
  "r2_values": [
    -0.3053637742996216,
    -0.3312889337539673,
    -0.3246985673904419
  ],
  "rmse_mean": 0.06867167837911316,
  "rmse_std": 0.0019178562060480904,
  "rmse_values": [
    0.06953885714568445,
    0.0664733869906201,
    0.07000279100103494
  ],
  "mse_mean": 0.004718251526355743,
  "mse_std": 0.0002614212509485007,
  "mse_values": [
    0.004835652653127909,
    0.004418711178004742,
    0.00490039074793458
  ],
  "mae_mean": 0.044555168598890305,
  "mae_std": 0.00011263365464611607,
  "mae_values": [
    0.04449966177344322,
    0.044481061398983,
    0.04468478262424469
  ],
  "imputation_time_mean": 0.7258703708648682,
  "imputation_time_std": 0.023651483657033595,
  "imputation_time_values": [
    0.7386548519134521,
    0.6985781192779541,
    0.7403781414031982
  ],
  "n_neighbors": 250,
  "weights": "distance",
  "metric": "manhattan"
}