{
  "seeds": [
    42,
    50,
    100
  ],
  "n_runs": 3,
  "r2_mean": -0.8441993395487467,
  "r2_std": 0.04193130918731748,
  "r2_values": [
    -0.8294699192047119,
    -0.8116201162338257,
    -0.8915079832077026
  ],
  "rmse_mean": 0.07724205754949649,
  "rmse_std": 0.0009717248142252459,
  "rmse_values": [
    0.07709587092936174,
    0.07827859323908186,
    0.0763517084800459
  ],
  "mse_mean": 0.005966964953889449,
  "mse_std": 0.00015032514958598827,
  "mse_values": [
    0.005943773314356804,
    0.006127538159489632,
    0.005829583387821913
  ],
  "mae_mean": 0.04346055909991264,
  "mae_std": 0.0004919146847243461,
  "mae_values": [
    0.04341554269194603,
    0.04397343471646309,
    0.04299269989132881
  ],
  "imputation_time_mean": 0.548136313756307,
  "imputation_time_std": 0.002920803865965165,
  "imputation_time_values": [
    0.5464680194854736,
    0.5464320182800293,
    0.551508903503418
  ],
  "n_neighbors": 3,
  "weights": "distance",
  "metric": "cosine"
}