{
  "seeds": [
    42,
    50,
    100
  ],
  "n_runs": 3,
  "r2_mean": -0.2956353823343913,
  "r2_std": 0.01081450476328356,
  "r2_values": [
    -0.2962533235549927,
    -0.28452515602111816,
    -0.306127667427063
  ],
  "rmse_mean": 0.06803386356070179,
  "rmse_std": 0.0023739605404526068,
  "rmse_values": [
    0.06929576408416106,
    0.06529545180482904,
    0.06951037479311528
  ],
  "mse_mean": 0.0046323637167612714,
  "mse_std": 0.0003197958412871216,
  "mse_values": [
    0.004801902920007706,
    0.004263496026396751,
    0.004831692203879356
  ],
  "mae_mean": 0.04445967078208923,
  "mae_std": 9.714465439867865e-05,
  "mae_values": [
    0.04446139186620712,
    0.04436167702078819,
    0.044555943459272385
  ],
  "imputation_time_mean": 0.17597031593322754,
  "imputation_time_std": 0.002551491438835712,
  "imputation_time_values": [
    0.17473793029785156,
    0.17890405654907227,
    0.1742689609527588
  ],
  "n_neighbors": 100,
  "weights": "distance",
  "metric": "euclidean"
}