{
  "seeds": [
    42,
    50,
    100
  ],
  "n_runs": 3,
  "r2_mean": -0.8441994190216064,
  "r2_std": 0.04193148112525641,
  "r2_values": [
    -0.8294695615768433,
    -0.8116203546524048,
    -0.8915083408355713
  ],
  "rmse_mean": 0.07724205955744101,
  "rmse_std": 0.0009717250035713855,
  "rmse_values": [
    0.07709587092936174,
    0.07827859621346642,
    0.07635171152949487
  ],
  "mse_mean": 0.005966965264330308,
  "mse_std": 0.00015032518550652364,
  "mse_values": [
    0.005943773314356804,
    0.006127538625150919,
    0.0058295838534832
  ],
  "mae_mean": 0.04346055909991264,
  "mae_std": 0.0004919146847243461,
  "mae_values": [
    0.04341554269194603,
    0.04397343471646309,
    0.04299269989132881
  ],
  "imputation_time_mean": 0.69437575340271,
  "imputation_time_std": 0.024969232364541048,
  "imputation_time_values": [
    0.7027111053466797,
    0.7141110897064209,
    0.6663050651550293
  ],
  "n_neighbors": 3,
  "weights": "distance",
  "metric": "cosine"
}