{
  "seeds": [
    42,
    50,
    100
  ],
  "n_runs": 3,
  "r2_mean": -0.3302467266718547,
  "r2_std": 0.02961811226864918,
  "r2_values": [
    -0.33171069622039795,
    -0.29992377758026123,
    -0.3591057062149048
  ],
  "rmse_mean": 0.0655939222448955,
  "rmse_std": 0.0012397507885918981,
  "rmse_values": [
    0.06581561654768556,
    0.06670786925779792,
    0.06425828092920305
  ],
  "mse_mean": 0.004303587290147941,
  "mse_std": 0.00016224308421767015,
  "mse_values": [
    0.004331695381551981,
    0.004449939820915461,
    0.004129126667976379
  ],
  "mae_mean": 0.04535527775684992,
  "mae_std": 0.0002857207206598262,
  "mae_values": [
    0.045392267405986786,
    0.04562070220708847,
    0.04505286365747452
  ],
  "imputation_time_mean": 0.3773760000864665,
  "imputation_time_std": 0.01254871006112876,
  "imputation_time_values": [
    0.37848401069641113,
    0.36431002616882324,
    0.38933396339416504
  ],
  "n_neighbors": 50,
  "weights": "distance",
  "metric": "cosine"
}