{
  "seeds": [
    42,
    50,
    100
  ],
  "n_runs": 3,
  "r2_mean": -0.3514889081319173,
  "r2_std": 0.03267876260781566,
  "r2_values": [
    -0.3544350862503052,
    -0.3174368143081665,
    -0.3825948238372803
  ],
  "rmse_mean": 0.06611389613614382,
  "rmse_std": 0.0011938419148347134,
  "rmse_values": [
    0.06637478181004806,
    0.0671557214069554,
    0.06481118519142802
  ],
  "mse_mean": 0.004371997434645891,
  "mse_std": 0.0001574157282283608,
  "mse_values": [
    0.004405611660331488,
    0.004509890917688608,
    0.004200489725917578
  ],
  "mae_mean": 0.043749927232662834,
  "mae_std": 0.0002182268897933805,
  "mae_values": [
    0.04365304857492447,
    0.043999820947647095,
    0.043596912175416946
  ],
  "imputation_time_mean": 0.3705415725708008,
  "imputation_time_std": 0.014674674930072275,
  "imputation_time_values": [
    0.3759329319000244,
    0.35393381118774414,
    0.3817579746246338
  ],
  "n_neighbors": 75,
  "weights": "uniform",
  "metric": "euclidean"
}