{
  "seeds": [
    42,
    50,
    100
  ],
  "n_runs": 3,
  "r2_mean": -0.4305413564046224,
  "r2_std": 0.035253900533211785,
  "r2_values": [
    -0.42798399925231934,
    -0.3966357707977295,
    -0.46700429916381836
  ],
  "rmse_mean": 0.06801940881682263,
  "rmse_std": 0.0011978800978962644,
  "rmse_values": [
    0.06815311103441794,
    0.06914482844770349,
    0.06676028696834647
  ],
  "mse_mean": 0.004627596586942673,
  "mse_std": 0.00016272288220720252,
  "mse_values": [
    0.004644846543669701,
    0.0047810073010623455,
    0.004456935916095972
  ],
  "mae_mean": 0.04707749436299006,
  "mae_std": 0.0002905074457097428,
  "mae_values": [
    0.04700784385204315,
    0.047396495938301086,
    0.046828143298625946
  ],
  "imputation_time_mean": 0.5205605030059814,
  "imputation_time_std": 0.011859932844215658,
  "imputation_time_values": [
    0.5196211338043213,
    0.5328621864318848,
    0.5091981887817383
  ],
  "n_neighbors": 250,
  "weights": "uniform",
  "metric": "cosine"
}