{
  "seeds": [
    42,
    50,
    100
  ],
  "n_runs": 3,
  "r2_mean": -0.3830575942993164,
  "r2_std": 0.01906573285858787,
  "r2_values": [
    -0.3821840286254883,
    -0.36444365978240967,
    -0.40254509449005127
  ],
  "rmse_mean": 0.066897465442047,
  "rmse_std": 0.00109819593559551,
  "rmse_values": [
    0.06701182433508902,
    0.06793400709601055,
    0.06574656489504144
  ],
  "mse_mean": 0.004476074905445178,
  "mse_std": 0.0001467482430161194,
  "mse_values": [
    0.004490584600716829,
    0.0046150293201208115,
    0.004322610795497894
  ],
  "mae_mean": 0.046323527892430626,
  "mae_std": 0.00026469246995539574,
  "mae_values": [
    0.046319443732500076,
    0.04659023880958557,
    0.04606090113520622
  ],
  "imputation_time_mean": 0.7279192606608073,
  "imputation_time_std": 0.02795554945946213,
  "imputation_time_values": [
    0.7488057613372803,
    0.6961610317230225,
    0.7387909889221191
  ],
  "n_neighbors": 100,
  "weights": "uniform",
  "metric": "cosine"
}