{
  "seeds": [
    42,
    50,
    100
  ],
  "n_runs": 3,
  "r2_mean": -0.36791284879048664,
  "r2_std": 0.017928045543999103,
  "r2_values": [
    -0.36885201930999756,
    -0.34953367710113525,
    -0.38535284996032715
  ],
  "rmse_mean": 0.06653067816890247,
  "rmse_std": 0.0011180417878539279,
  "rmse_values": [
    0.06668785635147771,
    0.0675618136847041,
    0.06534236447052562
  ],
  "mse_mean": 0.0044271644825736685,
  "mse_std": 0.0001485112975296346,
  "mse_values": [
    0.004447270184755325,
    0.004564598668366671,
    0.0042696245945990086
  ],
  "mae_mean": 0.04604480788111687,
  "mae_std": 0.00027786808642233567,
  "mae_values": [
    0.046056974679231644,
    0.046316392719745636,
    0.04576105624437332
  ],
  "imputation_time_mean": 0.7003343105316162,
  "imputation_time_std": 0.011342313725473016,
  "imputation_time_values": [
    0.6883199214935303,
    0.7018260955810547,
    0.7108569145202637
  ],
  "n_neighbors": 75,
  "weights": "uniform",
  "metric": "cosine"
}