{
  "seeds": [
    42,
    50,
    100
  ],
  "n_runs": 3,
  "r2_mean": -0.2965266704559326,
  "r2_std": 0.06200824514091148,
  "r2_values": [
    -0.33424413204193115,
    -0.2249605655670166,
    -0.3303753137588501
  ],
  "rmse_mean": 0.06807336748820401,
  "rmse_std": 0.003733153109487087,
  "rmse_values": [
    0.07030389984835024,
    0.06376357846713751,
    0.07015262414912429
  ],
  "mse_mean": 0.00464327431594332,
  "mse_std": 0.0005002255042722029,
  "mse_values": [
    0.004942638333886862,
    0.004065793938934803,
    0.004921390675008297
  ],
  "mae_mean": 0.04290631785988808,
  "mae_std": 0.00043846889812258213,
  "mae_values": [
    0.0432267040014267,
    0.042406611144542694,
    0.04308563843369484
  ],
  "imputation_time_mean": 0.1359577178955078,
  "imputation_time_std": 0.02082364205740088,
  "imputation_time_values": [
    0.15982270240783691,
    0.12148141860961914,
    0.12656903266906738
  ],
  "n_neighbors": 10,
  "weights": "uniform",
  "metric": "euclidean"
}