{
  "seeds": [
    42,
    50,
    100
  ],
  "n_runs": 3,
  "r2_mean": -0.27670852343241376,
  "r2_std": 0.08246489044779272,
  "r2_values": [
    -0.2689245939254761,
    -0.19841158390045166,
    -0.3627893924713135
  ],
  "rmse_mean": 0.067544103938111,
  "rmse_std": 0.004063304022264685,
  "rmse_values": [
    0.06856139848471061,
    0.06306881155446335,
    0.07100210177515902
  ],
  "mse_mean": 0.0045732129365205765,
  "mse_std": 0.0005431452934042542,
  "mse_values": [
    0.004700665362179279,
    0.00397767499089241,
    0.00504129845649004
  ],
  "mae_mean": 0.04433652013540268,
  "mae_std": 0.0005016623975201419,
  "mae_values": [
    0.044436488300561905,
    0.043792400509119034,
    0.0447806715965271
  ],
  "imputation_time_mean": 0.13314318656921387,
  "imputation_time_std": 0.0070681546667776835,
  "imputation_time_values": [
    0.1343538761138916,
    0.1255478858947754,
    0.1395277976989746
  ],
  "n_neighbors": 10,
  "weights": "uniform",
  "metric": "cosine"
}