{
  "seeds": [
    42,
    50,
    100
  ],
  "n_runs": 3,
  "r2_mean": -0.34268184502919513,
  "r2_std": 0.03128869721034841,
  "r2_values": [
    -0.3500525951385498,
    -0.3083658218383789,
    -0.36962711811065674
  ],
  "rmse_mean": 0.06589932352064329,
  "rmse_std": 0.0012501057315043352,
  "rmse_values": [
    0.06626731348866063,
    0.06692413037213907,
    0.06450652670113016
  ],
  "mse_mean": 0.004343762683371703,
  "mse_std": 0.00016413326771793442,
  "mse_values": [
    0.004391356837004423,
    0.004478839226067066,
    0.004161091987043619
  ],
  "mae_mean": 0.04343638320763906,
  "mae_std": 0.00020684507957285218,
  "mae_values": [
    0.043366000056266785,
    0.043669234961271286,
    0.043273914605379105
  ],
  "imputation_time_mean": 0.3522310256958008,
  "imputation_time_std": 0.013117328983307872,
  "imputation_time_values": [
    0.34333109855651855,
    0.346066951751709,
    0.3672950267791748
  ],
  "n_neighbors": 50,
  "weights": "distance",
  "metric": "euclidean"
}