{
  "seeds": [
    42,
    50,
    100
  ],
  "n_runs": 3,
  "r2_mean": -0.3675585587819417,
  "r2_std": 0.02188041381471014,
  "r2_values": [
    -0.37226247787475586,
    -0.34370875358581543,
    -0.3867044448852539
  ],
  "rmse_mean": 0.06652032205475059,
  "rmse_std": 0.0010436143255130763,
  "rmse_values": [
    0.06677087785423766,
    0.06741585128856542,
    0.06537423702144868
  ],
  "mse_mean": 0.004425679333508015,
  "mse_std": 0.00013847443918145778,
  "mse_values": [
    0.004458350129425526,
    0.0045448970049619675,
    0.004273790866136551
  ],
  "mae_mean": 0.04173142462968826,
  "mae_std": 0.0002044766489303593,
  "mae_values": [
    0.041776061058044434,
    0.041909895837306976,
    0.04150831699371338
  ],
  "imputation_time_mean": 1.0427263577779133,
  "imputation_time_std": 0.06117598914754857,
  "imputation_time_values": [
    1.0837492942810059,
    1.0720179080963135,
    0.9724118709564209
  ],
  "n_neighbors": 20,
  "weights": "uniform",
  "metric": "manhattan"
}