{
  "seeds": [
    42,
    50,
    100
  ],
  "n_runs": 3,
  "r2_mean": -0.7674097617467245,
  "r2_std": 0.0636589632282723,
  "r2_values": [
    -0.7833192348480225,
    -0.6973049640655518,
    -0.8216050863265991
  ],
  "rmse_mean": 0.07559324431946958,
  "rmse_std": 0.0010402843810388847,
  "rmse_values": [
    0.07616204112715438,
    0.07622511238184164,
    0.07439257944941272
  ],
  "mse_mean": 0.005715060047805309,
  "mse_std": 0.00015665473221365635,
  "mse_values": [
    0.005800656508654356,
    0.005810267757624388,
    0.005534255877137184
  ],
  "mae_mean": 0.04300809154907862,
  "mae_std": 0.00038260473909557184,
  "mae_values": [
    0.0431273952126503,
    0.043316829949617386,
    0.042580049484968185
  ],
  "imputation_time_mean": 0.3019316991170247,
  "imputation_time_std": 0.01386270733214198,
  "imputation_time_values": [
    0.3055689334869385,
    0.3136131763458252,
    0.28661298751831055
  ],
  "n_neighbors": 3,
  "weights": "distance",
  "metric": "cosine"
}