{
  "seeds": [
    42,
    50,
    100
  ],
  "n_runs": 3,
  "r2_mean": -0.3029158115386963,
  "r2_std": 0.006313243423415154,
  "r2_values": [
    -0.300850510597229,
    -0.2978938817977905,
    -0.31000304222106934
  ],
  "rmse_mean": 0.06822210615500407,
  "rmse_std": 0.002243173420679512,
  "rmse_values": [
    0.0694185389522742,
    0.06563435754590964,
    0.06961342196682835
  ],
  "mse_mean": 0.004657610319554806,
  "mse_std": 0.0003031877879052313,
  "mse_values": [
    0.004818933550268412,
    0.004307868890464306,
    0.0048460285179317
  ],
  "mae_mean": 0.044661841044823326,
  "mae_std": 8.013946750741764e-05,
  "mae_values": [
    0.04466455802321434,
    0.044580377638339996,
    0.04474058747291565
  ],
  "imputation_time_mean": 0.19069568316141763,
  "imputation_time_std": 0.0021764893655746697,
  "imputation_time_values": [
    0.18854498863220215,
    0.19289708137512207,
    0.1906449794769287
  ],
  "n_neighbors": 125,
  "weights": "distance",
  "metric": "euclidean"
}