{
  "seeds": [
    42,
    50,
    100
  ],
  "n_runs": 3,
  "r2_mean": -0.34491924444834393,
  "r2_std": 0.01565466628726598,
  "r2_values": [
    -0.3302372694015503,
    -0.3613924980163574,
    -0.343127965927124
  ],
  "rmse_mean": 0.06930235260525247,
  "rmse_std": 0.0018085388124419366,
  "rmse_values": [
    0.07019825767320673,
    0.0672207452062505,
    0.07048805493630016
  ],
  "mse_mean": 0.004804996618380149,
  "mse_std": 0.0002488383933977716,
  "mse_values": [
    0.004927795380353928,
    0.004518628586083651,
    0.004968565888702869
  ],
  "mae_mean": 0.045813641200462975,
  "mae_std": 3.198153896013024e-05,
  "mae_values": [
    0.045849382877349854,
    0.04580381512641907,
    0.04578772559762001
  ],
  "imputation_time_mean": 0.29169392585754395,
  "imputation_time_std": 0.016587415374677766,
  "imputation_time_values": [
    0.305056095123291,
    0.29689693450927734,
    0.2731287479400635
  ],
  "n_neighbors": 400,
  "weights": "uniform",
  "metric": "euclidean"
}