{
  "seeds": [
    42,
    50,
    100
  ],
  "n_runs": 3,
  "r2_mean": -0.3720099131266276,
  "r2_std": 0.01652849727581317,
  "r2_values": [
    -0.35423171520233154,
    -0.38691091537475586,
    -0.3748871088027954
  ],
  "rmse_mean": 0.06999763627431209,
  "rmse_std": 0.001877716882289882,
  "rmse_values": [
    0.07082853431023768,
    0.06784782079263475,
    0.07131655372006383
  ],
  "mse_mean": 0.004902019631117582,
  "mse_std": 0.00026099060459459656,
  "mse_values": [
    0.005016681272536516,
    0.004603326786309481,
    0.00508605083450675
  ],
  "mae_mean": 0.047538671642541885,
  "mae_std": 4.2592458032330476e-05,
  "mae_values": [
    0.047492124140262604,
    0.0475756973028183,
    0.047548193484544754
  ],
  "imputation_time_mean": 0.24357803662618002,
  "imputation_time_std": 0.00835371987900808,
  "imputation_time_values": [
    0.23435616493225098,
    0.24573898315429688,
    0.2506389617919922
  ],
  "n_neighbors": 300,
  "weights": "uniform",
  "metric": "cosine"
}