{
  "seeds": [
    42,
    50,
    100
  ],
  "n_runs": 3,
  "r2_mean": -0.37648717562357586,
  "r2_std": 0.023461657718586815,
  "r2_values": [
    -0.37837445735931396,
    -0.352138876914978,
    -0.39894819259643555
  ],
  "rmse_mean": 0.0667288609453053,
  "rmse_std": 0.0014344312390989367,
  "rmse_values": [
    0.06695879682399962,
    0.06803443519064316,
    0.0651933508212731
  ],
  "mse_mean": 0.004454112611711025,
  "mse_std": 0.00019095698387994997,
  "mse_values": [
    0.004483480472117662,
    0.004628684371709824,
    0.00425017299130559
  ],
  "mae_mean": 0.04228183627128601,
  "mae_std": 0.0003047554835123366,
  "mae_values": [
    0.04217517003417015,
    0.042625587433576584,
    0.0420447513461113
  ],
  "imputation_time_mean": 0.27605223655700684,
  "imputation_time_std": 0.006701054067539327,
  "imputation_time_values": [
    0.27967000007629395,
    0.2801668643951416,
    0.26831984519958496
  ],
  "n_neighbors": 10,
  "weights": "uniform",
  "metric": "euclidean"
}