{
  "seeds": [
    42,
    50,
    100
  ],
  "n_runs": 3,
  "r2_mean": -0.3676651318868001,
  "r2_std": 0.023900729827319916,
  "r2_values": [
    -0.3663818836212158,
    -0.34443187713623047,
    -0.3921816349029541
  ],
  "rmse_mean": 0.06652161914834596,
  "rmse_std": 0.0009697463483244,
  "rmse_values": [
    0.06662765925747252,
    0.06743398741022888,
    0.06550321077733648
  ],
  "mse_mean": 0.00442575275277098,
  "mse_std": 0.0001288668445041833,
  "mse_values": [
    0.004439244978129864,
    0.004547342658042908,
    0.004290670622140169
  ],
  "mae_mean": 0.04400831336776415,
  "mae_std": 0.0001400246409756777,
  "mae_values": [
    0.044019896537065506,
    0.044142186641693115,
    0.043862856924533844
  ],
  "imputation_time_mean": 1.4138319492340088,
  "imputation_time_std": 0.0025555259499178452,
  "imputation_time_values": [
    1.411926031112671,
    1.4128339290618896,
    1.4167358875274658
  ],
  "n_neighbors": 250,
  "weights": "distance",
  "metric": "manhattan"
}