{
  "seeds": [
    42,
    50,
    100
  ],
  "n_runs": 3,
  "r2_mean": -0.41730213165283203,
  "r2_std": 0.02107525055469372,
  "r2_values": [
    -0.41499829292297363,
    -0.39747345447540283,
    -0.43943464756011963
  ],
  "rmse_mean": 0.06771985144359326,
  "rmse_std": 0.001075274187281601,
  "rmse_values": [
    0.06780262107130888,
    0.06875134894824944,
    0.06660558431122145
  ],
  "mse_mean": 0.004586749089260896,
  "mse_std": 0.00014550357815530364,
  "mse_values": [
    0.0045971954241395,
    0.00472674798220396,
    0.004436303861439228
  ],
  "mae_mean": 0.04694886008898417,
  "mae_std": 0.00026663888861862327,
  "mae_values": [
    0.04694066941738129,
    0.047219499945640564,
    0.046686410903930664
  ],
  "imputation_time_mean": 0.8718833128611246,
  "imputation_time_std": 0.015028136513208865,
  "imputation_time_values": [
    0.8836541175842285,
    0.8770401477813721,
    0.8549556732177734
  ],
  "n_neighbors": 250,
  "weights": "distance",
  "metric": "cosine"
}