{
  "seeds": [
    42,
    50,
    100
  ],
  "n_runs": 3,
  "r2_mean": -0.4323858817418416,
  "r2_std": 0.023571483527061603,
  "r2_values": [
    -0.4295496940612793,
    -0.41036081314086914,
    -0.45724713802337646
  ],
  "rmse_mean": 0.06807813863228772,
  "rmse_std": 0.0010275085571298868,
  "rmse_values": [
    0.06815036086722812,
    0.06906763065276138,
    0.06701642437687365
  ],
  "mse_mean": 0.004635336808860302,
  "mse_std": 0.0001397922615645784,
  "mse_values": [
    0.004644471686333418,
    0.004770337603986263,
    0.004491201136261225
  ],
  "mae_mean": 0.047217621157566704,
  "mae_std": 0.0002427243748505326,
  "mae_values": [
    0.04720493033528328,
    0.04746644198894501,
    0.04698149114847183
  ],
  "imputation_time_mean": 0.8764560222625732,
  "imputation_time_std": 0.07462596539914736,
  "imputation_time_values": [
    0.9595737457275391,
    0.8545851707458496,
    0.815209150314331
  ],
  "n_neighbors": 400,
  "weights": "distance",
  "metric": "cosine"
}