{
  "seeds": [
    42,
    50,
    100
  ],
  "n_runs": 3,
  "r2_mean": -0.36602739493052167,
  "r2_std": 0.0332721249696532,
  "r2_values": [
    -0.36537039279937744,
    -0.33308863639831543,
    -0.39962315559387207
  ],
  "rmse_mean": 0.06646824387885279,
  "rmse_std": 0.0011818343983485509,
  "rmse_values": [
    0.06664218782244839,
    0.06755346650416107,
    0.0652090773099489
  ],
  "mse_mean": 0.0044189585993687315,
  "mse_std": 0.00015680901772545768,
  "mse_values": [
    0.004441181197762489,
    0.004563470836728811,
    0.004252223763614893
  ],
  "mae_mean": 0.04427813862760862,
  "mae_std": 0.00023131820370007268,
  "mae_values": [
    0.04414833337068558,
    0.04454520717263222,
    0.04414087533950806
  ],
  "imputation_time_mean": 0.46629993120829266,
  "imputation_time_std": 0.012582758182261376,
  "imputation_time_values": [
    0.4807438850402832,
    0.46043992042541504,
    0.4577159881591797
  ],
  "n_neighbors": 150,
  "weights": "distance",
  "metric": "euclidean"
}