{
  "seeds": [
    42,
    50,
    100
  ],
  "n_runs": 3,
  "r2_mean": -0.29960540930430096,
  "r2_std": 0.019555974141296183,
  "r2_values": [
    -0.2893277406692505,
    -0.287331223487854,
    -0.32215726375579834
  ],
  "rmse_mean": 0.06813758281364489,
  "rmse_std": 0.0024348406165937077,
  "rmse_values": [
    0.06911040618247052,
    0.06536673250059385,
    0.0699356097578703
  ],
  "mse_mean": 0.004646682490905126,
  "mse_std": 0.0003288267440175756,
  "mse_values": [
    0.00477624824270606,
    0.0042728097178041935,
    0.004890989512205124
  ],
  "mae_mean": 0.04235416526595751,
  "mae_std": 0.00025398988628927286,
  "mae_values": [
    0.04225834086537361,
    0.04216202720999718,
    0.042642127722501755
  ],
  "imputation_time_mean": 0.5310896237691244,
  "imputation_time_std": 0.0069427937649850216,
  "imputation_time_values": [
    0.5314359664916992,
    0.5239801406860352,
    0.5378527641296387
  ],
  "n_neighbors": 20,
  "weights": "uniform",
  "metric": "manhattan"
}