{
  "seeds": [
    42,
    50,
    100
  ],
  "n_runs": 3,
  "r2_mean": -0.38618985811869305,
  "r2_std": 0.02004187014723302,
  "r2_values": [
    -0.38433241844177246,
    -0.36714136600494385,
    -0.4070957899093628
  ],
  "rmse_mean": 0.066972720618061,
  "rmse_std": 0.001076895764738575,
  "rmse_values": [
    0.06706388643236814,
    0.06800113542218905,
    0.0658531399996258
  ],
  "mse_mean": 0.004486118443310261,
  "mse_std": 0.00014410055100741857,
  "mse_values": [
    0.004497564863413572,
    0.004624154418706894,
    0.004336636047810316
  ],
  "mae_mean": 0.04642184575398763,
  "mae_std": 0.000249973321720338,
  "mae_values": [
    0.04640332981944084,
    0.04668056219816208,
    0.04618164524435997
  ],
  "imputation_time_mean": 0.7827641169230143,
  "imputation_time_std": 0.020145632117114273,
  "imputation_time_values": [
    0.8034911155700684,
    0.7815461158752441,
    0.7632551193237305
  ],
  "n_neighbors": 125,
  "weights": "distance",
  "metric": "cosine"
}