{
  "seeds": [
    42,
    50,
    100
  ],
  "n_runs": 3,
  "r2_mean": -0.4249635934829712,
  "r2_std": 0.021366574538094492,
  "r2_values": [
    -0.4224618673324585,
    -0.40495800971984863,
    -0.44747090339660645
  ],
  "rmse_mean": 0.06790255376381044,
  "rmse_std": 0.001074142021894864,
  "rmse_values": [
    0.06798120184546222,
    0.06893521010649897,
    0.0667912493394701
  ],
  "mse_mean": 0.004611525995035966,
  "mse_std": 0.00014574940108958383,
  "mse_values": [
    0.004621443804353476,
    0.004752063192427158,
    0.004461070988327265
  ],
  "mae_mean": 0.047043448934952416,
  "mae_std": 0.00026660502169307843,
  "mae_values": [
    0.04703543707728386,
    0.04731396958231926,
    0.046780940145254135
  ],
  "imputation_time_mean": 0.8469837506612142,
  "imputation_time_std": 0.012250179688949757,
  "imputation_time_values": [
    0.8365838527679443,
    0.8604872226715088,
    0.8438801765441895
  ],
  "n_neighbors": 250,
  "weights": "uniform",
  "metric": "cosine"
}