{
  "seeds": [
    42,
    50,
    100
  ],
  "n_runs": 3,
  "r2_mean": -0.3451506694157918,
  "r2_std": 0.018373521987584508,
  "r2_values": [
    -0.3464721441268921,
    -0.32615208625793457,
    -0.36282777786254883
  ],
  "rmse_mean": 0.06597446959415355,
  "rmse_std": 0.0010920044743962575,
  "rmse_values": [
    0.06614045284883267,
    0.06697398013377535,
    0.06480897579985263
  ],
  "mse_mean": 0.004353425620744626,
  "mse_std": 0.00014382463434517597,
  "mse_values": [
    0.004374559503048658,
    0.004485514014959335,
    0.0042002033442258835
  ],
  "mae_mean": 0.04559354856610298,
  "mae_std": 0.00028893855557372096,
  "mae_values": [
    0.04562253877520561,
    0.04586689919233322,
    0.04529120773077011
  ],
  "imputation_time_mean": 0.5741175015767416,
  "imputation_time_std": 0.03257164210311016,
  "imputation_time_values": [
    0.6040329933166504,
    0.5789008140563965,
    0.5394186973571777
  ],
  "n_neighbors": 50,
  "weights": "uniform",
  "metric": "cosine"
}