{
  "seeds": [
    42,
    50,
    100
  ],
  "n_runs": 3,
  "r2_mean": -0.3420395453770955,
  "r2_std": 0.03390882375153266,
  "r2_values": [
    -0.35121119022369385,
    -0.30448830127716064,
    -0.37041914463043213
  ],
  "rmse_mean": 0.0658819356200137,
  "rmse_std": 0.0012044057315746626,
  "rmse_values": [
    0.06629574219965113,
    0.06682488721331566,
    0.0645251774470743
  ],
  "mse_mean": 0.004341396503150463,
  "mse_std": 0.000158038668103065,
  "mse_values": [
    0.004395125433802605,
    0.004465565551072359,
    0.0041634985245764256
  ],
  "mae_mean": 0.042791916678349175,
  "mae_std": 0.00015496038681715098,
  "mae_values": [
    0.042748719453811646,
    0.042963892221450806,
    0.04266313835978508
  ],
  "imputation_time_mean": 0.28693143526713055,
  "imputation_time_std": 0.007130791497135907,
  "imputation_time_values": [
    0.2800562381744385,
    0.28644514083862305,
    0.2942929267883301
  ],
  "n_neighbors": 20,
  "weights": "uniform",
  "metric": "euclidean"
}