{
  "seeds": [
    42,
    50,
    100
  ],
  "n_runs": 3,
  "r2_mean": -0.3461389938990275,
  "r2_std": 0.021127341361810287,
  "r2_values": [
    -0.3428703546524048,
    -0.3268364667892456,
    -0.36871016025543213
  ],
  "rmse_mean": 0.06599729575238371,
  "rmse_std": 0.0010223778705223975,
  "rmse_values": [
    0.06605193335974278,
    0.06699125925983584,
    0.06494869463757248
  ],
  "mse_mean": 0.004356339884301026,
  "mse_std": 0.000134866122574783,
  "mse_values": [
    0.004362857900559902,
    0.004487828817218542,
    0.004218332935124636
  ],
  "mae_mean": 0.04400040085117022,
  "mae_std": 0.00031387832277694636,
  "mae_values": [
    0.043937183916568756,
    0.0443410761654377,
    0.04372294247150421
  ],
  "imputation_time_mean": 0.5563779671986898,
  "imputation_time_std": 0.010323211707948834,
  "imputation_time_values": [
    0.5519280433654785,
    0.5490260124206543,
    0.5681798458099365
  ],
  "n_neighbors": 10,
  "weights": "distance",
  "metric": "cosine"
}