{
  "seeds": [
    42,
    50,
    100
  ],
  "n_runs": 3,
  "r2_mean": -0.5955183506011963,
  "r2_std": 0.020095113004138385,
  "r2_values": [
    -0.585736870765686,
    -0.5821866989135742,
    -0.6186314821243286
  ],
  "rmse_mean": 0.07185358093374483,
  "rmse_std": 0.0012638157212180273,
  "rmse_values": [
    0.07177679879117901,
    0.0731540371991184,
    0.07062990681093707
  ],
  "mse_mean": 0.005164001913120349,
  "mse_std": 0.0001817666722479873,
  "mse_values": [
    0.005151908844709396,
    0.005351513158529997,
    0.0049885837361216545
  ],
  "mae_mean": 0.040813568979501724,
  "mae_std": 0.00027587116961985203,
  "mae_values": [
    0.04067002609372139,
    0.04113161563873291,
    0.04063906520605087
  ],
  "imputation_time_mean": 1.0040980180104573,
  "imputation_time_std": 0.035322776294120506,
  "imputation_time_values": [
    0.9759070873260498,
    0.9926660060882568,
    1.0437209606170654
  ],
  "n_neighbors": 5,
  "weights": "distance",
  "metric": "manhattan"
}