{
  "seeds": [
    42,
    50,
    100
  ],
  "n_runs": 3,
  "r2_mean": -0.392480731010437,
  "r2_std": 0.01716585777140578,
  "r2_values": [
    -0.3910404443740845,
    -0.37608039379119873,
    -0.41032135486602783
  ],
  "rmse_mean": 0.06712594420117009,
  "rmse_std": 0.001150532056771038,
  "rmse_values": [
    0.06722616909849596,
    0.06822308509903739,
    0.06592857840597693
  ],
  "mse_mean": 0.004506774867574374,
  "mse_std": 0.0001542912432270792,
  "mse_values": [
    0.0045193578116595745,
    0.004654389340430498,
    0.004346577450633049
  ],
  "mae_mean": 0.04217758526404699,
  "mae_std": 0.0003056799080091727,
  "mae_values": [
    0.04207250103354454,
    0.042521946132183075,
    0.041938308626413345
  ],
  "imputation_time_mean": 0.5404007434844971,
  "imputation_time_std": 0.007731797541357753,
  "imputation_time_values": [
    0.5401577949523926,
    0.5327932834625244,
    0.5482511520385742
  ],
  "n_neighbors": 10,
  "weights": "distance",
  "metric": "euclidean"
}