{
  "seeds": [
    42,
    50,
    100
  ],
  "n_runs": 3,
  "r2_mean": -0.3751726547876994,
  "r2_std": 0.023700443074772717,
  "r2_values": [
    -0.37730729579925537,
    -0.35047709941864014,
    -0.39773356914520264
  ],
  "rmse_mean": 0.06669684228810988,
  "rmse_std": 0.0014284839224730829,
  "rmse_values": [
    0.06693286910943519,
    0.0679926127440532,
    0.06516504501084122
  ],
  "mse_mean": 0.004449829148749511,
  "mse_std": 0.0001900618147754439,
  "mse_values": [
    0.004480008967220783,
    0.004622995387762785,
    0.004246483091264963
  ],
  "mae_mean": 0.04226200530926386,
  "mae_std": 0.0002998283163605337,
  "mae_values": [
    0.04215995967388153,
    0.04259953647851944,
    0.042026519775390625
  ],
  "imputation_time_mean": 0.28244884808858234,
  "imputation_time_std": 0.005495454816030892,
  "imputation_time_values": [
    0.27616190910339355,
    0.28633785247802734,
    0.28484678268432617
  ],
  "n_neighbors": 10,
  "weights": "distance",
  "metric": "euclidean"
}