{
  "seeds": [
    42,
    50,
    100
  ],
  "n_runs": 3,
  "r2_mean": -0.3856956164042155,
  "r2_std": 0.03472128105300084,
  "r2_values": [
    -0.3838818073272705,
    -0.3519167900085449,
    -0.42128825187683105
  ],
  "rmse_mean": 0.0669443705277083,
  "rmse_std": 0.0011655812263809907,
  "rmse_values": [
    0.06709243222480753,
    0.06802884643169874,
    0.06571183292661864
  ],
  "mse_mean": 0.004482454465081294,
  "mse_std": 0.00015580527946642685,
  "mse_values": [
    0.004501394461840391,
    0.00462792394682765,
    0.004318044986575842
  ],
  "mae_mean": 0.04482546324531237,
  "mae_std": 0.0002746819409804201,
  "mae_values": [
    0.04470108449459076,
    0.045140333473682404,
    0.044634971767663956
  ],
  "imputation_time_mean": 0.5579908688863119,
  "imputation_time_std": 0.018646133060838805,
  "imputation_time_values": [
    0.5794413089752197,
    0.5488741397857666,
    0.5456571578979492
  ],
  "n_neighbors": 250,
  "weights": "uniform",
  "metric": "euclidean"
}