{
  "seeds": [
    42,
    50,
    100
  ],
  "n_runs": 3,
  "r2_mean": -0.5136184295018514,
  "r2_std": 0.03481656834658916,
  "r2_values": [
    -0.5091965198516846,
    -0.48122406005859375,
    -0.5504347085952759
  ],
  "rmse_mean": 0.06997687239516319,
  "rmse_std": 0.0008287240327483558,
  "rmse_values": [
    0.07002311335595782,
    0.07078150782843445,
    0.06912599600109731
  ],
  "mse_mean": 0.004897220525890589,
  "mse_std": 0.00011592639320898192,
  "mse_values": [
    0.0049032364040613174,
    0.005010021850466728,
    0.004778403323143721
  ],
  "mae_mean": 0.04358349119623502,
  "mae_std": 0.000321552011532638,
  "mae_values": [
    0.0434957891702652,
    0.04393979534506798,
    0.04331488907337189
  ],
  "imputation_time_mean": 0.6403573354085287,
  "imputation_time_std": 0.010372838150755997,
  "imputation_time_values": [
    0.6503288745880127,
    0.641118049621582,
    0.6296250820159912
  ],
  "n_neighbors": 5,
  "weights": "distance",
  "metric": "cosine"
}