{
  "seeds": [
    42,
    50,
    100
  ],
  "n_runs": 3,
  "r2_mean": -0.6377609570821127,
  "r2_std": 0.056812834152365724,
  "r2_values": [
    -0.6996461153030396,
    -0.5879671573638916,
    -0.6256695985794067
  ],
  "rmse_mean": 0.07649888016154906,
  "rmse_std": 0.0034950713193208994,
  "rmse_values": [
    0.07934892207732132,
    0.0725992947296806,
    0.07754842367764525
  ],
  "mse_mean": 0.005860222348322471,
  "mse_std": 0.0005297552091577471,
  "mse_values": [
    0.006296251434832811,
    0.00527065759524703,
    0.006013758014887571
  ],
  "mae_mean": 0.042172608276208244,
  "mae_std": 0.00045866922212212547,
  "mae_values": [
    0.04269988089799881,
    0.04195215925574303,
    0.04186578467488289
  ],
  "imputation_time_mean": 0.131852388381958,
  "imputation_time_std": 0.01576085400691187,
  "imputation_time_values": [
    0.1497211456298828,
    0.11992883682250977,
    0.12590718269348145
  ],
  "n_neighbors": 3,
  "weights": "distance",
  "metric": "euclidean"
}