{
  "seeds": [
    42,
    50,
    100
  ],
  "n_runs": 3,
  "r2_mean": -0.2988308270772298,
  "r2_std": 0.024224068976134938,
  "r2_values": [
    -0.29572415351867676,
    -0.2763099670410156,
    -0.32445836067199707
  ],
  "rmse_mean": 0.0648178005556857,
  "rmse_std": 0.001335586174161117,
  "rmse_values": [
    0.06492026422294947,
    0.0660992038282545,
    0.06343393361585316
  ],
  "mse_mean": 0.004202536462495725,
  "mse_std": 0.00017293839725193084,
  "mse_values": [
    0.004214640706777573,
    0.0043691047467291355,
    0.004023863933980465
  ],
  "mae_mean": 0.04445814217130343,
  "mae_std": 0.000328123485752662,
  "mae_values": [
    0.04448284953832626,
    0.04477321356534958,
    0.04411836341023445
  ],
  "imputation_time_mean": 0.32240867614746094,
  "imputation_time_std": 0.009390437099594312,
  "imputation_time_values": [
    0.325775146484375,
    0.3117990493774414,
    0.3296518325805664
  ],
  "n_neighbors": 20,
  "weights": "distance",
  "metric": "cosine"
}