{
  "seeds": [
    42,
    50,
    100
  ],
  "n_runs": 3,
  "r2_mean": -0.6566406885782877,
  "r2_std": 0.09327147463440413,
  "r2_values": [
    -0.7140002250671387,
    -0.5490180253982544,
    -0.7069038152694702
  ],
  "rmse_mean": 0.0769496814347294,
  "rmse_std": 0.0045447368605502515,
  "rmse_values": [
    0.07968328116506299,
    0.07170342187556084,
    0.07946234126356436
  ],
  "mse_mean": 0.0059350232283274336,
  "mse_std": 0.0006875393964058539,
  "mse_values": [
    0.006349425297230482,
    0.005141380708664656,
    0.006314263679087162
  ],
  "mae_mean": 0.04331390062967936,
  "mae_std": 0.0007389164733699996,
  "mae_values": [
    0.043882545083761215,
    0.042478688061237335,
    0.043580468744039536
  ],
  "imputation_time_mean": 0.15355340639750162,
  "imputation_time_std": 0.005165616843490416,
  "imputation_time_values": [
    0.1519792079925537,
    0.15932297706604004,
    0.14935803413391113
  ],
  "n_neighbors": 3,
  "weights": "distance",
  "metric": "cosine"
}