{
  "seeds": [
    42,
    50,
    100
  ],
  "n_runs": 3,
  "r2_mean": -0.35427725315093994,
  "r2_std": 0.035059895218367186,
  "r2_values": [
    -0.35698115825653076,
    -0.3179436922073364,
    -0.38790690898895264
  ],
  "rmse_mean": 0.066180451209687,
  "rmse_std": 0.0011384488333828653,
  "rmse_values": [
    0.06643713905885966,
    0.06716864177059415,
    0.06493557279960722
  ],
  "mse_mean": 0.004380716166148583,
  "mse_std": 0.00015027134709897345,
  "mse_values": [
    0.004413893446326256,
    0.004511626437306404,
    0.004216628614813089
  ],
  "mae_mean": 0.04291471838951111,
  "mae_std": 0.00015517088154908698,
  "mae_values": [
    0.04292459785938263,
    0.04306471347808838,
    0.04275484383106232
  ],
  "imputation_time_mean": 0.8368521531422933,
  "imputation_time_std": 0.024584648905571303,
  "imputation_time_values": [
    0.8644280433654785,
    0.8289022445678711,
    0.8172261714935303
  ],
  "n_neighbors": 75,
  "weights": "uniform",
  "metric": "manhattan"
}