{
  "seeds": [
    42,
    50,
    100
  ],
  "n_runs": 3,
  "r2_mean": -0.39529327551523846,
  "r2_std": 0.020044606207655233,
  "r2_values": [
    -0.3938387632369995,
    -0.3760155439376831,
    -0.4160255193710327
  ],
  "rmse_mean": 0.06719233426817646,
  "rmse_std": 0.0010834215686517871,
  "rmse_values": [
    0.06729375787020857,
    0.06822147765890282,
    0.06606176727541802
  ],
  "mse_mean": 0.004515592319269975,
  "mse_std": 0.00014543335329634133,
  "mse_values": [
    0.004528449848294258,
    0.004654170013964176,
    0.004364157095551491
  ],
  "mae_mean": 0.04657476395368576,
  "mae_std": 0.0002541394239415224,
  "mae_values": [
    0.046566352248191833,
    0.04683300480246544,
    0.04632493481040001
  ],
  "imputation_time_mean": 0.8229716618855795,
  "imputation_time_std": 0.014070975683796996,
  "imputation_time_values": [
    0.8096799850463867,
    0.8215248584747314,
    0.8377101421356201
  ],
  "n_neighbors": 150,
  "weights": "distance",
  "metric": "cosine"
}