{
  "seeds": [
    42,
    50,
    100
  ],
  "n_runs": 3,
  "r2_mean": -0.39701088269551593,
  "r2_std": 0.03338752846804257,
  "r2_values": [
    -0.3965812921524048,
    -0.3638402223587036,
    -0.43061113357543945
  ],
  "rmse_mean": 0.06721825040451496,
  "rmse_std": 0.0012108201772004135,
  "rmse_values": [
    0.06739956882394425,
    0.06832818614089886,
    0.06592699624870176
  ],
  "mse_mean": 0.004519270577778419,
  "mse_std": 0.0001624583826299061,
  "mse_values": [
    0.004542701877653599,
    0.004668741021305323,
    0.004346368834376335
  ],
  "mae_mean": 0.046558367709318794,
  "mae_std": 0.0002606649786689282,
  "mae_values": [
    0.04651457071304321,
    0.04683815687894821,
    0.046322375535964966
  ],
  "imputation_time_mean": 0.4639911651611328,
  "imputation_time_std": 0.03992548219810492,
  "imputation_time_values": [
    0.4326310157775879,
    0.4504060745239258,
    0.5089364051818848
  ],
  "n_neighbors": 150,
  "weights": "distance",
  "metric": "cosine"
}