{
  "seeds": [
    42,
    50,
    100
  ],
  "n_runs": 3,
  "r2_mean": -0.3253444830576579,
  "r2_std": 0.03793691576253639,
  "r2_values": [
    -0.31687867641448975,
    -0.29235565662384033,
    -0.36679911613464355
  ],
  "rmse_mean": 0.06546712556351665,
  "rmse_std": 0.0010368815558152275,
  "rmse_values": [
    0.0654480787307141,
    0.06651339932325522,
    0.06443989863658067
  ],
  "mse_mean": 0.0042866612784564495,
  "mse_std": 0.00013579433944222144,
  "mse_values": [
    0.00428345100954175,
    0.004424032289534807,
    0.004152500536292791
  ],
  "mae_mean": 0.043805708487828575,
  "mae_std": 0.0003714674736469593,
  "mae_values": [
    0.043825484812259674,
    0.044166892766952515,
    0.04342474788427353
  ],
  "imputation_time_mean": 0.3757495880126953,
  "imputation_time_std": 0.02925562150555589,
  "imputation_time_values": [
    0.3706929683685303,
    0.3493518829345703,
    0.40720391273498535
  ],
  "n_neighbors": 10,
  "weights": "distance",
  "metric": "cosine"
}