{
  "seeds": [
    42,
    50,
    100
  ],
  "n_runs": 3,
  "r2_mean": -0.32117247581481934,
  "r2_std": 0.01774520960922851,
  "r2_values": [
    -0.3168323040008545,
    -0.3059999942779541,
    -0.3406851291656494
  ],
  "rmse_mean": 0.06538397451930761,
  "rmse_std": 0.0010916273616667859,
  "rmse_values": [
    0.06540842920815762,
    0.06646316907904457,
    0.06428032527072064
  ],
  "mse_mean": 0.004275858557472627,
  "mse_std": 0.00014271150097439246,
  "mse_values": [
    0.004278262611478567,
    0.004417352844029665,
    0.004131960216909647
  ],
  "mae_mean": 0.04465543354550997,
  "mae_std": 0.0002430312287265879,
  "mae_values": [
    0.04464209824800491,
    0.044904857873916626,
    0.04441934451460838
  ],
  "imputation_time_mean": 0.6165304978688558,
  "imputation_time_std": 0.0034375145535953727,
  "imputation_time_values": [
    0.6136476993560791,
    0.6156089305877686,
    0.6203348636627197
  ],
  "n_neighbors": 20,
  "weights": "uniform",
  "metric": "cosine"
}