{
  "seeds": [
    42,
    50,
    100
  ],
  "n_runs": 3,
  "r2_mean": -0.3655538558959961,
  "r2_std": 0.03608452795398526,
  "r2_values": [
    -0.37098705768585205,
    -0.3270608186721802,
    -0.39861369132995605
  ],
  "rmse_mean": 0.06645508064416455,
  "rmse_std": 0.0011425035935401903,
  "rmse_values": [
    0.06677912063443724,
    0.06740056370761556,
    0.06518555759044088
  ],
  "mse_mean": 0.00441714795306325,
  "mse_std": 0.0001513406978749583,
  "mse_values": [
    0.004459450952708721,
    0.004542835988104343,
    0.004249156918376684
  ],
  "mae_mean": 0.041852179914712906,
  "mae_std": 0.00022755269434133942,
  "mae_values": [
    0.04178968816995621,
    0.04210444912314415,
    0.04166240245103836
  ],
  "imputation_time_mean": 0.7930024464925131,
  "imputation_time_std": 0.008970662943503304,
  "imputation_time_values": [
    0.7920980453491211,
    0.7845182418823242,
    0.8023910522460938
  ],
  "n_neighbors": 20,
  "weights": "distance",
  "metric": "manhattan"
}