{
  "seeds": [
    42,
    50,
    100
  ],
  "n_runs": 3,
  "r2_mean": -0.8444879055023193,
  "r2_std": 0.04224185513744734,
  "r2_values": [
    -0.8288619518280029,
    -0.812285304069519,
    -0.892316460609436
  ],
  "rmse_mean": 0.07724801482487681,
  "rmse_std": 0.0009730124772572065,
  "rmse_values": [
    0.0770830589635365,
    0.07829296117256401,
    0.0763680243385299
  ],
  "mse_mean": 0.0059678869632383185,
  "mse_std": 0.00015056121181996474,
  "mse_values": [
    0.0059417979791760445,
    0.006129787769168615,
    0.0058320751413702965
  ],
  "mae_mean": 0.04347199325760206,
  "mae_std": 0.000493398562247632,
  "mae_values": [
    0.043419696390628815,
    0.043989457190036774,
    0.04300682619214058
  ],
  "imputation_time_mean": 0.5488998095194498,
  "imputation_time_std": 0.020848038381251644,
  "imputation_time_values": [
    0.545565128326416,
    0.5712141990661621,
    0.5299201011657715
  ],
  "n_neighbors": 3,
  "weights": "uniform",
  "metric": "cosine"
}