{
  "seeds": [
    42,
    50,
    100
  ],
  "n_runs": 3,
  "r2_mean": -0.33199437459309894,
  "r2_std": 0.01286242972591541,
  "r2_values": [
    -0.31714725494384766,
    -0.33907973766326904,
    -0.3397561311721802
  ],
  "rmse_mean": 0.06897304617213344,
  "rmse_std": 0.00201525211330589,
  "rmse_values": [
    0.06985201315781912,
    0.06666760344641871,
    0.07039952191216248
  ],
  "mse_mean": 0.004759988592316707,
  "mse_std": 0.0002758461701853747,
  "mse_values": [
    0.004879303742200136,
    0.00444456934928894,
    0.004956092685461044
  ],
  "mae_mean": 0.046832059820493065,
  "mae_std": 8.202390270002485e-05,
  "mae_values": [
    0.0467815138399601,
    0.046787966042757034,
    0.046926699578762054
  ],
  "imputation_time_mean": 0.1876676877339681,
  "imputation_time_std": 0.009346476825133827,
  "imputation_time_values": [
    0.19504427909851074,
    0.19080185890197754,
    0.17715692520141602
  ],
  "n_neighbors": 125,
  "weights": "uniform",
  "metric": "cosine"
}