{
  "seeds": [
    42,
    50,
    100
  ],
  "n_runs": 3,
  "r2_mean": -0.342565377553304,
  "r2_std": 0.02969200799307615,
  "r2_values": [
    -0.3441333770751953,
    -0.3121204376220703,
    -0.3714423179626465
  ],
  "rmse_mean": 0.06589707529305287,
  "rmse_std": 0.0012506598559416599,
  "rmse_values": [
    0.06612188094540347,
    0.06702008611795457,
    0.06454925881580055
  ],
  "mse_mean": 0.004343467298895121,
  "mse_std": 0.00016442351993068525,
  "mse_values": [
    0.00437210313975811,
    0.004491691943258047,
    0.004166606813669205
  ],
  "mae_mean": 0.045486864944299064,
  "mae_std": 0.00028135992434726774,
  "mae_values": [
    0.045520443469285965,
    0.045749928802251816,
    0.045190222561359406
  ],
  "imputation_time_mean": 0.36368751525878906,
  "imputation_time_std": 0.00790935115482385,
  "imputation_time_values": [
    0.36939477920532227,
    0.3546590805053711,
    0.36700868606567383
  ],
  "n_neighbors": 50,
  "weights": "uniform",
  "metric": "cosine"
}