{
  "seeds": [
    42,
    50,
    100
  ],
  "n_runs": 3,
  "r2_mean": -0.37817931175231934,
  "r2_std": 0.034394918577779245,
  "r2_values": [
    -0.37714695930480957,
    -0.3443121910095215,
    -0.41307878494262695
  ],
  "rmse_mean": 0.06676266679633787,
  "rmse_std": 0.0011666575230403992,
  "rmse_values": [
    0.06692897299808954,
    0.06783724702464926,
    0.06552178036627479
  ],
  "mse_mean": 0.004458161070942879,
  "mse_std": 0.000155494939543062,
  "mse_values": [
    0.0044794874265789986,
    0.0046018920838832855,
    0.004293103702366352
  ],
  "mae_mean": 0.04459684217969576,
  "mae_std": 0.0002570298376911763,
  "mae_values": [
    0.04446229711174965,
    0.04489321634173393,
    0.044435013085603714
  ],
  "imputation_time_mean": 0.48006534576416016,
  "imputation_time_std": 0.01704286189527225,
  "imputation_time_values": [
    0.4751710891723633,
    0.4660050868988037,
    0.4990198612213135
  ],
  "n_neighbors": 200,
  "weights": "uniform",
  "metric": "euclidean"
}