{
  "seeds": [
    42,
    50,
    100
  ],
  "n_runs": 3,
  "r2_mean": -0.4827592770258586,
  "r2_std": 0.04744148115141092,
  "r2_values": [
    -0.48365318775177,
    -0.4348771572113037,
    -0.529747486114502
  ],
  "rmse_mean": 0.06924230902159884,
  "rmse_std": 0.0009759621929865998,
  "rmse_values": [
    0.06946886443717719,
    0.07008506828218133,
    0.06817299434543798
  ],
  "mse_mean": 0.0047951323601106806,
  "mse_std": 0.00013484271585915213,
  "mse_values": [
    0.004825923126190901,
    0.004911916796118021,
    0.004647557158023119
  ],
  "mae_mean": 0.04335315773884455,
  "mae_std": 0.00032911565166844777,
  "mae_values": [
    0.043437812477350235,
    0.04363167658448219,
    0.04298998415470123
  ],
  "imputation_time_mean": 0.33696762720743817,
  "imputation_time_std": 0.014841339640838813,
  "imputation_time_values": [
    0.3289337158203125,
    0.32787513732910156,
    0.3540940284729004
  ],
  "n_neighbors": 5,
  "weights": "uniform",
  "metric": "cosine"
}