{
  "seeds": [
    42,
    50,
    100
  ],
  "n_runs": 3,
  "r2_mean": -0.7581266562143961,
  "r2_std": 0.05678162951163391,
  "r2_values": [
    -0.7763667106628418,
    -0.6944664716720581,
    -0.8035467863082886
  ],
  "rmse_mean": 0.07539923247005685,
  "rmse_std": 0.0011942144167887412,
  "rmse_values": [
    0.07601343084111029,
    0.0761613471752052,
    0.07402291939385504
  ],
  "mse_mean": 0.0056859950224558515,
  "mse_std": 0.00017927656674384193,
  "mse_values": [
    0.005778041668236256,
    0.005800550803542137,
    0.005479392595589161
  ],
  "mae_mean": 0.04151171073317528,
  "mae_std": 0.00024212998046037955,
  "mae_values": [
    0.041653744876384735,
    0.04164925217628479,
    0.04123213514685631
  ],
  "imputation_time_mean": 0.26507727305094403,
  "imputation_time_std": 0.003741775333743232,
  "imputation_time_values": [
    0.26714587211608887,
    0.2607579231262207,
    0.26732802391052246
  ],
  "n_neighbors": 3,
  "weights": "distance",
  "metric": "euclidean"
}