{
  "seeds": [
    42,
    50,
    100
  ],
  "n_runs": 3,
  "r2_mean": -0.595518430074056,
  "r2_std": 0.020094859840484137,
  "r2_values": [
    -0.5857373476028442,
    -0.5821866989135742,
    -0.6186312437057495
  ],
  "rmse_mean": 0.0718535820150164,
  "rmse_std": 0.0012638156226816885,
  "rmse_values": [
    0.07177680203499376,
    0.0731540371991184,
    0.07062990681093707
  ],
  "mse_mean": 0.005164002068340778,
  "mse_std": 0.00018176665675779404,
  "mse_values": [
    0.005151909310370684,
    0.005351513158529997,
    0.0049885837361216545
  ],
  "mae_mean": 0.040813568979501724,
  "mae_std": 0.0002758747043509089,
  "mae_values": [
    0.04067002981901169,
    0.04113161936402321,
    0.040639057755470276
  ],
  "imputation_time_mean": 1.0429519812266033,
  "imputation_time_std": 0.048996284455926624,
  "imputation_time_values": [
    0.9871387481689453,
    1.0628399848937988,
    1.0788772106170654
  ],
  "n_neighbors": 5,
  "weights": "distance",
  "metric": "manhattan"
}