{
  "seeds": [
    42,
    50,
    100
  ],
  "n_runs": 3,
  "r2_mean": -0.8583151499430338,
  "r2_std": 0.042296811430275444,
  "r2_values": [
    -0.8412537574768066,
    -0.8272137641906738,
    -0.9064779281616211
  ],
  "rmse_mean": 0.07752786751082147,
  "rmse_std": 0.0014960679185289,
  "rmse_values": [
    0.0773892868256706,
    0.0790884042321448,
    0.076105911474649
  ],
  "mse_mean": 0.0060120623869200545,
  "mse_std": 0.00023228562138898843,
  "mse_values": [
    0.005989101715385914,
    0.006254975683987141,
    0.00579210976138711
  ],
  "mae_mean": 0.04062531515955925,
  "mae_std": 0.00026455888940393567,
  "mae_values": [
    0.04049769043922424,
    0.04092949256300926,
    0.040448762476444244
  ],
  "imputation_time_mean": 0.7511239846547445,
  "imputation_time_std": 0.009508911557362604,
  "imputation_time_values": [
    0.7456810474395752,
    0.7455871105194092,
    0.762103796005249
  ],
  "n_neighbors": 3,
  "weights": "distance",
  "metric": "manhattan"
}