{
  "seeds": [
    42,
    50,
    100
  ],
  "n_runs": 3,
  "r2_mean": -0.3819719155629476,
  "r2_std": 0.023443743479306833,
  "r2_values": [
    -0.38037991523742676,
    -0.35936474800109863,
    -0.4061710834503174
  ],
  "rmse_mean": 0.06686900926460343,
  "rmse_std": 0.0009916986203882538,
  "rmse_values": [
    0.0669680768881225,
    0.06780745589706215,
    0.06583149500862566
  ],
  "mse_mean": 0.004472120044132073,
  "mse_std": 0.0001324830477085969,
  "mse_values": [
    0.004484723322093487,
    0.004597851075232029,
    0.004333785735070705
  ],
  "mae_mean": 0.04463148365418116,
  "mae_std": 0.00016129186319996974,
  "mae_values": [
    0.04463430121541023,
    0.04479134827852249,
    0.044468801468610764
  ],
  "imputation_time_mean": 1.4208776950836182,
  "imputation_time_std": 0.15688957080600544,
  "imputation_time_values": [
    1.5904591083526611,
    1.3912770748138428,
    1.2808969020843506
  ],
  "n_neighbors": 400,
  "weights": "uniform",
  "metric": "manhattan"
}