{
  "seeds": [
    42,
    50,
    100
  ],
  "n_runs": 3,
  "r2_mean": -0.3340400457382202,
  "r2_std": 0.017995929554697927,
  "r2_values": [
    -0.335394024848938,
    -0.31540536880493164,
    -0.351320743560791
  ],
  "rmse_mean": 0.06570155269425748,
  "rmse_std": 0.0010931614614667095,
  "rmse_values": [
    0.06586781112313239,
    0.06670206114156729,
    0.06453478581807277
  ],
  "mse_mean": 0.004317490694423516,
  "mse_std": 0.00014337990846479055,
  "mse_values": [
    0.004338568542152643,
    0.0044491649605333805,
    0.004164738580584526
  ],
  "mae_mean": 0.04547427097956339,
  "mae_std": 0.0002879065402319103,
  "mae_values": [
    0.045501112937927246,
    0.04574781656265259,
    0.04517388343811035
  ],
  "imputation_time_mean": 0.699670155843099,
  "imputation_time_std": 0.0024078262043405736,
  "imputation_time_values": [
    0.7024421691894531,
    0.6980981826782227,
    0.6984701156616211
  ],
  "n_neighbors": 50,
  "weights": "distance",
  "metric": "cosine"
}