{
  "seeds": [
    42,
    50,
    100
  ],
  "n_runs": 3,
  "r2_mean": -0.5321600039800009,
  "r2_std": 0.027220104040738657,
  "r2_values": [
    -0.5284656286239624,
    -0.5069757699966431,
    -0.561038613319397
  ],
  "rmse_mean": 0.07040827686453698,
  "rmse_std": 0.0010174269778274346,
  "rmse_values": [
    0.07046870919922114,
    0.07139414071614249,
    0.06936198067824731
  ],
  "mse_mean": 0.004958015556136767,
  "mse_std": 0.00014317987567687732,
  "mse_values": [
    0.004965838976204395,
    0.0050971233285963535,
    0.004811084363609552
  ],
  "mae_mean": 0.041682628293832145,
  "mae_std": 0.000352854769127935,
  "mae_values": [
    0.041569240391254425,
    0.04207823798060417,
    0.04140040650963783
  ],
  "imputation_time_mean": 0.5344802538553873,
  "imputation_time_std": 0.02074881796919054,
  "imputation_time_values": [
    0.5207579135894775,
    0.5243330001831055,
    0.5583498477935791
  ],
  "n_neighbors": 5,
  "weights": "uniform",
  "metric": "euclidean"
}