{
  "seeds": [
    42,
    50,
    100
  ],
  "n_runs": 3,
  "r2_mean": -0.3253444830576579,
  "r2_std": 0.03793691576253639,
  "r2_values": [
    -0.31687867641448975,
    -0.29235565662384033,
    -0.36679911613464355
  ],
  "rmse_mean": 0.06546712556351665,
  "rmse_std": 0.0010368815558152275,
  "rmse_values": [
    0.0654480787307141,
    0.06651339932325522,
    0.06443989863658067
  ],
  "mse_mean": 0.0042866612784564495,
  "mse_std": 0.00013579433944222144,
  "mse_values": [
    0.00428345100954175,
    0.004424032289534807,
    0.004152500536292791
  ],
  "mae_mean": 0.04380571593840917,
  "mae_std": 0.00037146918557973775,
  "mae_values": [
    0.04382548853754997,
    0.04416690394282341,
    0.043424755334854126
  ],
  "imputation_time_mean": 0.3091030915578206,
  "imputation_time_std": 0.003960604429509738,
  "imputation_time_values": [
    0.3046731948852539,
    0.3103339672088623,
    0.3123021125793457
  ],
  "n_neighbors": 10,
  "weights": "distance",
  "metric": "cosine"
}