{
  "seeds": [
    42,
    50,
    100
  ],
  "n_runs": 3,
  "r2_mean": -0.43107601006825763,
  "r2_std": 0.02263294682139464,
  "r2_values": [
    -0.4280259609222412,
    -0.41012275218963623,
    -0.4550793170928955
  ],
  "rmse_mean": 0.06804746351790103,
  "rmse_std": 0.001049207143340912,
  "rmse_values": [
    0.06811403116236807,
    0.06906180185616727,
    0.06696655753516775
  ],
  "mse_mean": 0.0046311911816398306,
  "mse_std": 0.00014268880379750176,
  "mse_values": [
    0.004639521241188049,
    0.004769532475620508,
    0.004484519828110933
  ],
  "mae_mean": 0.04715892051657041,
  "mae_std": 0.00025359854636530376,
  "mae_values": [
    0.047139085829257965,
    0.04742185398936272,
    0.046915821731090546
  ],
  "imputation_time_mean": 0.9060863653818766,
  "imputation_time_std": 0.040568841373484016,
  "imputation_time_values": [
    0.872995138168335,
    0.8939168453216553,
    0.9513471126556396
  ],
  "n_neighbors": 300,
  "weights": "uniform",
  "metric": "cosine"
}