{
  "seeds": [
    42,
    50,
    100
  ],
  "n_runs": 3,
  "r2_mean": -0.35335954030354816,
  "r2_std": 0.02531969544138044,
  "r2_values": [
    -0.3566262722015381,
    -0.3265650272369385,
    -0.37688732147216797
  ],
  "rmse_mean": 0.0661720673447459,
  "rmse_std": 0.0009400291831122303,
  "rmse_values": [
    0.06638937974261593,
    0.06698440862485283,
    0.06514241366676893
  ],
  "mse_mean": 0.004379331599920988,
  "mse_std": 0.0001241180142969019,
  "mse_values": [
    0.0044075497426092625,
    0.0044869109988212585,
    0.004243534058332443
  ],
  "mae_mean": 0.04204391067226728,
  "mae_std": 0.00015129207933977238,
  "mae_values": [
    0.04207756370306015,
    0.0421755425632,
    0.04187862575054169
  ],
  "imputation_time_mean": 1.1214493115743,
  "imputation_time_std": 0.02207375891278162,
  "imputation_time_values": [
    1.143448829650879,
    1.099302053451538,
    1.1215970516204834
  ],
  "n_neighbors": 30,
  "weights": "distance",
  "metric": "manhattan"
}