{
  "seeds": [
    42,
    50,
    100
  ],
  "n_runs": 3,
  "r2_mean": -0.35005609194437665,
  "r2_std": 0.02430340808271359,
  "r2_values": [
    -0.351462721824646,
    -0.32507991790771484,
    -0.37362563610076904
  ],
  "rmse_mean": 0.06609167675130222,
  "rmse_std": 0.0009524600556570805,
  "rmse_values": [
    0.06626291794611826,
    0.06694690018853586,
    0.06506521211925256
  ],
  "mse_mean": 0.004368714522570372,
  "mse_std": 0.0001256634901900406,
  "mse_values": [
    0.004390774294734001,
    0.004481887444853783,
    0.004233481828123331
  ],
  "mae_mean": 0.04305461794137955,
  "mae_std": 0.0001283898956994912,
  "mae_values": [
    0.0430944599211216,
    0.04315836355090141,
    0.04291103035211563
  ],
  "imputation_time_mean": 1.2278110186258953,
  "imputation_time_std": 0.02045636110969139,
  "imputation_time_values": [
    1.206446886062622,
    1.2472190856933594,
    1.229767084121704
  ],
  "n_neighbors": 100,
  "weights": "distance",
  "metric": "manhattan"
}