{
  "seeds": [
    42,
    50,
    100
  ],
  "n_runs": 3,
  "r2_mean": -0.3512681722640991,
  "r2_std": 0.02082436596771361,
  "r2_values": [
    -0.3477592468261719,
    -0.3324211835861206,
    -0.3736240863800049
  ],
  "rmse_mean": 0.06612310994712634,
  "rmse_std": 0.0010343290139127124,
  "rmse_values": [
    0.06617205710425422,
    0.06713209640208014,
    0.06506517633504467
  ],
  "mse_mean": 0.0043729788934191065,
  "mse_std": 0.0001367117054270079,
  "mse_values": [
    0.004378741141408682,
    0.0045067183673381805,
    0.004233477171510458
  ],
  "mae_mean": 0.04406142855683962,
  "mae_std": 0.0003132802060455943,
  "mae_values": [
    0.04399856552481651,
    0.0444013737142086,
    0.04378434643149376
  ],
  "imputation_time_mean": 0.5877108573913574,
  "imputation_time_std": 0.01910947973412027,
  "imputation_time_values": [
    0.5730679035186768,
    0.5807368755340576,
    0.6093277931213379
  ],
  "n_neighbors": 10,
  "weights": "uniform",
  "metric": "cosine"
}