{
  "seeds": [
    42,
    50,
    100
  ],
  "n_runs": 3,
  "r2_mean": -0.35969285170237225,
  "r2_std": 0.033676365012954304,
  "r2_values": [
    -0.3579733371734619,
    -0.3269091844558716,
    -0.3941960334777832
  ],
  "rmse_mean": 0.0663135564044801,
  "rmse_std": 0.0011641576057989868,
  "rmse_values": [
    0.0664614244860023,
    0.06739671536084145,
    0.06508252936659653
  ],
  "mse_mean": 0.004398391271630923,
  "mse_std": 0.00015414659191175745,
  "mse_values": [
    0.004417120944708586,
    0.004542317241430283,
    0.0042357356287539005
  ],
  "mae_mean": 0.04335537056128184,
  "mae_std": 0.00018207178621591525,
  "mae_values": [
    0.043320294469594955,
    0.04355242848396301,
    0.04319338873028755
  ],
  "imputation_time_mean": 0.9078451792399088,
  "imputation_time_std": 0.019956952516891918,
  "imputation_time_values": [
    0.8876957893371582,
    0.9082357883453369,
    0.9276039600372314
  ],
  "n_neighbors": 125,
  "weights": "distance",
  "metric": "manhattan"
}