{
  "seeds": [
    42,
    50,
    100
  ],
  "n_runs": 3,
  "r2_mean": -0.565885861714681,
  "r2_std": 0.03344854932175029,
  "r2_values": [
    -0.5543825626373291,
    -0.5397069454193115,
    -0.6035680770874023
  ],
  "rmse_mean": 0.0711680236119204,
  "rmse_std": 0.0014018333369463392,
  "rmse_values": [
    0.07110546259237463,
    0.07260009007739786,
    0.06979851816598873
  ],
  "mse_mean": 0.0050661976759632426,
  "mse_std": 0.00019966588461081534,
  "mse_values": [
    0.005055986810475588,
    0.005270773079246283,
    0.004871833138167858
  ],
  "mae_mean": 0.040882175167401634,
  "mae_std": 0.00020269213077167317,
  "mae_values": [
    0.040749046951532364,
    0.041115447878837585,
    0.040782030671834946
  ],
  "imputation_time_mean": 0.775486946105957,
  "imputation_time_std": 0.013962578979314313,
  "imputation_time_values": [
    0.761322021484375,
    0.7759008407592773,
    0.7892379760742188
  ],
  "n_neighbors": 5,
  "weights": "uniform",
  "metric": "manhattan"
}