{
  "seeds": [
    42,
    50,
    100
  ],
  "n_runs": 3,
  "r2_mean": -0.4802521864573161,
  "r2_std": 0.04721646724424084,
  "r2_values": [
    -0.4816049337387085,
    -0.43237388134002686,
    -0.5267777442932129
  ],
  "rmse_mean": 0.06918386300242231,
  "rmse_std": 0.0009802924837801943,
  "rmse_values": [
    0.06942089678298163,
    0.07002390471437377,
    0.06810678750991155
  ],
  "mse_mean": 0.004787047548840444,
  "mse_std": 0.00013531341588340242,
  "mse_values": [
    0.004819260910153389,
    0.004903347231447697,
    0.004638534504920244
  ],
  "mae_mean": 0.04331387703617414,
  "mae_std": 0.000331093311908434,
  "mae_values": [
    0.043406739830970764,
    0.04358862340450287,
    0.04294626787304878
  ],
  "imputation_time_mean": 0.37688978513081867,
  "imputation_time_std": 0.03653982522700243,
  "imputation_time_values": [
    0.35379815101623535,
    0.41901731491088867,
    0.35785388946533203
  ],
  "n_neighbors": 5,
  "weights": "distance",
  "metric": "cosine"
}