{
  "seeds": [
    42,
    50,
    100
  ],
  "n_runs": 3,
  "r2_mean": -0.3494427998860677,
  "r2_std": 0.01973868687716798,
  "r2_values": [
    -0.34818553924560547,
    -0.33036279678344727,
    -0.3697800636291504
  ],
  "rmse_mean": 0.06607894015915715,
  "rmse_std": 0.001056890296509206,
  "rmse_values": [
    0.0661825275235066,
    0.06708022261018252,
    0.06497407034378233
  ],
  "mse_mean": 0.004367171010623376,
  "mse_std": 0.0001395151338962543,
  "mse_values": [
    0.00438012694939971,
    0.0044997562654316425,
    0.0042216298170387745
  ],
  "mae_mean": 0.043735710283120476,
  "mae_std": 0.00020308704434492198,
  "mae_values": [
    0.04371260479092598,
    0.04394936189055443,
    0.04354516416788101
  ],
  "imputation_time_mean": 0.743002732594808,
  "imputation_time_std": 0.020806903826684965,
  "imputation_time_values": [
    0.7470400333404541,
    0.720473051071167,
    0.7614951133728027
  ],
  "n_neighbors": 100,
  "weights": "distance",
  "metric": "euclidean"
}