{
  "seeds": [
    42,
    50,
    100
  ],
  "n_runs": 3,
  "r2_mean": -0.3495294253031413,
  "r2_std": 0.03256837149914154,
  "r2_values": [
    -0.35265016555786133,
    -0.315513014793396,
    -0.3804250955581665
  ],
  "rmse_mean": 0.06606600509890699,
  "rmse_std": 0.0011954218320057504,
  "rmse_values": [
    0.06633103191871309,
    0.06710667281100667,
    0.06476031056700121
  ],
  "mse_mean": 0.004365669718633096,
  "mse_std": 0.00015750313239394574,
  "mse_values": [
    0.004399805795401335,
    0.004503305535763502,
    0.004193897824734449
  ],
  "mae_mean": 0.04372037574648857,
  "mae_std": 0.00021679562954760864,
  "mae_values": [
    0.04362626373767853,
    0.0439683236181736,
    0.043566539883613586
  ],
  "imputation_time_mean": 0.39035757382710773,
  "imputation_time_std": 0.03828038978140603,
  "imputation_time_values": [
    0.37363696098327637,
    0.43415379524230957,
    0.3632819652557373
  ],
  "n_neighbors": 75,
  "weights": "distance",
  "metric": "euclidean"
}