{
  "seeds": [
    42,
    50,
    100
  ],
  "n_runs": 3,
  "r2_mean": -0.531546394030253,
  "r2_std": 0.02722520087977327,
  "r2_values": [
    -0.5280919075012207,
    -0.5062133073806763,
    -0.5603339672088623
  ],
  "rmse_mean": 0.07039416645620407,
  "rmse_std": 0.0010164805583893616,
  "rmse_values": [
    0.07046009506968029,
    0.07137607790000262,
    0.06934632639892928
  ],
  "mse_mean": 0.004956027492880821,
  "mse_std": 0.00014300971254170932,
  "mse_values": [
    0.004964624997228384,
    0.005094544496387243,
    0.004808912985026836
  ],
  "mae_mean": 0.041673894971609116,
  "mae_std": 0.0003535281215693738,
  "mae_values": [
    0.04156087711453438,
    0.042070113122463226,
    0.04139069467782974
  ],
  "imputation_time_mean": 0.5271446704864502,
  "imputation_time_std": 0.02267218174025618,
  "imputation_time_values": [
    0.5457501411437988,
    0.5018918514251709,
    0.5337920188903809
  ],
  "n_neighbors": 5,
  "weights": "distance",
  "metric": "euclidean"
}