{
  "seeds": [
    42,
    50,
    100
  ],
  "n_runs": 3,
  "r2_mean": -0.379513144493103,
  "r2_std": 0.02344844954838591,
  "r2_values": [
    -0.37791287899017334,
    -0.35690581798553467,
    -0.4037207365036011
  ],
  "rmse_mean": 0.06680947267100522,
  "rmse_std": 0.0009896927744361247,
  "rmse_values": [
    0.066908204985301,
    0.06774609877313546,
    0.06577411425457917
  ],
  "mse_mean": 0.004464158633102973,
  "mse_std": 0.00013209772222713538,
  "mse_values": [
    0.004476707894355059,
    0.004589533898979425,
    0.004326234105974436
  ],
  "mae_mean": 0.044818503161271415,
  "mae_std": 0.0001750426868310907,
  "mae_values": [
    0.044808320701122284,
    0.0449984148144722,
    0.04464877396821976
  ],
  "imputation_time_mean": 0.9206106662750244,
  "imputation_time_std": 0.013680052312884815,
  "imputation_time_values": [
    0.9076790809631348,
    0.919219970703125,
    0.9349329471588135
  ],
  "n_neighbors": 300,
  "weights": "distance",
  "metric": "euclidean"
}