{
  "seeds": [
    42,
    50,
    100
  ],
  "n_runs": 3,
  "r2_mean": -0.42143766085306805,
  "r2_std": 0.03487164921748125,
  "r2_values": [
    -0.4193323850631714,
    -0.38766634464263916,
    -0.45731425285339355
  ],
  "rmse_mean": 0.06780273907311762,
  "rmse_std": 0.0011979762631711233,
  "rmse_values": [
    0.06794634085139414,
    0.0689224418659201,
    0.06653943450203864
  ],
  "mse_mean": 0.0045981681905686855,
  "mse_std": 0.0001621997215161876,
  "mse_values": [
    0.004616705235093832,
    0.004750302992761135,
    0.0044274963438510895
  ],
  "mae_mean": 0.04691487674911817,
  "mae_std": 0.0002850600855003047,
  "mae_values": [
    0.046840738505125046,
    0.04722968116402626,
    0.0466742105782032
  ],
  "imputation_time_mean": 0.4728554884592692,
  "imputation_time_std": 0.04383612570014057,
  "imputation_time_values": [
    0.4327857494354248,
    0.5196750164031982,
    0.46610569953918457
  ],
  "n_neighbors": 200,
  "weights": "uniform",
  "metric": "cosine"
}