{
  "seeds": [
    42,
    50,
    100
  ],
  "n_runs": 3,
  "r2_mean": -0.44599636395772296,
  "r2_std": 0.03738332933185018,
  "r2_values": [
    -0.442081093788147,
    -0.4107247591018677,
    -0.4851832389831543
  ],
  "rmse_mean": 0.0683846864620851,
  "rmse_std": 0.0011635203884982012,
  "rmse_values": [
    0.06848869013415412,
    0.06949271355741313,
    0.06717265569468804
  ],
  "mse_mean": 0.004677367862313986,
  "mse_std": 0.00015895570829431996,
  "mse_values": [
    0.004690700676292181,
    0.00482923723757267,
    0.0045121656730771065
  ],
  "mae_mean": 0.04734694833556811,
  "mae_std": 0.00026576144082114846,
  "mae_values": [
    0.04726003110408783,
    0.04764528572559357,
    0.047135528177022934
  ],
  "imputation_time_mean": 0.6161530017852783,
  "imputation_time_std": 0.024368939744541244,
  "imputation_time_values": [
    0.6142308712005615,
    0.6414260864257812,
    0.5928020477294922
  ],
  "n_neighbors": 400,
  "weights": "uniform",
  "metric": "cosine"
}