{
  "seeds": [
    42,
    50,
    100
  ],
  "n_runs": 3,
  "r2_mean": -0.43925154209136963,
  "r2_std": 0.03695922329452791,
  "r2_values": [
    -0.43571901321411133,
    -0.40418541431427,
    -0.47785019874572754
  ],
  "rmse_mean": 0.06822517588294658,
  "rmse_std": 0.001166481573709419,
  "rmse_values": [
    0.06833744378467003,
    0.06933146448885392,
    0.06700661937531577
  ],
  "mse_mean": 0.004655581743766864,
  "mse_std": 0.0001589740249427527,
  "mse_values": [
    0.004670006223022938,
    0.004806851968169212,
    0.004489887040108442
  ],
  "mae_mean": 0.04725938911239306,
  "mae_std": 0.00026705174647682423,
  "mae_values": [
    0.04717636480927467,
    0.04755809158086777,
    0.04704371094703674
  ],
  "imputation_time_mean": 0.5906838575998942,
  "imputation_time_std": 0.04337258442496694,
  "imputation_time_values": [
    0.6286571025848389,
    0.5434181690216064,
    0.5999763011932373
  ],
  "n_neighbors": 400,
  "weights": "distance",
  "metric": "cosine"
}