{
  "seeds": [
    42,
    50,
    100
  ],
  "n_runs": 3,
  "r2_mean": -0.3270614941914876,
  "r2_std": 0.010699649910154112,
  "r2_values": [
    -0.3170229196548462,
    -0.33831799030303955,
    -0.32584357261657715
  ],
  "rmse_mean": 0.06884346497939375,
  "rmse_std": 0.0019030067319937207,
  "rmse_values": [
    0.0698487165464548,
    0.06664864045245145,
    0.070033037939275
  ],
  "mse_mean": 0.0047418369601170225,
  "mse_std": 0.00025995054017440553,
  "mse_values": [
    0.004878843203186989,
    0.004442041274160147,
    0.004904626403003931
  ],
  "mae_mean": 0.045301115761200585,
  "mae_std": 3.912566654666419e-05,
  "mae_values": [
    0.04530459642410278,
    0.04533838480710983,
    0.045260366052389145
  ],
  "imputation_time_mean": 0.23084433873494467,
  "imputation_time_std": 0.005288758147078081,
  "imputation_time_values": [
    0.2277529239654541,
    0.23695111274719238,
    0.2278289794921875
  ],
  "n_neighbors": 250,
  "weights": "distance",
  "metric": "euclidean"
}