{
  "seeds": [
    42,
    50,
    100
  ],
  "n_runs": 3,
  "r2_mean": -0.34028875827789307,
  "r2_std": 0.01687219531760528,
  "r2_values": [
    -0.34168076515197754,
    -0.32276368141174316,
    -0.3564218282699585
  ],
  "rmse_mean": 0.06585583608519044,
  "rmse_std": 0.0011252562148842912,
  "rmse_values": [
    0.06602266615499529,
    0.06688836340766693,
    0.06465647869290911
  ],
  "mse_mean": 0.004337835280845563,
  "mse_std": 0.00014793552735608211,
  "mse_values": [
    0.004358992446213961,
    0.004474053159356117,
    0.00418046023696661
  ],
  "mae_mean": 0.04327219103773435,
  "mae_std": 0.00025659079443865896,
  "mae_values": [
    0.04323822632431984,
    0.04354407265782356,
    0.04303427413105965
  ],
  "imputation_time_mean": 0.5755325158437093,
  "imputation_time_std": 0.04498996208117353,
  "imputation_time_values": [
    0.5930018424987793,
    0.6091678142547607,
    0.5244278907775879
  ],
  "n_neighbors": 50,
  "weights": "uniform",
  "metric": "euclidean"
}