{
  "seeds": [
    42,
    50,
    100
  ],
  "n_runs": 3,
  "r2_mean": -0.3751726945241292,
  "r2_std": 0.023700448443316792,
  "r2_values": [
    -0.3773074150085449,
    -0.35047709941864014,
    -0.39773356914520264
  ],
  "rmse_mean": 0.06669684458908369,
  "rmse_std": 0.0014284857629594599,
  "rmse_values": [
    0.06693287258800469,
    0.06799261616840517,
    0.06516504501084122
  ],
  "mse_mean": 0.004449829459190369,
  "mse_std": 0.00019006206387965573,
  "mse_values": [
    0.0044800094328820705,
    0.004622995853424072,
    0.004246483091264963
  ],
  "mae_mean": 0.042262004067500435,
  "mae_std": 0.00029982977928850394,
  "mae_values": [
    0.04215995967388153,
    0.04259953647851944,
    0.04202651605010033
  ],
  "imputation_time_mean": 0.3439657688140869,
  "imputation_time_std": 0.024141067931353746,
  "imputation_time_values": [
    0.33152103424072266,
    0.3285863399505615,
    0.37178993225097656
  ],
  "n_neighbors": 10,
  "weights": "distance",
  "metric": "euclidean"
}