{
  "seeds": [
    42,
    50,
    100
  ],
  "n_runs": 3,
  "r2_mean": -0.28520576159159344,
  "r2_std": 0.0177187385410662,
  "r2_values": [
    -0.27718210220336914,
    -0.2729182243347168,
    -0.30551695823669434
  ],
  "rmse_mean": 0.06775934125215437,
  "rmse_std": 0.0024160733057181916,
  "rmse_values": [
    0.06878411966292665,
    0.06499978001837002,
    0.06949412407516643
  ],
  "mse_mean": 0.004595219933738311,
  "mse_std": 0.00032438051595196467,
  "mse_values": [
    0.004731255117803812,
    0.004224971402436495,
    0.0048294332809746265
  ],
  "mae_mean": 0.04608398675918579,
  "mae_std": 0.00015429658924294426,
  "mae_values": [
    0.04615335911512375,
    0.04590718075633049,
    0.046191420406103134
  ],
  "imputation_time_mean": 0.1661680539449056,
  "imputation_time_std": 0.009485556241956891,
  "imputation_time_values": [
    0.1715071201324463,
    0.15521621704101562,
    0.17178082466125488
  ],
  "n_neighbors": 75,
  "weights": "distance",
  "metric": "cosine"
}