{
  "seeds": [
    42,
    50,
    100
  ],
  "n_runs": 3,
  "r2_mean": -0.2988902727762858,
  "r2_std": 0.01968837483499887,
  "r2_values": [
    -0.2884782552719116,
    -0.2865941524505615,
    -0.3215984106063843
  ],
  "rmse_mean": 0.06811882795301033,
  "rmse_std": 0.0024354855228168565,
  "rmse_values": [
    0.06908763495536979,
    0.06534801909057356,
    0.06992082981308764
  ],
  "mse_mean": 0.004644129114846389,
  "mse_std": 0.00032882994023584485,
  "mse_values": [
    0.004773101303726435,
    0.004270363599061966,
    0.004888922441750765
  ],
  "mae_mean": 0.04234279319643974,
  "mae_std": 0.00025664068125997745,
  "mae_values": [
    0.04224218800663948,
    0.04215169697999954,
    0.042634494602680206
  ],
  "imputation_time_mean": 0.5849254926045736,
  "imputation_time_std": 0.0013007690808045363,
  "imputation_time_values": [
    0.5862343311309814,
    0.5836329460144043,
    0.584909200668335
  ],
  "n_neighbors": 20,
  "weights": "distance",
  "metric": "manhattan"
}