{
  "seeds": [
    42,
    50,
    100
  ],
  "n_runs": 3,
  "r2_mean": -0.3710033098856608,
  "r2_std": 0.03434324437000499,
  "r2_values": [
    -0.3680843114852905,
    -0.3382127285003662,
    -0.4067128896713257
  ],
  "rmse_mean": 0.06658852954826479,
  "rmse_std": 0.001159229513055229,
  "rmse_values": [
    0.06670838931084508,
    0.06768317244160772,
    0.06537402689234158
  ],
  "mse_mean": 0.004434928142776092,
  "mse_std": 0.00015417840228489007,
  "mse_values": [
    0.0044500092044472694,
    0.0045810118317604065,
    0.0042737633921206
  ],
  "mae_mean": 0.04387232412894567,
  "mae_std": 0.00018786939678691776,
  "mae_values": [
    0.04381371662020683,
    0.044082511216402054,
    0.04372074455022812
  ],
  "imputation_time_mean": 1.0029172897338867,
  "imputation_time_std": 0.02051805989448204,
  "imputation_time_values": [
    1.0162029266357422,
    1.0132629871368408,
    0.9792859554290771
  ],
  "n_neighbors": 200,
  "weights": "uniform",
  "metric": "manhattan"
}