{
  "seeds": [
    42,
    50,
    100
  ],
  "n_runs": 3,
  "r2_mean": -0.339424729347229,
  "r2_std": 0.01749758832266601,
  "r2_values": [
    -0.3392772674560547,
    -0.3220013380050659,
    -0.3569955825805664
  ],
  "rmse_mean": 0.06583424925625136,
  "rmse_std": 0.0011051524079926814,
  "rmse_values": [
    0.06596351039332027,
    0.06686908697453775,
    0.06467015040089606
  ],
  "mse_mean": 0.0043349626163641615,
  "mse_std": 0.000145303967030068,
  "mse_values": [
    0.004351184703409672,
    0.004471474792808294,
    0.0041822283528745174
  ],
  "mae_mean": 0.042872119694948196,
  "mae_std": 0.0002794953352954458,
  "mae_values": [
    0.04283330962061882,
    0.043168991804122925,
    0.042614057660102844
  ],
  "imputation_time_mean": 0.6789697011311849,
  "imputation_time_std": 0.015374645452283313,
  "imputation_time_values": [
    0.6683719158172607,
    0.6719338893890381,
    0.6966032981872559
  ],
  "n_neighbors": 30,
  "weights": "distance",
  "metric": "euclidean"
}