{
  "seeds": [
    42,
    50,
    100
  ],
  "n_runs": 3,
  "r2_mean": -0.3655537764231364,
  "r2_std": 0.03608453692864584,
  "r2_values": [
    -0.37098705768585205,
    -0.3270606994628906,
    -0.3986135721206665
  ],
  "rmse_mean": 0.06645507945356009,
  "rmse_std": 0.0011425055779977584,
  "rmse_values": [
    0.06677912063443724,
    0.06740056370761556,
    0.06518555401862745
  ],
  "mse_mean": 0.00441714779784282,
  "mse_std": 0.00015134095632139092,
  "mse_values": [
    0.004459450952708721,
    0.004542835988104343,
    0.004249156452715397
  ],
  "mae_mean": 0.04185218115647634,
  "mae_std": 0.00022755218282130037,
  "mae_values": [
    0.041789691895246506,
    0.04210444912314415,
    0.04166240245103836
  ],
  "imputation_time_mean": 0.7756086190541586,
  "imputation_time_std": 0.03456250870119385,
  "imputation_time_values": [
    0.8154268264770508,
    0.7533650398254395,
    0.7580339908599854
  ],
  "n_neighbors": 20,
  "weights": "distance",
  "metric": "manhattan"
}