{
  "seeds": [
    42,
    50,
    100
  ],
  "n_runs": 3,
  "r2_mean": -0.565125306447347,
  "r2_std": 0.03334985997105519,
  "r2_values": [
    -0.553828239440918,
    -0.5388913154602051,
    -0.602656364440918
  ],
  "rmse_mean": 0.07115077065120841,
  "rmse_std": 0.0014019933177085414,
  "rmse_values": [
    0.0710927828261852,
    0.07258085818015371,
    0.06977867094728635
  ],
  "mse_mean": 0.005063742554436128,
  "mse_std": 0.00019963073766624028,
  "mse_values": [
    0.005054183769971132,
    0.005267980974167585,
    0.004869062919169664
  ],
  "mae_mean": 0.040873147547245026,
  "mae_std": 0.00020244154765843044,
  "mae_values": [
    0.04074155539274216,
    0.04110626131296158,
    0.04077162593603134
  ],
  "imputation_time_mean": 0.7829665342966715,
  "imputation_time_std": 0.030323053041351692,
  "imputation_time_values": [
    0.7964968681335449,
    0.7482337951660156,
    0.8041689395904541
  ],
  "n_neighbors": 5,
  "weights": "distance",
  "metric": "manhattan"
}