{
  "seeds": [
    42,
    50,
    100
  ],
  "n_runs": 3,
  "r2_mean": -0.7674098014831543,
  "r2_std": 0.06365889758831939,
  "r2_values": [
    -0.7833192348480225,
    -0.6973050832748413,
    -0.8216050863265991
  ],
  "rmse_mean": 0.07559324533764077,
  "rmse_std": 0.0010402853086947492,
  "rmse_values": [
    0.07616204112715438,
    0.0762251154363552,
    0.07439257944941272
  ],
  "mse_mean": 0.005715060203025739,
  "mse_std": 0.00015665487371783034,
  "mse_values": [
    0.005800656508654356,
    0.005810268223285675,
    0.005534255877137184
  ],
  "mae_mean": 0.04300809154907862,
  "mae_std": 0.00038260473909557184,
  "mae_values": [
    0.0431273952126503,
    0.043316829949617386,
    0.042580049484968185
  ],
  "imputation_time_mean": 0.3702649275461833,
  "imputation_time_std": 0.03418566829812795,
  "imputation_time_values": [
    0.40922093391418457,
    0.3563079833984375,
    0.34526586532592773
  ],
  "n_neighbors": 3,
  "weights": "distance",
  "metric": "cosine"
}