{
  "seeds": [
    42,
    50,
    100
  ],
  "n_runs": 3,
  "r2_mean": -0.34029483795166016,
  "r2_std": 0.03380653627470384,
  "r2_values": [
    -0.34948742389678955,
    -0.30284273624420166,
    -0.36855435371398926
  ],
  "rmse_mean": 0.06583914078732943,
  "rmse_std": 0.0012053696348082322,
  "rmse_values": [
    0.06625344071248022,
    0.06678272217286826,
    0.06448125947663982
  ],
  "mse_mean": 0.004335761070251465,
  "mse_std": 0.00015806126522169305,
  "mse_values": [
    0.004389518406242132,
    0.00445993198081851,
    0.004157832823693752
  ],
  "mae_mean": 0.042766373604536057,
  "mae_std": 0.00015551394207890103,
  "mae_values": [
    0.042725857347249985,
    0.04293813556432724,
    0.042635127902030945
  ],
  "imputation_time_mean": 0.36975709597269696,
  "imputation_time_std": 0.013577131339358294,
  "imputation_time_values": [
    0.3759779930114746,
    0.37910914421081543,
    0.3541841506958008
  ],
  "n_neighbors": 20,
  "weights": "distance",
  "metric": "euclidean"
}