{
  "seeds": [
    42,
    50,
    100
  ],
  "n_runs": 3,
  "r2_mean": -0.40403711795806885,
  "r2_std": 0.10218582028302788,
  "r2_values": [
    -0.4243812561035156,
    -0.2932095527648926,
    -0.49452054500579834
  ],
  "rmse_mean": 0.07083674666598315,
  "rmse_std": 0.004687151696055713,
  "rmse_values": [
    0.07263984315475641,
    0.0655158066861913,
    0.07435459015700177
  ],
  "mse_mean": 0.005032490938901901,
  "mse_std": 0.0006532779487947416,
  "mse_values": [
    0.005276546813547611,
    0.004292320925742388,
    0.005528605077415705
  ],
  "mae_mean": 0.04363833616177241,
  "mae_std": 0.0005944818124094454,
  "mae_values": [
    0.04393036291003227,
    0.04295431822538376,
    0.0440303273499012
  ],
  "imputation_time_mean": 0.17699368794759116,
  "imputation_time_std": 0.015426049105283423,
  "imputation_time_values": [
    0.16208791732788086,
    0.19289207458496094,
    0.17600107192993164
  ],
  "n_neighbors": 5,
  "weights": "uniform",
  "metric": "cosine"
}