{
  "seeds": [
    42,
    50,
    100
  ],
  "n_runs": 3,
  "r2_mean": -0.35314400990804035,
  "r2_std": 0.03038346199180895,
  "r2_values": [
    -0.3566371202468872,
    -0.32116496562957764,
    -0.38162994384765625
  ],
  "rmse_mean": 0.06615598633850887,
  "rmse_std": 0.0012535074179612236,
  "rmse_values": [
    0.0664287171504377,
    0.06725067506419435,
    0.06478856680089455
  ],
  "mse_mean": 0.0043776620489855604,
  "mse_std": 0.000165367276246918,
  "mse_values": [
    0.004412774462252855,
    0.004522653296589851,
    0.0041975583881139755
  ],
  "mae_mean": 0.045831695199012756,
  "mae_std": 0.0002677313179493806,
  "mae_values": [
    0.04583374410867691,
    0.04609839618206024,
    0.04556294530630112
  ],
  "imputation_time_mean": 0.4074992338816325,
  "imputation_time_std": 0.008778325645205302,
  "imputation_time_values": [
    0.3998708724975586,
    0.41709399223327637,
    0.4055328369140625
  ],
  "n_neighbors": 75,
  "weights": "distance",
  "metric": "cosine"
}