{
  "seeds": [
    42,
    50,
    100
  ],
  "n_runs": 3,
  "r2_mean": -0.34102797508239746,
  "r2_std": 0.01356479542901065,
  "r2_values": [
    -0.32550978660583496,
    -0.3506290912628174,
    -0.34694504737854004
  ],
  "rmse_mean": 0.06920534646127942,
  "rmse_std": 0.001966220005874701,
  "rmse_values": [
    0.07007341001165034,
    0.0669544849291024,
    0.0705881444430855
  ],
  "mse_mean": 0.004791957326233387,
  "mse_std": 0.0002700860406634665,
  "mse_values": [
    0.004910282790660858,
    0.004482903052121401,
    0.004982686135917902
  ],
  "mae_mean": 0.04699807738264402,
  "mae_std": 4.293499199437939e-05,
  "mae_values": [
    0.04697945713996887,
    0.04696759581565857,
    0.04704717919230461
  ],
  "imputation_time_mean": 0.1816692352294922,
  "imputation_time_std": 0.017940540201738103,
  "imputation_time_values": [
    0.2019803524017334,
    0.17504310607910156,
    0.1679842472076416
  ],
  "n_neighbors": 150,
  "weights": "uniform",
  "metric": "cosine"
}