{
  "seeds": [
    42,
    50,
    100
  ],
  "n_runs": 3,
  "r2_mean": -0.3616352876027425,
  "r2_std": 0.024259777362905303,
  "r2_values": [
    -0.36128664016723633,
    -0.33755171298980713,
    -0.3860675096511841
  ],
  "rmse_mean": 0.06637458447246537,
  "rmse_std": 0.0009575141536819354,
  "rmse_values": [
    0.06650331709792648,
    0.06726121988836503,
    0.06535921643110461
  ],
  "mse_mean": 0.004406196686128776,
  "mse_std": 0.0001269286291394861,
  "mse_values": [
    0.004422691185027361,
    0.004524071700870991,
    0.004271827172487974
  ],
  "mae_mean": 0.04374965280294418,
  "mae_std": 0.00013445159451436366,
  "mae_values": [
    0.04377039521932602,
    0.04387252777814865,
    0.04360603541135788
  ],
  "imputation_time_mean": 1.3849695523579915,
  "imputation_time_std": 0.04150027693017121,
  "imputation_time_values": [
    1.4268798828125,
    1.3841369152069092,
    1.3438918590545654
  ],
  "n_neighbors": 200,
  "weights": "distance",
  "metric": "manhattan"
}