{
  "seeds": [
    42,
    50,
    100
  ],
  "n_runs": 3,
  "r2_mean": -0.758682370185852,
  "r2_std": 0.056553598699309544,
  "r2_values": [
    -0.7762126922607422,
    -0.6954394578933716,
    -0.8043949604034424
  ],
  "rmse_mean": 0.07541122233144146,
  "rmse_std": 0.0011903853046208567,
  "rmse_values": [
    0.07601013496035323,
    0.07618321126554228,
    0.07404032076842884
  ],
  "mse_mean": 0.0056877971316377325,
  "mse_std": 0.00017873820800300892,
  "mse_values": [
    0.0057775406166911125,
    0.005803881678730249,
    0.005481969099491835
  ],
  "mae_mean": 0.041520138581593834,
  "mae_std": 0.00023785694038456118,
  "mae_values": [
    0.04165273532271385,
    0.04166214168071747,
    0.041245538741350174
  ],
  "imputation_time_mean": 0.27553502718607586,
  "imputation_time_std": 0.007499675679815044,
  "imputation_time_values": [
    0.26688599586486816,
    0.27948427200317383,
    0.28023481369018555
  ],
  "n_neighbors": 3,
  "weights": "uniform",
  "metric": "euclidean"
}