{
  "seeds": [
    42,
    50,
    100
  ],
  "n_runs": 3,
  "r2_mean": -0.3934439818064372,
  "r2_std": 0.01703857677680383,
  "r2_values": [
    -0.391951322555542,
    -0.3772008419036865,
    -0.411179780960083
  ],
  "rmse_mean": 0.06714922319185909,
  "rmse_std": 0.0011542948895826035,
  "rmse_values": [
    0.06724818228370927,
    0.06825085268322008,
    0.06594863460864794
  ],
  "mse_mean": 0.004509906439731519,
  "mse_std": 0.0001548517450512234,
  "mse_values": [
    0.00452231802046299,
    0.0046581788919866085,
    0.004349222406744957
  ],
  "mae_mean": 0.042192510018746056,
  "mae_std": 0.00030708430669514725,
  "mae_values": [
    0.04208718612790108,
    0.04253839701414108,
    0.041951946914196014
  ],
  "imputation_time_mean": 0.6106956005096436,
  "imputation_time_std": 0.012884394922353742,
  "imputation_time_values": [
    0.6154868602752686,
    0.6204979419708252,
    0.5961019992828369
  ],
  "n_neighbors": 10,
  "weights": "uniform",
  "metric": "euclidean"
}