{
  "seeds": [
    42,
    50,
    100
  ],
  "n_runs": 3,
  "r2_mean": -0.39144396781921387,
  "r2_std": 0.0353989282802614,
  "r2_values": [
    -0.3873274326324463,
    -0.35828328132629395,
    -0.42872118949890137
  ],
  "rmse_mean": 0.0670827276554032,
  "rmse_std": 0.001155523993188196,
  "rmse_values": [
    0.06717590340072334,
    0.06818884287079166,
    0.0658834366946946
  ],
  "mse_mean": 0.004500982506821553,
  "mse_std": 0.00015487278805022568,
  "mse_values": [
    0.004512601997703314,
    0.004649718292057514,
    0.004340627230703831
  ],
  "mae_mean": 0.04471486061811447,
  "mae_std": 0.0002015025918400829,
  "mae_values": [
    0.04462667554616928,
    0.04494542255997658,
    0.044572483748197556
  ],
  "imputation_time_mean": 1.1650110085805256,
  "imputation_time_std": 0.03823355961472739,
  "imputation_time_values": [
    1.15372896194458,
    1.133687973022461,
    1.2076160907745361
  ],
  "n_neighbors": 400,
  "weights": "uniform",
  "metric": "manhattan"
}