{
  "seeds": [
    42,
    50,
    100
  ],
  "n_runs": 3,
  "r2_mean": -0.3651306629180908,
  "r2_std": 0.030666438338681733,
  "r2_values": [
    -0.36879587173461914,
    -0.3327963352203369,
    -0.3937997817993164
  ],
  "rmse_mean": 0.06644835800233583,
  "rmse_std": 0.0012595083116085154,
  "rmse_values": [
    0.06672573372429252,
    0.06754605932711684,
    0.06507328095559813
  ],
  "mse_mean": 0.004416441855331262,
  "mse_std": 0.00016688766651108932,
  "mse_values": [
    0.004452323541045189,
    0.004562470130622387,
    0.00423453189432621
  ],
  "mae_mean": 0.04597165808081627,
  "mae_std": 0.0002637759169554088,
  "mae_values": [
    0.04596849903464317,
    0.046236999332904816,
    0.04570947587490082
  ],
  "imputation_time_mean": 0.41505130132039386,
  "imputation_time_std": 0.033976925762095565,
  "imputation_time_values": [
    0.38361310958862305,
    0.451096773147583,
    0.4104440212249756
  ],
  "n_neighbors": 75,
  "weights": "uniform",
  "metric": "cosine"
}