{
  "seeds": [
    42,
    50,
    100
  ],
  "n_runs": 3,
  "r2_mean": -0.3461058934529622,
  "r2_std": 0.018787233528729082,
  "r2_values": [
    -0.32605278491973877,
    -0.34896552562713623,
    -0.3632993698120117
  ],
  "rmse_mean": 0.0693387946294751,
  "rmse_std": 0.002151187620580716,
  "rmse_values": [
    0.07008775914352477,
    0.066913240141528,
    0.07101538460337255
  ],
  "mse_mean": 0.004810953512787819,
  "mse_std": 0.0002962021564147961,
  "mse_values": [
    0.00491229398176074,
    0.004477381706237793,
    0.0050431848503649235
  ],
  "mae_mean": 0.04196858902772268,
  "mae_std": 0.00038410921006679517,
  "mae_values": [
    0.04159804806113243,
    0.04194275662302971,
    0.04236496239900589
  ],
  "imputation_time_mean": 0.5384706656138102,
  "imputation_time_std": 0.008211979916564515,
  "imputation_time_values": [
    0.5387980937957764,
    0.5465140342712402,
    0.5300998687744141
  ],
  "n_neighbors": 10,
  "weights": "distance",
  "metric": "manhattan"
}