{
  "seeds": [
    42,
    50,
    100
  ],
  "n_runs": 3,
  "r2_mean": -0.34268192450205487,
  "r2_std": 0.031288762582025294,
  "r2_values": [
    -0.35005271434783936,
    -0.3083658218383789,
    -0.3696272373199463
  ],
  "rmse_mean": 0.0658993258949495,
  "rmse_std": 0.0012501042379344579,
  "rmse_values": [
    0.06626731700216715,
    0.06692413037213907,
    0.06450653031054225
  ],
  "mse_mean": 0.004343762993812561,
  "mse_std": 0.00016413307610570958,
  "mse_values": [
    0.0043913573026657104,
    0.004478839226067066,
    0.0041610924527049065
  ],
  "mae_mean": 0.04343638320763906,
  "mae_std": 0.00020684507957285218,
  "mae_values": [
    0.043366000056266785,
    0.043669234961271286,
    0.043273914605379105
  ],
  "imputation_time_mean": 0.3164784908294678,
  "imputation_time_std": 0.010543446191320947,
  "imputation_time_values": [
    0.3282780647277832,
    0.3131752014160156,
    0.3079822063446045
  ],
  "n_neighbors": 50,
  "weights": "distance",
  "metric": "euclidean"
}