{
  "seeds": [
    42,
    50,
    100
  ],
  "n_runs": 3,
  "r2_mean": -0.34028875827789307,
  "r2_std": 0.01687218056617468,
  "r2_values": [
    -0.34168052673339844,
    -0.3227638006210327,
    -0.35642194747924805
  ],
  "rmse_mean": 0.06585583842099374,
  "rmse_std": 0.0011252580733228522,
  "rmse_values": [
    0.06602266968152112,
    0.06688836688855099,
    0.06465647869290911
  ],
  "mse_mean": 0.004337835591286421,
  "mse_std": 0.00014793577504329343,
  "mse_values": [
    0.004358992911875248,
    0.0044740536250174046,
    0.00418046023696661
  ],
  "mae_mean": 0.04327218979597092,
  "mae_std": 0.0002565910410043684,
  "mae_values": [
    0.04323822259902954,
    0.04354407265782356,
    0.04303427413105965
  ],
  "imputation_time_mean": 0.6334585348765055,
  "imputation_time_std": 0.027362312822667413,
  "imputation_time_values": [
    0.646446704864502,
    0.6519079208374023,
    0.6020209789276123
  ],
  "n_neighbors": 50,
  "weights": "uniform",
  "metric": "euclidean"
}