{
  "seeds": [
    42,
    50,
    100
  ],
  "n_runs": 3,
  "r2_mean": -0.42827339967091876,
  "r2_std": 0.020951095339603033,
  "r2_values": [
    -0.423647403717041,
    -0.41002190113067627,
    -0.45115089416503906
  ],
  "rmse_mean": 0.06798165110798396,
  "rmse_std": 0.001091880784625754,
  "rmse_values": [
    0.06800952009240699,
    0.06905933062155259,
    0.0668761026099923
  ],
  "mse_mean": 0.004622299689799547,
  "mse_std": 0.00014841169160417919,
  "mse_values": [
    0.004625294823199511,
    0.004769191145896912,
    0.004472413100302219
  ],
  "mae_mean": 0.04125930368900299,
  "mae_std": 0.0002332954498925406,
  "mae_values": [
    0.041243914514780045,
    0.04149991273880005,
    0.04103408381342888
  ],
  "imputation_time_mean": 1.0737252235412598,
  "imputation_time_std": 0.028971190762150233,
  "imputation_time_values": [
    1.0411968231201172,
    1.0832250118255615,
    1.0967538356781006
  ],
  "n_neighbors": 10,
  "weights": "uniform",
  "metric": "manhattan"
}