{
  "seeds": [
    42,
    50,
    100
  ],
  "n_runs": 3,
  "r2_mean": -0.308883269627889,
  "r2_std": 0.004337485997894522,
  "r2_values": [
    -0.30474889278411865,
    -0.308502197265625,
    -0.31339871883392334
  ],
  "rmse_mean": 0.06837603367363636,
  "rmse_std": 0.002144453757250629,
  "rmse_values": [
    0.06952247577661773,
    0.06590204046447656,
    0.06970358477981478
  ],
  "mse_mean": 0.004678347768882911,
  "mse_std": 0.0002906249167940919,
  "mse_values": [
    0.004833374638110399,
    0.004343078937381506,
    0.004858589731156826
  ],
  "mae_mean": 0.04481077566742897,
  "mae_std": 6.36645624868223e-05,
  "mae_values": [
    0.04478282108902931,
    0.04476587101817131,
    0.04488363489508629
  ],
  "imputation_time_mean": 0.18924856185913086,
  "imputation_time_std": 0.008504874330912746,
  "imputation_time_values": [
    0.19624710083007812,
    0.19171571731567383,
    0.17978286743164062
  ],
  "n_neighbors": 150,
  "weights": "distance",
  "metric": "euclidean"
}