{
  "seeds": [
    42,
    50,
    100
  ],
  "n_runs": 3,
  "r2_mean": -0.2998210589090983,
  "r2_std": 0.012283906465869155,
  "r2_values": [
    -0.28653883934020996,
    -0.30215156078338623,
    -0.31077277660369873
  ],
  "rmse_mean": 0.06813713727644098,
  "rmse_std": 0.0020957739969631995,
  "rmse_values": [
    0.06903561845688473,
    0.06574192204027986,
    0.06963387133215837
  ],
  "mse_mean": 0.004645597655326128,
  "mse_std": 0.0002832966573851734,
  "mse_values": [
    0.004765916615724564,
    0.004322000313550234,
    0.004848876036703587
  ],
  "mae_mean": 0.04365686823924383,
  "mae_std": 0.00014384091249357563,
  "mae_values": [
    0.04362848401069641,
    0.04352933540940285,
    0.04381278529763222
  ],
  "imputation_time_mean": 0.6175173123677572,
  "imputation_time_std": 0.011598635158705335,
  "imputation_time_values": [
    0.6042330265045166,
    0.625633955001831,
    0.6226849555969238
  ],
  "n_neighbors": 100,
  "weights": "uniform",
  "metric": "manhattan"
}