{
  "seeds": [
    42,
    50,
    100
  ],
  "n_runs": 3,
  "r2_mean": -0.3490573565165202,
  "r2_std": 0.018514188260157646,
  "r2_values": [
    -0.3467895984649658,
    -0.3317815065383911,
    -0.3686009645462036
  ],
  "rmse_mean": 0.06607010998057278,
  "rmse_std": 0.0010870477485078656,
  "rmse_values": [
    0.06614825325328956,
    0.06711597752648814,
    0.06494609916194062
  ],
  "mse_mean": 0.004366047214716673,
  "mse_std": 0.00014351753444371827,
  "mse_values": [
    0.004375591408461332,
    0.0045045544393360615,
    0.004217995796352625
  ],
  "mae_mean": 0.042615207533041634,
  "mae_std": 0.00025451563207351476,
  "mae_values": [
    0.04257899895310402,
    0.04288588836789131,
    0.04238073527812958
  ],
  "imputation_time_mean": 0.6169352531433105,
  "imputation_time_std": 0.021478877546150594,
  "imputation_time_values": [
    0.5992140769958496,
    0.6408228874206543,
    0.6107687950134277
  ],
  "n_neighbors": 20,
  "weights": "uniform",
  "metric": "euclidean"
}