{
  "seeds": [
    42,
    50,
    100
  ],
  "n_runs": 3,
  "r2_mean": -0.40873058636983234,
  "r2_std": 0.02078318820583419,
  "r2_values": [
    -0.40656769275665283,
    -0.3891134262084961,
    -0.43051064014434814
  ],
  "rmse_mean": 0.06751484050041984,
  "rmse_std": 0.0010758502513234728,
  "rmse_values": [
    0.0676003310758074,
    0.06854539493061139,
    0.06639879549484075
  ],
  "mse_mean": 0.004559025323639314,
  "mse_std": 0.00014513609850909427,
  "mse_values": [
    0.004569804761558771,
    0.004698471166193485,
    0.004408800043165684
  ],
  "mae_mean": 0.046797726303339005,
  "mae_std": 0.0002631397523218422,
  "mae_values": [
    0.046780966222286224,
    0.047068845480680466,
    0.046543367207050323
  ],
  "imputation_time_mean": 0.8411239782969157,
  "imputation_time_std": 0.03681198164274142,
  "imputation_time_values": [
    0.8822579383850098,
    0.811276912689209,
    0.8298370838165283
  ],
  "n_neighbors": 200,
  "weights": "distance",
  "metric": "cosine"
}