{
  "seeds": [
    42,
    50,
    100
  ],
  "n_runs": 3,
  "r2_mean": -0.30326294898986816,
  "r2_std": 0.01029981395628865,
  "r2_values": [
    -0.29248785972595215,
    -0.3042905330657959,
    -0.31301045417785645
  ],
  "rmse_mean": 0.06822807474794988,
  "rmse_std": 0.002121010096095709,
  "rmse_values": [
    0.06919504680110918,
    0.06579589489881969,
    0.06969328254392075
  ],
  "mse_mean": 0.004658069306363662,
  "mse_std": 0.0002869892665606281,
  "mse_values": [
    0.00478795450180769,
    0.004329099785536528,
    0.004857153631746769
  ],
  "mae_mean": 0.04386462892095248,
  "mae_std": 0.00016389744933749056,
  "mae_values": [
    0.04379818215966225,
    0.04374438896775246,
    0.044051315635442734
  ],
  "imputation_time_mean": 0.6371742884318033,
  "imputation_time_std": 0.0149717732023488,
  "imputation_time_values": [
    0.6543700695037842,
    0.6270327568054199,
    0.630120038986206
  ],
  "n_neighbors": 125,
  "weights": "uniform",
  "metric": "manhattan"
}