{
  "seeds": [
    42,
    50,
    100
  ],
  "n_runs": 3,
  "r2_mean": -0.32980040709177655,
  "r2_std": 0.01918520720342344,
  "r2_values": [
    -0.32957029342651367,
    -0.31073129177093506,
    -0.34909963607788086
  ],
  "rmse_mean": 0.065596400831334,
  "rmse_std": 0.0010566552135735153,
  "rmse_values": [
    0.06572402751450002,
    0.06658344609711933,
    0.06448172888238266
  ],
  "mse_mean": 0.004303632148851951,
  "mse_std": 0.0001384275802617144,
  "mse_values": [
    0.004319647792726755,
    0.0044333552941679955,
    0.004157893359661102
  ],
  "mae_mean": 0.04506193349758784,
  "mae_std": 0.00028546096010782546,
  "mae_values": [
    0.045087527483701706,
    0.04533373564481735,
    0.04476453736424446
  ],
  "imputation_time_mean": 0.6758220990498861,
  "imputation_time_std": 0.03439898253717386,
  "imputation_time_values": [
    0.6503963470458984,
    0.7149629592895508,
    0.662106990814209
  ],
  "n_neighbors": 30,
  "weights": "uniform",
  "metric": "cosine"
}