{
  "seeds": [
    42,
    50,
    100
  ],
  "n_runs": 3,
  "r2_mean": -0.298000971476237,
  "r2_std": 0.009984556422086984,
  "r2_values": [
    -0.2978684902191162,
    -0.2880833148956299,
    -0.30805110931396484
  ],
  "rmse_mean": 0.06809542958590077,
  "rmse_std": 0.0023492245954104974,
  "rmse_values": [
    0.06933892606285166,
    0.0653858251302639,
    0.06956153756458679
  ],
  "mse_mean": 0.004640666767954826,
  "mse_std": 0.0003167890821019983,
  "mse_values": [
    0.00480788666754961,
    0.00427530612796545,
    0.004838807508349419
  ],
  "mae_mean": 0.0444931797683239,
  "mae_std": 9.594813404532375e-05,
  "mae_values": [
    0.04449226334691048,
    0.04439769312739372,
    0.044589582830667496
  ],
  "imputation_time_mean": 0.18193912506103516,
  "imputation_time_std": 0.021965190875027577,
  "imputation_time_values": [
    0.20308828353881836,
    0.18348908424377441,
    0.1592400074005127
  ],
  "n_neighbors": 100,
  "weights": "uniform",
  "metric": "euclidean"
}