{
  "seeds": [
    42,
    50,
    100
  ],
  "n_runs": 3,
  "r2_mean": -0.3905014197031657,
  "r2_std": 0.035358536529420566,
  "r2_values": [
    -0.38645899295806885,
    -0.3573378324508667,
    -0.4277074337005615
  ],
  "rmse_mean": 0.06706001292509184,
  "rmse_std": 0.0011554486559488624,
  "rmse_values": [
    0.06715487198017146,
    0.06816510798136188,
    0.06586005881374217
  ],
  "mse_mean": 0.00449793537457784,
  "mse_std": 0.00015480733736344306,
  "mse_values": [
    0.004509776830673218,
    0.004646481946110725,
    0.004337547346949577
  ],
  "mae_mean": 0.04468537122011185,
  "mae_std": 0.00020082564878943376,
  "mae_values": [
    0.04459824413061142,
    0.04491504654288292,
    0.0445428229868412
  ],
  "imputation_time_mean": 1.1637489000956218,
  "imputation_time_std": 0.006882641279456258,
  "imputation_time_values": [
    1.156315803527832,
    1.165029764175415,
    1.1699011325836182
  ],
  "n_neighbors": 400,
  "weights": "distance",
  "metric": "manhattan"
}