{
  "seeds": [
    42,
    50,
    100
  ],
  "n_runs": 3,
  "r2_mean": -0.29399744669596356,
  "r2_std": 0.014050947073402969,
  "r2_values": [
    -0.28723931312561035,
    -0.2846025228500366,
    -0.31015050411224365
  ],
  "rmse_mean": 0.06798972220834767,
  "rmse_std": 0.0023485294589450797,
  "rmse_values": [
    0.06905440811720452,
    0.06529742009779058,
    0.06961733841004794
  ],
  "mse_mean": 0.0046262793863813085,
  "mse_std": 0.00031637388688285226,
  "mse_values": [
    0.004768511280417442,
    0.004263753071427345,
    0.004846573807299137
  ],
  "mae_mean": 0.04269075517853101,
  "mae_std": 0.00021960007145015967,
  "mae_values": [
    0.04269709810614586,
    0.042468052357435226,
    0.04290711507201195
  ],
  "imputation_time_mean": 0.5536399682362875,
  "imputation_time_std": 0.011162207025779101,
  "imputation_time_values": [
    0.5580050945281982,
    0.5409548282623291,
    0.561959981918335
  ],
  "n_neighbors": 30,
  "weights": "distance",
  "metric": "manhattan"
}