{
  "seeds": [
    42,
    50,
    100
  ],
  "n_runs": 3,
  "r2_mean": -0.33958733081817627,
  "r2_std": 0.03193550215094487,
  "r2_values": [
    -0.34896016120910645,
    -0.3040142059326172,
    -0.3657876253128052
  ],
  "rmse_mean": 0.06582309589013922,
  "rmse_std": 0.0012516811327650955,
  "rmse_values": [
    0.0662404964936177,
    0.06681274370571898,
    0.064416047471081
  ],
  "mse_mean": 0.00433372442300121,
  "mse_std": 0.00016408353846311696,
  "mse_values": [
    0.004387803375720978,
    0.004463942721486092,
    0.00414942717179656
  ],
  "mae_mean": 0.04309082652131716,
  "mae_std": 0.0001597171135501403,
  "mae_values": [
    0.04304412752389908,
    0.04326868802309036,
    0.04295966401696205
  ],
  "imputation_time_mean": 0.3569645881652832,
  "imputation_time_std": 0.02374339222803875,
  "imputation_time_values": [
    0.3423118591308594,
    0.3442230224609375,
    0.38435888290405273
  ],
  "n_neighbors": 30,
  "weights": "uniform",
  "metric": "euclidean"
}