{
  "seeds": [
    42,
    50,
    100
  ],
  "n_runs": 3,
  "r2_mean": -0.3111641804377238,
  "r2_std": 0.004535936839782445,
  "r2_values": [
    -0.3062770366668701,
    -0.3119763135910034,
    -0.31523919105529785
  ],
  "rmse_mean": 0.06843501782159542,
  "rmse_std": 0.002120019142792353,
  "rmse_values": [
    0.06956317763285544,
    0.06598946967387379,
    0.06975240615805703
  ],
  "mse_mean": 0.004686347985019286,
  "mse_std": 0.00028759565276156445,
  "mse_values": [
    0.004839035682380199,
    0.0043546101078391075,
    0.0048653981648385525
  ],
  "mae_mean": 0.044845289240280785,
  "mae_std": 6.328677672188678e-05,
  "mae_values": [
    0.04481346160173416,
    0.04480423405766487,
    0.04491817206144333
  ],
  "imputation_time_mean": 0.18619894981384277,
  "imputation_time_std": 0.014115977452616248,
  "imputation_time_values": [
    0.1779170036315918,
    0.2024979591369629,
    0.17818188667297363
  ],
  "n_neighbors": 150,
  "weights": "uniform",
  "metric": "euclidean"
}