{
  "seeds": [
    42,
    50,
    100
  ],
  "n_runs": 3,
  "r2_mean": -0.3810933430989583,
  "r2_std": 0.02360334078640949,
  "r2_values": [
    -0.3794604539871216,
    -0.3583488464355469,
    -0.40547072887420654
  ],
  "rmse_mean": 0.06684766012276055,
  "rmse_std": 0.0009871684777193364,
  "rmse_values": [
    0.06694576988081777,
    0.06778211043432993,
    0.06581510005313396
  ],
  "mse_mean": 0.0044692593316237135,
  "mse_std": 0.00013183708649807744,
  "mse_values": [
    0.004481736104935408,
    0.004594414494931698,
    0.004331627395004034
  ],
  "mae_mean": 0.044854506850242615,
  "mae_std": 0.00017413919480103698,
  "mae_values": [
    0.0448451042175293,
    0.045033156871795654,
    0.04468525946140289
  ],
  "imputation_time_mean": 0.9390501181284586,
  "imputation_time_std": 0.010971340966166976,
  "imputation_time_values": [
    0.9283111095428467,
    0.9385993480682373,
    0.950239896774292
  ],
  "n_neighbors": 300,
  "weights": "uniform",
  "metric": "euclidean"
}