{
  "seeds": [
    42,
    50,
    100
  ],
  "n_runs": 3,
  "r2_mean": -0.31182563304901123,
  "r2_std": 0.017203214124998634,
  "r2_values": [
    -0.307641863822937,
    -0.2971001863479614,
    -0.33073484897613525
  ],
  "rmse_mean": 0.06515248179465154,
  "rmse_std": 0.0010977452692389885,
  "rmse_values": [
    0.06517978528452203,
    0.06623632062631239,
    0.06404133947312018
  ],
  "mse_mean": 0.004245649247119824,
  "mse_std": 0.00014299841216839273,
  "mse_values": [
    0.004248404409736395,
    0.004387250170111656,
    0.004101293161511421
  ],
  "mae_mean": 0.04455856109658877,
  "mae_std": 0.0002478156731061615,
  "mae_values": [
    0.044539742171764374,
    0.04481524974107742,
    0.044320691376924515
  ],
  "imputation_time_mean": 0.7248473962148031,
  "imputation_time_std": 0.07438165292922065,
  "imputation_time_values": [
    0.6905651092529297,
    0.6737890243530273,
    0.8101880550384521
  ],
  "n_neighbors": 20,
  "weights": "distance",
  "metric": "cosine"
}