{
  "seeds": [
    42,
    50,
    100
  ],
  "n_runs": 3,
  "r2_mean": -0.40338170528411865,
  "r2_std": 0.03605998080301016,
  "r2_values": [
    -0.39988577365875244,
    -0.3691970109939575,
    -0.441062331199646
  ],
  "rmse_mean": 0.06736962274350833,
  "rmse_std": 0.0011513564590373518,
  "rmse_values": [
    0.06747925808340839,
    0.06846223993661188,
    0.06616737021050473
  ],
  "mse_mean": 0.004539549816399813,
  "mse_std": 0.00015494704999204824,
  "mse_values": [
    0.004553450271487236,
    0.004687078297138214,
    0.004378120880573988
  ],
  "mae_mean": 0.045369373013575874,
  "mae_std": 0.0002567727516171235,
  "mae_values": [
    0.04527687653899193,
    0.04565957933664322,
    0.04517166316509247
  ],
  "imputation_time_mean": 0.6475764115651449,
  "imputation_time_std": 0.03487072785712691,
  "imputation_time_values": [
    0.681535005569458,
    0.6118600368499756,
    0.649334192276001
  ],
  "n_neighbors": 400,
  "weights": "uniform",
  "metric": "euclidean"
}