{
  "seeds": [
    42,
    50,
    100
  ],
  "n_runs": 3,
  "r2_mean": -0.37379956245422363,
  "r2_std": 0.022770951483546693,
  "r2_values": [
    -0.37270498275756836,
    -0.3515956401824951,
    -0.3970980644226074
  ],
  "rmse_mean": 0.06667127596529678,
  "rmse_std": 0.0010018878469129522,
  "rmse_values": [
    0.0667816483559819,
    0.06761340752740301,
    0.0656187720125054
  ],
  "mse_mean": 0.00444572822501262,
  "mse_std": 0.00013343158209766002,
  "mse_values": [
    0.004459788557142019,
    0.004571572877466679,
    0.004305823240429163
  ],
  "mae_mean": 0.04461564247806867,
  "mae_std": 0.00016848143123842854,
  "mae_values": [
    0.04461147263646126,
    0.04478617012500763,
    0.04444928467273712
  ],
  "imputation_time_mean": 0.8571472962697347,
  "imputation_time_std": 0.009981409775087036,
  "imputation_time_values": [
    0.8481159210205078,
    0.8678641319274902,
    0.855461835861206
  ],
  "n_neighbors": 250,
  "weights": "distance",
  "metric": "euclidean"
}