{
  "seeds": [
    42,
    50,
    100
  ],
  "n_runs": 3,
  "r2_mean": -0.3896905581156413,
  "r2_std": 0.02425064335417502,
  "r2_values": [
    -0.38821887969970703,
    -0.3662092685699463,
    -0.4146435260772705
  ],
  "rmse_mean": 0.06705514352678203,
  "rmse_std": 0.0009782720928293801,
  "rmse_values": [
    0.0671579576016046,
    0.06797794808708581,
    0.06602952489165566
  ],
  "mse_mean": 0.004497030284255743,
  "mse_std": 0.0001310482272944681,
  "mse_values": [
    0.004510191269218922,
    0.004621001426130533,
    0.004359898157417774
  ],
  "mae_mean": 0.04516629750529925,
  "mae_std": 0.0001781380489666396,
  "mae_values": [
    0.04517232999205589,
    0.04534134268760681,
    0.044985219836235046
  ],
  "imputation_time_mean": 0.9290330410003662,
  "imputation_time_std": 0.09438773921105195,
  "imputation_time_values": [
    1.0292370319366455,
    0.9160580635070801,
    0.841804027557373
  ],
  "n_neighbors": 400,
  "weights": "distance",
  "metric": "euclidean"
}