{
  "seeds": [
    42,
    50,
    100
  ],
  "n_runs": 3,
  "r2_mean": -0.3715250889460246,
  "r2_std": 0.03271432810041281,
  "r2_values": [
    -0.3744121789932251,
    -0.3374629020690918,
    -0.40270018577575684
  ],
  "rmse_mean": 0.06660247108895401,
  "rmse_std": 0.0012128313787056536,
  "rmse_values": [
    0.06686248498977254,
    0.06766420846167319,
    0.06528071981541628
  ],
  "mse_mean": 0.004436869795123736,
  "mse_std": 0.00016110545154280812,
  "mse_values": [
    0.004470591899007559,
    0.004578445106744766,
    0.004261572379618883
  ],
  "mae_mean": 0.04615253210067749,
  "mae_std": 0.0002540814332800617,
  "mae_values": [
    0.04615791141986847,
    0.046403881162405014,
    0.04589580371975899
  ],
  "imputation_time_mean": 0.4234146277109782,
  "imputation_time_std": 0.007014057477844822,
  "imputation_time_values": [
    0.43149304389953613,
    0.41887402534484863,
    0.4198768138885498
  ],
  "n_neighbors": 100,
  "weights": "distance",
  "metric": "cosine"
}