{
  "seeds": [
    42,
    50,
    100
  ],
  "n_runs": 3,
  "r2_mean": -0.34662381807963055,
  "r2_std": 0.025524831327458072,
  "r2_values": [
    -0.3497272729873657,
    -0.31968915462493896,
    -0.3704550266265869
  ],
  "rmse_mean": 0.06600700619858457,
  "rmse_std": 0.0009288173836850162,
  "rmse_values": [
    0.06622035991949364,
    0.06681058307998787,
    0.06499007559627222
  ],
  "mse_mean": 0.004357500001788139,
  "mse_std": 0.00012233603373622292,
  "mse_values": [
    0.004385136067867279,
    0.004463654011487961,
    0.004223709926009178
  ],
  "mae_mean": 0.04245079681277275,
  "mae_std": 0.0001374362483121496,
  "mae_values": [
    0.04251237213611603,
    0.042546678334474564,
    0.04229333996772766
  ],
  "imputation_time_mean": 1.1306273937225342,
  "imputation_time_std": 0.007327184241311142,
  "imputation_time_values": [
    1.127004861831665,
    1.125817060470581,
    1.1390602588653564
  ],
  "n_neighbors": 50,
  "weights": "distance",
  "metric": "manhattan"
}