{
  "seeds": [
    42,
    50,
    100
  ],
  "n_runs": 3,
  "r2_mean": -0.401480754216512,
  "r2_std": 0.05906081519979337,
  "r2_values": [
    -0.44917237758636475,
    -0.3354175090789795,
    -0.4198523759841919
  ],
  "rmse_mean": 0.07077300063238716,
  "rmse_std": 0.003656102827004104,
  "rmse_values": [
    0.07326925731143422,
    0.06657637863917161,
    0.07247336594655565
  ],
  "mse_mean": 0.005017729010432959,
  "mse_std": 0.0005102046687588636,
  "mse_values": [
    0.005368384066969156,
    0.0044324141927063465,
    0.005252388771623373
  ],
  "mae_mean": 0.04231913015246391,
  "mae_std": 0.0003296550773712618,
  "mae_values": [
    0.042633961886167526,
    0.04197642207145691,
    0.0423470064997673
  ],
  "imputation_time_mean": 0.12871392567952475,
  "imputation_time_std": 0.010836988395594353,
  "imputation_time_values": [
    0.13972783088684082,
    0.11806297302246094,
    0.12835097312927246
  ],
  "n_neighbors": 5,
  "weights": "uniform",
  "metric": "euclidean"
}