{
  "seeds": [
    42,
    50,
    100
  ],
  "n_runs": 3,
  "r2_mean": -0.3558140993118286,
  "r2_std": 0.019989317197906132,
  "r2_values": [
    -0.35529112815856934,
    -0.33609139919281006,
    -0.37605977058410645
  ],
  "rmse_mean": 0.06623467827112535,
  "rmse_std": 0.0010561295846631686,
  "rmse_values": [
    0.06635670707154838,
    0.06722449279538312,
    0.06512283494644454
  ],
  "mse_mean": 0.0043877762121458845,
  "mse_std": 0.00013971542395234483,
  "mse_values": [
    0.004403212573379278,
    0.0045191324315965176,
    0.004240983631461859
  ],
  "mae_mean": 0.04395274445414543,
  "mae_std": 0.00019651862606090233,
  "mae_values": [
    0.04393480718135834,
    0.044157616794109344,
    0.04376580938696861
  ],
  "imputation_time_mean": 0.7688869635264078,
  "imputation_time_std": 0.029866291924781185,
  "imputation_time_values": [
    0.7460649013519287,
    0.8026890754699707,
    0.7579069137573242
  ],
  "n_neighbors": 125,
  "weights": "uniform",
  "metric": "euclidean"
}