{
  "seeds": [
    42,
    50,
    100
  ],
  "n_runs": 3,
  "r2_mean": -0.4278218348821004,
  "r2_std": 0.020949918265006088,
  "r2_values": [
    -0.4231994152069092,
    -0.4095691442489624,
    -0.4506969451904297
  ],
  "rmse_mean": 0.06797090052505207,
  "rmse_std": 0.0010915702391319192,
  "rmse_values": [
    0.06799882423496718,
    0.06904824100527801,
    0.06686563633491102
  ],
  "mse_mean": 0.00462083766857783,
  "mse_std": 0.00014834592120652806,
  "mse_values": [
    0.004623840097337961,
    0.0047676595859229565,
    0.004471013322472572
  ],
  "mae_mean": 0.04125074793895086,
  "mae_std": 0.0002332722486562493,
  "mae_values": [
    0.04123390465974808,
    0.04149198532104492,
    0.04102635383605957
  ],
  "imputation_time_mean": 1.090627670288086,
  "imputation_time_std": 0.04871401545904127,
  "imputation_time_values": [
    1.0892829895019531,
    1.0425999164581299,
    1.1400001049041748
  ],
  "n_neighbors": 10,
  "weights": "distance",
  "metric": "manhattan"
}