{
  "seeds": [
    42,
    50,
    100
  ],
  "n_runs": 3,
  "r2_mean": -0.5155598322550455,
  "r2_std": 0.03558622775256796,
  "r2_values": [
    -0.5103168487548828,
    -0.4828859567642212,
    -0.5534766912460327
  ],
  "rmse_mean": 0.07002135844547229,
  "rmse_std": 0.000814072091980745,
  "rmse_values": [
    0.07004909715822835,
    0.0708212066652857,
    0.0691937715129028
  ],
  "mse_mean": 0.004903432447463274,
  "mse_std": 0.00011397167209381734,
  "mse_values": [
    0.004906876012682915,
    0.005015643313527107,
    0.0047877780161798
  ],
  "mae_mean": 0.04361413046717644,
  "mae_std": 0.0003145466320061886,
  "mae_values": [
    0.043520715087652206,
    0.04396480321884155,
    0.04335687309503555
  ],
  "imputation_time_mean": 0.5949748357137045,
  "imputation_time_std": 0.021161449469040222,
  "imputation_time_values": [
    0.5876963138580322,
    0.6188149452209473,
    0.5784132480621338
  ],
  "n_neighbors": 5,
  "weights": "uniform",
  "metric": "cosine"
}