{
  "seeds": [
    42,
    50,
    100
  ],
  "n_runs": 3,
  "r2_mean": -0.2988307873408,
  "r2_std": 0.024224076620371477,
  "r2_values": [
    -0.2957240343093872,
    -0.2763099670410156,
    -0.32445836067199707
  ],
  "rmse_mean": 0.06481779938153819,
  "rmse_std": 0.001335584484390645,
  "rmse_values": [
    0.06492026422294947,
    0.06609920030581193,
    0.06343393361585316
  ],
  "mse_mean": 0.004202536307275295,
  "mse_std": 0.00017293817299756948,
  "mse_values": [
    0.004214640706777573,
    0.004369104281067848,
    0.004023863933980465
  ],
  "mae_mean": 0.04445814217130343,
  "mae_std": 0.000328123485752662,
  "mae_values": [
    0.04448284953832626,
    0.04477321356534958,
    0.04411836341023445
  ],
  "imputation_time_mean": 0.378892183303833,
  "imputation_time_std": 0.006331164453827135,
  "imputation_time_values": [
    0.37271976470947266,
    0.3785858154296875,
    0.38537096977233887
  ],
  "n_neighbors": 20,
  "weights": "distance",
  "metric": "cosine"
}