{
  "seeds": [
    42,
    50,
    100
  ],
  "n_runs": 3,
  "r2_mean": -0.4383968909581502,
  "r2_std": 0.023903259584460913,
  "r2_values": [
    -0.43540239334106445,
    -0.41613197326660156,
    -0.46365630626678467
  ],
  "rmse_mean": 0.06822071947261538,
  "rmse_std": 0.0010243254248389205,
  "rmse_values": [
    0.06828972469807842,
    0.06920879755846736,
    0.06716363616130035
  ],
  "mse_mean": 0.00465476606041193,
  "mse_std": 0.00013965616433090673,
  "mse_values": [
    0.004663486499339342,
    0.004789857659488916,
    0.004510954022407532
  ],
  "mae_mean": 0.04729364191492399,
  "mae_std": 0.000241408930704944,
  "mae_values": [
    0.047281187027692795,
    0.04754103720188141,
    0.047058701515197754
  ],
  "imputation_time_mean": 0.9251379172007242,
  "imputation_time_std": 0.08005369090375672,
  "imputation_time_values": [
    0.9893839359283447,
    0.9505729675292969,
    0.8354568481445312
  ],
  "n_neighbors": 400,
  "weights": "uniform",
  "metric": "cosine"
}