{
  "seeds": [
    42,
    50,
    100
  ],
  "n_runs": 3,
  "r2_mean": -0.4030640920003255,
  "r2_std": 0.10224291562983921,
  "r2_values": [
    -0.42537665367126465,
    -0.2915074825286865,
    -0.4923081398010254
  ],
  "rmse_mean": 0.07081247628050426,
  "rmse_std": 0.004696044416545533,
  "rmse_values": [
    0.07266521808692597,
    0.06547267768317384,
    0.07429953307141293
  ],
  "mse_mean": 0.005029108685751756,
  "mse_std": 0.000654088768888244,
  "mse_values": [
    0.005280233919620514,
    0.00428667152300477,
    0.005520420614629984
  ],
  "mae_mean": 0.04362017661333084,
  "mae_std": 0.0005954755865816574,
  "mae_values": [
    0.04393065720796585,
    0.0429336242377758,
    0.04399624839425087
  ],
  "imputation_time_mean": 0.129409392674764,
  "imputation_time_std": 0.003359301301150024,
  "imputation_time_values": [
    0.1323232650756836,
    0.12573504447937012,
    0.13016986846923828
  ],
  "n_neighbors": 5,
  "weights": "distance",
  "metric": "cosine"
}