{
  "seeds": [
    42,
    50,
    100
  ],
  "n_runs": 3,
  "r2_mean": -0.34693904717763263,
  "r2_std": 0.01879602412025822,
  "r2_values": [
    -0.3268711566925049,
    -0.3498140573501587,
    -0.3641319274902344
  ],
  "rmse_mean": 0.06936024308539236,
  "rmse_std": 0.00215153828336375,
  "rmse_values": [
    0.07010938194522266,
    0.06693428139379275,
    0.0710370659171617
  ],
  "mse_mean": 0.004813929398854573,
  "mse_std": 0.0002963422800892171,
  "mse_values": [
    0.004915325436741114,
    0.00448019802570343,
    0.005046264734119177
  ],
  "mae_mean": 0.04197912166515986,
  "mae_std": 0.0003859388251724331,
  "mae_values": [
    0.0416070893406868,
    0.041952669620513916,
    0.04237760603427887
  ],
  "imputation_time_mean": 0.5298310120900472,
  "imputation_time_std": 0.0030059937210959896,
  "imputation_time_values": [
    0.526360034942627,
    0.5315818786621094,
    0.5315511226654053
  ],
  "n_neighbors": 10,
  "weights": "uniform",
  "metric": "manhattan"
}