{
  "seeds": [
    42,
    50,
    100
  ],
  "n_runs": 3,
  "r2_mean": -0.36309945583343506,
  "r2_std": 0.034013185265256804,
  "r2_values": [
    -0.36096978187561035,
    -0.3302011489868164,
    -0.3981274366378784
  ],
  "rmse_mean": 0.06639639976145435,
  "rmse_std": 0.0011592275358705577,
  "rmse_values": [
    0.06653470699906881,
    0.067480269043954,
    0.06517422324134026
  ],
  "mse_mean": 0.004409377773602803,
  "mse_std": 0.00015370177415623669,
  "mse_values": [
    0.004426867235451937,
    0.004553586710244417,
    0.004247679375112057
  ],
  "mae_mean": 0.04353842635949453,
  "mae_std": 0.00018552821858167545,
  "mae_values": [
    0.04348651319742203,
    0.04374438151717186,
    0.043384384363889694
  ],
  "imputation_time_mean": 0.9520836671193441,
  "imputation_time_std": 0.032533363370013314,
  "imputation_time_values": [
    0.9158279895782471,
    0.9787299633026123,
    0.9616930484771729
  ],
  "n_neighbors": 150,
  "weights": "distance",
  "metric": "manhattan"
}