{
  "seeds": [
    42,
    50,
    100
  ],
  "n_runs": 3,
  "r2_mean": -0.35688316822052,
  "r2_std": 0.01767897424431832,
  "r2_values": [
    -0.35796523094177246,
    -0.3386880159378052,
    -0.3739962577819824
  ],
  "rmse_mean": 0.06626196873107311,
  "rmse_std": 0.0011165457309029554,
  "rmse_values": [
    0.06642213449111141,
    0.06728978231109937,
    0.06507398939100857
  ],
  "mse_mean": 0.004391479616363843,
  "mse_std": 0.00014770782786100294,
  "mse_values": [
    0.004411899950355291,
    0.0045279148034751415,
    0.004234624095261097
  ],
  "mae_mean": 0.04591902966300646,
  "mae_std": 0.00027750092106975234,
  "mae_values": [
    0.04593135043978691,
    0.04619016498327255,
    0.04563557356595993
  ],
  "imputation_time_mean": 0.7179299195607504,
  "imputation_time_std": 0.01696925301228996,
  "imputation_time_values": [
    0.7087438106536865,
    0.7375118732452393,
    0.7075340747833252
  ],
  "n_neighbors": 75,
  "weights": "distance",
  "metric": "cosine"
}