{
  "seeds": [
    42,
    50,
    100
  ],
  "n_runs": 3,
  "r2_mean": -0.4515145619710286,
  "r2_std": 0.025091506682485425,
  "r2_values": [
    -0.4236617088317871,
    -0.4585310220718384,
    -0.47235095500946045
  ],
  "rmse_mean": 0.07200004582342205,
  "rmse_std": 0.0021792198099978466,
  "rmse_values": [
    0.07262149063932642,
    0.06957760522028467,
    0.07380104161065507
  ],
  "mse_mean": 0.005187172597895066,
  "mse_std": 0.00031194811788542044,
  "mse_values": [
    0.005273880902677774,
    0.004841043148189783,
    0.00544659374281764
  ],
  "mae_mean": 0.04130988319714864,
  "mae_std": 0.0005008269739431938,
  "mae_values": [
    0.0407501757144928,
    0.04146374762058258,
    0.041715726256370544
  ],
  "imputation_time_mean": 0.536519447962443,
  "imputation_time_std": 0.01612225043867182,
  "imputation_time_values": [
    0.5374987125396729,
    0.5199298858642578,
    0.5521297454833984
  ],
  "n_neighbors": 5,
  "weights": "distance",
  "metric": "manhattan"
}