{
  "seeds": [
    42,
    50,
    100
  ],
  "n_runs": 3,
  "r2_mean": -0.3310830593109131,
  "r2_std": 0.03738931706600204,
  "r2_values": [
    -0.32252633571624756,
    -0.2987138032913208,
    -0.3720090389251709
  ],
  "rmse_mean": 0.06560922776617609,
  "rmse_std": 0.0010572691186862362,
  "rmse_values": [
    0.0655882714159021,
    0.0666768192809626,
    0.06456259260166355
  ],
  "mse_mean": 0.0043053159800668555,
  "mse_std": 0.0001387679392904733,
  "mse_values": [
    0.00430182134732604,
    0.0044457982294261456,
    0.004168328363448381
  ],
  "mae_mean": 0.04387859130899111,
  "mae_std": 0.00037811373417492427,
  "mae_values": [
    0.04389657452702522,
    0.04424739256501198,
    0.04349180683493614
  ],
  "imputation_time_mean": 0.36093632380167645,
  "imputation_time_std": 0.03673686928745214,
  "imputation_time_values": [
    0.31935596466064453,
    0.38899993896484375,
    0.374453067779541
  ],
  "n_neighbors": 10,
  "weights": "uniform",
  "metric": "cosine"
}