{
  "seeds": [
    42,
    50,
    100
  ],
  "n_runs": 3,
  "r2_mean": -0.3589659134546916,
  "r2_std": 0.020838830666157486,
  "r2_values": [
    -0.3587113618850708,
    -0.33825552463531494,
    -0.37993085384368896
  ],
  "rmse_mean": 0.06631122201647198,
  "rmse_std": 0.001038312992112153,
  "rmse_values": [
    0.06644038066580456,
    0.0672789131999894,
    0.065214372183622
  ],
  "mse_mean": 0.004397896894564231,
  "mse_std": 0.00013750682484816364,
  "mse_values": [
    0.0044143241830170155,
    0.004526452161371708,
    0.00425291433930397
  ],
  "mae_mean": 0.04409470036625862,
  "mae_std": 0.00017455095084994852,
  "mae_values": [
    0.04407099634408951,
    0.04427989199757576,
    0.043933212757110596
  ],
  "imputation_time_mean": 0.812665065129598,
  "imputation_time_std": 0.008588275265249093,
  "imputation_time_values": [
    0.8095271587371826,
    0.8223810195922852,
    0.8060870170593262
  ],
  "n_neighbors": 150,
  "weights": "distance",
  "metric": "euclidean"
}