{
  "seeds": [
    42,
    50,
    100
  ],
  "n_runs": 3,
  "r2_mean": -0.5038299163182577,
  "r2_std": 0.04049599644274765,
  "r2_values": [
    -0.5069745779037476,
    -0.4618532657623291,
    -0.5426619052886963
  ],
  "rmse_mean": 0.06973789649689369,
  "rmse_std": 0.0011649007551101068,
  "rmse_values": [
    0.07001272511622275,
    0.07074080919811435,
    0.06846015517634396
  ],
  "mse_mean": 0.004864278870324294,
  "mse_std": 0.0001620232233786532,
  "mse_values": [
    0.004901781678199768,
    0.005004262086004019,
    0.0046867928467690945
  ],
  "mae_mean": 0.04178173840045929,
  "mae_std": 0.00012165027144164324,
  "mae_values": [
    0.04174376651644707,
    0.041917845606803894,
    0.04168360307812691
  ],
  "imputation_time_mean": 0.2749476432800293,
  "imputation_time_std": 0.010514880351780869,
  "imputation_time_values": [
    0.271068811416626,
    0.2868509292602539,
    0.266923189163208
  ],
  "n_neighbors": 5,
  "weights": "uniform",
  "metric": "euclidean"
}