{
  "seeds": [
    42,
    50,
    100
  ],
  "n_runs": 3,
  "r2_mean": -0.393444021542867,
  "r2_std": 0.01703838542484939,
  "r2_values": [
    -0.3919515609741211,
    -0.3772009611129761,
    -0.4111795425415039
  ],
  "rmse_mean": 0.06714922203777264,
  "rmse_std": 0.001154294741172491,
  "rmse_values": [
    0.0672481788214499,
    0.06825085268322008,
    0.06594863460864794
  ],
  "mse_mean": 0.004509906284511089,
  "mse_std": 0.00015485172638975874,
  "mse_values": [
    0.0045223175548017025,
    0.0046581788919866085,
    0.004349222406744957
  ],
  "mae_mean": 0.04219250877698263,
  "mae_std": 0.00030707947184697217,
  "mae_values": [
    0.042087189853191376,
    0.042538389563560486,
    0.041951946914196014
  ],
  "imputation_time_mean": 0.5285341739654541,
  "imputation_time_std": 0.014439350267878376,
  "imputation_time_values": [
    0.5144288539886475,
    0.5278878211975098,
    0.5432858467102051
  ],
  "n_neighbors": 10,
  "weights": "uniform",
  "metric": "euclidean"
}