{
  "seeds": [
    42,
    50,
    100
  ],
  "n_runs": 3,
  "r2_mean": -0.35582323869069415,
  "r2_std": 0.023965701389405944,
  "r2_values": [
    -0.35574162006378174,
    -0.33189845085144043,
    -0.37982964515686035
  ],
  "rmse_mean": 0.06623288016370756,
  "rmse_std": 0.0009605988072292549,
  "rmse_values": [
    0.06636773422985967,
    0.06711892617906125,
    0.06521198008220172
  ],
  "mse_mean": 0.004387409581492345,
  "mse_std": 0.00012705694401162547,
  "mse_values": [
    0.004404676146805286,
    0.004504950251430273,
    0.004252602346241474
  ],
  "mae_mean": 0.04345341150959333,
  "mae_std": 0.000126149516671241,
  "mae_values": [
    0.04347690939903259,
    0.04356615990400314,
    0.04331716522574425
  ],
  "imputation_time_mean": 1.3418809572855632,
  "imputation_time_std": 0.027701337352088233,
  "imputation_time_values": [
    1.364222764968872,
    1.350534200668335,
    1.3108859062194824
  ],
  "n_neighbors": 150,
  "weights": "distance",
  "metric": "manhattan"
}