{
  "seeds": [
    42,
    50,
    100
  ],
  "n_runs": 3,
  "r2_mean": -0.3638315995534261,
  "r2_std": 0.034034693658376414,
  "r2_values": [
    -0.3616083860397339,
    -0.33096301555633545,
    -0.398923397064209
  ],
  "rmse_mean": 0.06641422666754004,
  "rmse_std": 0.0011594119639120237,
  "rmse_values": [
    0.06655031593053948,
    0.06749958824654666,
    0.06519277582553402
  ],
  "mse_mean": 0.004411745661248763,
  "mse_std": 0.00015377126483340377,
  "mse_values": [
    0.0044289445504546165,
    0.0045561944134533405,
    0.004250098019838333
  ],
  "mae_mean": 0.043558500707149506,
  "mae_std": 0.00018609210577212712,
  "mae_values": [
    0.04350564628839493,
    0.04376530274748802,
    0.04340455308556557
  ],
  "imputation_time_mean": 0.9506345589955648,
  "imputation_time_std": 0.01425420240804176,
  "imputation_time_values": [
    0.937368631362915,
    0.9488298892974854,
    0.965705156326294
  ],
  "n_neighbors": 150,
  "weights": "uniform",
  "metric": "manhattan"
}