{
  "seeds": [
    42,
    50,
    100
  ],
  "n_runs": 3,
  "r2_mean": -0.38307619094848633,
  "r2_std": 0.03303101563631906,
  "r2_values": [
    -0.38596832752227783,
    -0.34869420528411865,
    -0.4145660400390625
  ],
  "rmse_mean": 0.06688231946843892,
  "rmse_std": 0.0012168569708618233,
  "rmse_values": [
    0.06714298927990632,
    0.06794771836442581,
    0.06555625076098463
  ],
  "mse_mean": 0.004474231818070014,
  "mse_std": 0.0001623200865696237,
  "mse_values": [
    0.004508181009441614,
    0.00461689243093133,
    0.004297622013837099
  ],
  "mae_mean": 0.0462934672832489,
  "mae_std": 0.00025103324206752976,
  "mae_values": [
    0.04629582166671753,
    0.046543315052986145,
    0.04604126513004303
  ],
  "imputation_time_mean": 0.42586294809977215,
  "imputation_time_std": 0.06178745673077787,
  "imputation_time_values": [
    0.4963250160217285,
    0.4003279209136963,
    0.3809359073638916
  ],
  "n_neighbors": 100,
  "weights": "uniform",
  "metric": "cosine"
}