{
  "seeds": [
    42,
    50,
    100
  ],
  "n_runs": 3,
  "r2_mean": -0.3679039080937703,
  "r2_std": 0.033406469482306286,
  "r2_values": [
    -0.36701881885528564,
    -0.3349487781524658,
    -0.40174412727355957
  ],
  "rmse_mean": 0.06651381872208466,
  "rmse_std": 0.0011801236893267848,
  "rmse_values": [
    0.06668240613149647,
    0.06760058250364966,
    0.06525846753110785
  ],
  "mse_mean": 0.004425016542275746,
  "mse_std": 0.00015669851588231667,
  "mse_values": [
    0.004446543287485838,
    0.004569838754832745,
    0.0042586675845086575
  ],
  "mae_mean": 0.04430991783738136,
  "mae_std": 0.00023275251424746918,
  "mae_values": [
    0.04417750611901283,
    0.044578667730093,
    0.044173579663038254
  ],
  "imputation_time_mean": 0.4371066093444824,
  "imputation_time_std": 0.005118646554486754,
  "imputation_time_values": [
    0.4360389709472656,
    0.4426748752593994,
    0.4326059818267822
  ],
  "n_neighbors": 150,
  "weights": "uniform",
  "metric": "euclidean"
}