{
  "seeds": [
    42,
    50,
    100
  ],
  "n_runs": 3,
  "r2_mean": -0.29710547129313153,
  "r2_std": 0.013598727876341279,
  "r2_values": [
    -0.28743255138397217,
    -0.2912297248840332,
    -0.31265413761138916
  ],
  "rmse_mean": 0.06806968460579392,
  "rmse_std": 0.002276668484743597,
  "rmse_values": [
    0.06905959022334288,
    0.0654656361280932,
    0.0696838274659457
  ],
  "mse_mean": 0.004636937441925208,
  "mse_std": 0.00030720513040715747,
  "mse_values": [
    0.004769227001816034,
    0.004285749513655901,
    0.004855835810303688
  ],
  "mae_mean": 0.046231733014186226,
  "mae_std": 0.00013884644811553893,
  "mae_values": [
    0.04629025608301163,
    0.04607320576906204,
    0.046331737190485
  ],
  "imputation_time_mean": 0.17364867528279623,
  "imputation_time_std": 0.01015584976903576,
  "imputation_time_values": [
    0.18027186393737793,
    0.17871809005737305,
    0.1619560718536377
  ],
  "n_neighbors": 75,
  "weights": "uniform",
  "metric": "cosine"
}