{
  "seeds": [
    42,
    50,
    100
  ],
  "n_runs": 3,
  "r2_mean": -0.3538753191630046,
  "r2_std": 0.02541439960390619,
  "r2_values": [
    -0.35717618465423584,
    -0.32697176933288574,
    -0.3774780035018921
  ],
  "rmse_mean": 0.0661846337523233,
  "rmse_std": 0.0009383688166760007,
  "rmse_values": [
    0.06640283842299174,
    0.06699467562623142,
    0.06515638720774669
  ],
  "mse_mean": 0.004380992768953244,
  "mse_std": 0.0001239213681667047,
  "mse_values": [
    0.00440933695062995,
    0.004488286562263966,
    0.0042453547939658165
  ],
  "mae_mean": 0.04205711061755816,
  "mae_std": 0.00015037354766122134,
  "mae_values": [
    0.04209133982658386,
    0.042187418788671494,
    0.04189257323741913
  ],
  "imputation_time_mean": 1.1485429604848225,
  "imputation_time_std": 0.03856564840444281,
  "imputation_time_values": [
    1.1053807735443115,
    1.1796150207519531,
    1.1606330871582031
  ],
  "n_neighbors": 30,
  "weights": "uniform",
  "metric": "manhattan"
}