{
  "seeds": [
    42,
    50,
    100
  ],
  "n_runs": 3,
  "r2_mean": -0.3732200860977173,
  "r2_std": 0.023464709916703717,
  "r2_values": [
    -0.3717916011810303,
    -0.35050225257873535,
    -0.39736640453338623
  ],
  "rmse_mean": 0.06665685072243929,
  "rmse_std": 0.000984505829246437,
  "rmse_values": [
    0.06675942553496103,
    0.06758605326191847,
    0.06562507337043838
  ],
  "mse_mean": 0.004443781916052103,
  "mse_std": 0.00013109939099637384,
  "mse_values": [
    0.004456820897758007,
    0.0045678745955228806,
    0.0043066502548754215
  ],
  "mae_mean": 0.04425342629353205,
  "mae_std": 0.0001527498836102315,
  "mae_values": [
    0.04425690695643425,
    0.04440440610051155,
    0.04409896582365036
  ],
  "imputation_time_mean": 1.4273933569590251,
  "imputation_time_std": 0.07890255571104383,
  "imputation_time_values": [
    1.457993984222412,
    1.4864120483398438,
    1.3377740383148193
  ],
  "n_neighbors": 300,
  "weights": "uniform",
  "metric": "manhattan"
}