{
  "seeds": [
    42,
    50,
    100
  ],
  "n_runs": 3,
  "r2_mean": -0.9086504777272543,
  "r2_std": 0.044767672126006776,
  "r2_values": [
    -0.8750506639480591,
    -0.8914293050765991,
    -0.9594714641571045
  ],
  "rmse_mean": 0.07858197393772935,
  "rmse_std": 0.0012261864953862353,
  "rmse_values": [
    0.07805037808981165,
    0.07998425226729362,
    0.07771129145608277
  ],
  "mse_mean": 0.00617612898349762,
  "mse_std": 0.00019350661002375062,
  "mse_values": [
    0.006091861519962549,
    0.006397480610758066,
    0.0060390448197722435
  ],
  "mae_mean": 0.04063820963104566,
  "mae_std": 0.00022639391818116044,
  "mae_values": [
    0.04039926454424858,
    0.04084951430559158,
    0.040665850043296814
  ],
  "imputation_time_mean": 0.9836583137512207,
  "imputation_time_std": 0.013916045386443083,
  "imputation_time_values": [
    0.9677209854125977,
    0.9898500442504883,
    0.9934039115905762
  ],
  "n_neighbors": 3,
  "weights": "uniform",
  "metric": "manhattan"
}