{
  "seeds": [
    42,
    50,
    100
  ],
  "n_runs": 3,
  "r2_mean": -0.34905731678009033,
  "r2_std": 0.018514173659006622,
  "r2_values": [
    -0.34678971767425537,
    -0.33178138732910156,
    -0.36860084533691406
  ],
  "rmse_mean": 0.06607010998057278,
  "rmse_std": 0.0010870477485078656,
  "rmse_values": [
    0.06614825325328956,
    0.06711597752648814,
    0.06494609916194062
  ],
  "mse_mean": 0.004366047214716673,
  "mse_std": 0.00014351753444371827,
  "mse_values": [
    0.004375591408461332,
    0.0045045544393360615,
    0.004217995796352625
  ],
  "mae_mean": 0.04261520877480507,
  "mae_std": 0.00025451761302333224,
  "mae_values": [
    0.04257899895310402,
    0.04288589209318161,
    0.04238073527812958
  ],
  "imputation_time_mean": 0.5661872227986654,
  "imputation_time_std": 0.01415046267789015,
  "imputation_time_values": [
    0.5504586696624756,
    0.5702180862426758,
    0.5778849124908447
  ],
  "n_neighbors": 20,
  "weights": "uniform",
  "metric": "euclidean"
}