{
  "seeds": [
    42,
    50,
    100
  ],
  "n_runs": 3,
  "r2_mean": -0.367082158724467,
  "r2_std": 0.021809103520007745,
  "r2_values": [
    -0.3716925382614136,
    -0.34333646297454834,
    -0.38621747493743896
  ],
  "rmse_mean": 0.06650875810394224,
  "rmse_std": 0.001044248985432092,
  "rmse_values": [
    0.06675701206725171,
    0.06740650852239567,
    0.06536275372217935
  ],
  "mse_mean": 0.004424141875157754,
  "mse_std": 0.00013853747003375976,
  "mse_values": [
    0.00445649866014719,
    0.0045436373911798,
    0.004272289574146271
  ],
  "mae_mean": 0.041720143208901085,
  "mae_std": 0.00020473233854779055,
  "mae_values": [
    0.04176400974392891,
    0.041899386793375015,
    0.04149703308939934
  ],
  "imputation_time_mean": 1.0014152526855469,
  "imputation_time_std": 0.06743374883961759,
  "imputation_time_values": [
    1.0691239833831787,
    1.0008618831634521,
    0.9342598915100098
  ],
  "n_neighbors": 20,
  "weights": "distance",
  "metric": "manhattan"
}