{
  "seeds": [
    42,
    50,
    100
  ],
  "n_runs": 3,
  "r2_mean": -0.6935160160064697,
  "r2_std": 0.03504523515864556,
  "r2_values": [
    -0.6609567403793335,
    -0.6889848709106445,
    -0.7306064367294312
  ],
  "rmse_mean": 0.07777521281002424,
  "rmse_std": 0.002633459832085176,
  "rmse_values": [
    0.07844060390626838,
    0.0748728768777267,
    0.0800121576460776
  ],
  "mse_mean": 0.0060536071347693605,
  "mse_std": 0.0004071874296542825,
  "mse_values": [
    0.006152928341180086,
    0.005605947691947222,
    0.006401945371180773
  ],
  "mae_mean": 0.04104423398772875,
  "mae_std": 0.0006139118374804338,
  "mae_values": [
    0.040553364902734756,
    0.04084675386548042,
    0.041732583194971085
  ],
  "imputation_time_mean": 0.5511670112609863,
  "imputation_time_std": 0.0176483508132104,
  "imputation_time_values": [
    0.5621590614318848,
    0.5605318546295166,
    0.5308101177215576
  ],
  "n_neighbors": 3,
  "weights": "uniform",
  "metric": "manhattan"
}