{
  "seeds": [
    42,
    50,
    100
  ],
  "n_runs": 3,
  "r2_mean": -0.3478187322616577,
  "r2_std": 0.01849433220172782,
  "r2_values": [
    -0.34558868408203125,
    -0.3305405378341675,
    -0.3673269748687744
  ],
  "rmse_mean": 0.06603977249079135,
  "rmse_std": 0.0010865747785701412,
  "rmse_values": [
    0.06611875049389314,
    0.0670847034289752,
    0.06491586354950572
  ],
  "mse_mean": 0.0043620386471350985,
  "mse_std": 0.00014338782220894028,
  "mse_values": [
    0.0043716891668736935,
    0.004500357434153557,
    0.004214069340378046
  ],
  "mae_mean": 0.04259679466485977,
  "mae_std": 0.00025457293580291845,
  "mae_values": [
    0.042558662593364716,
    0.04286828264594078,
    0.04236343875527382
  ],
  "imputation_time_mean": 0.5605116685231527,
  "imputation_time_std": 0.010558625084719697,
  "imputation_time_values": [
    0.5579187870025635,
    0.5721251964569092,
    0.5514910221099854
  ],
  "n_neighbors": 20,
  "weights": "distance",
  "metric": "euclidean"
}