{
  "seeds": [
    42,
    50,
    100
  ],
  "n_runs": 3,
  "r2_mean": -0.30927395820617676,
  "r2_std": 0.023905591479962636,
  "r2_values": [
    -0.30613577365875244,
    -0.2870924472808838,
    -0.33459365367889404
  ],
  "rmse_mean": 0.06507819350322418,
  "rmse_std": 0.0013537268713045857,
  "rmse_values": [
    0.0651805747203942,
    0.0663778230184418,
    0.06367618277083652
  ],
  "mse_mean": 0.00423639298727115,
  "mse_std": 0.00017599255237794154,
  "mse_values": [
    0.00424850732088089,
    0.0044060153886675835,
    0.0040546562522649765
  ],
  "mae_mean": 0.04457106813788414,
  "mae_std": 0.0003293541896405884,
  "mae_values": [
    0.04459214210510254,
    0.04488937929272652,
    0.044231683015823364
  ],
  "imputation_time_mean": 0.3483583132425944,
  "imputation_time_std": 0.009743869123141893,
  "imputation_time_values": [
    0.3463470935821533,
    0.33977699279785156,
    0.3589508533477783
  ],
  "n_neighbors": 20,
  "weights": "uniform",
  "metric": "cosine"
}