{
  "seeds": [
    42,
    50,
    100
  ],
  "n_runs": 3,
  "r2_mean": -0.3675585190455119,
  "r2_std": 0.021880440342961355,
  "r2_values": [
    -0.37226223945617676,
    -0.34370875358581543,
    -0.38670456409454346
  ],
  "rmse_mean": 0.06652032205475059,
  "rmse_std": 0.0010436143255130763,
  "rmse_values": [
    0.06677087785423766,
    0.06741585128856542,
    0.06537423702144868
  ],
  "mse_mean": 0.004425679333508015,
  "mse_std": 0.00013847443918145778,
  "mse_values": [
    0.004458350129425526,
    0.0045448970049619675,
    0.004273790866136551
  ],
  "mae_mean": 0.041731427113215126,
  "mae_std": 0.00020447624233333765,
  "mae_values": [
    0.041776061058044434,
    0.041909899562597275,
    0.04150832071900368
  ],
  "imputation_time_mean": 1.0187745889027913,
  "imputation_time_std": 0.04107842528619772,
  "imputation_time_values": [
    1.035834789276123,
    1.0485739707946777,
    0.9719150066375732
  ],
  "n_neighbors": 20,
  "weights": "uniform",
  "metric": "manhattan"
}