{
  "seeds": [
    42,
    50,
    100
  ],
  "n_runs": 3,
  "r2_mean": -0.39754366874694824,
  "r2_std": 0.03455063639040603,
  "r2_values": [
    -0.39759552478790283,
    -0.3629671335220337,
    -0.4320683479309082
  ],
  "rmse_mean": 0.06723030634774425,
  "rmse_std": 0.001184812664303049,
  "rmse_values": [
    0.06742403939155658,
    0.06830631308424853,
    0.06596056656742767
  ],
  "mse_mean": 0.004520849945644538,
  "mse_std": 0.00015897724909168714,
  "mse_values": [
    0.004546001087874174,
    0.004665752407163382,
    0.004350796341896057
  ],
  "mae_mean": 0.04652747636040052,
  "mae_std": 0.00024449580371678606,
  "mae_values": [
    0.04648576304316521,
    0.046790145337581635,
    0.04630652070045471
  ],
  "imputation_time_mean": 0.41783730189005536,
  "imputation_time_std": 0.013055043037256513,
  "imputation_time_values": [
    0.41112303733825684,
    0.43288302421569824,
    0.40950584411621094
  ],
  "n_neighbors": 125,
  "weights": "uniform",
  "metric": "cosine"
}