{
  "seeds": [
    42,
    50,
    100
  ],
  "n_runs": 3,
  "r2_mean": -0.40141888459523517,
  "r2_std": 0.03592243847825504,
  "r2_values": [
    -0.3980792760848999,
    -0.3672828674316406,
    -0.43889451026916504
  ],
  "rmse_mean": 0.06732255149548301,
  "rmse_std": 0.0011525659650587763,
  "rmse_values": [
    0.06743570684262148,
    0.06841436626545055,
    0.06611758137837702
  ],
  "mse_mean": 0.004533211545397838,
  "mse_std": 0.0001549953966425769,
  "mse_values": [
    0.004547574557363987,
    0.00468052551150322,
    0.004371534567326307
  ],
  "mae_mean": 0.0453276572128137,
  "mae_std": 0.00025583187376258413,
  "mae_values": [
    0.04523446410894394,
    0.04561702162027359,
    0.045131485909223557
  ],
  "imputation_time_mean": 0.6326303482055664,
  "imputation_time_std": 0.04136641696545402,
  "imputation_time_values": [
    0.6178200244903564,
    0.6793632507324219,
    0.6007077693939209
  ],
  "n_neighbors": 400,
  "weights": "distance",
  "metric": "euclidean"
}