{
  "seeds": [
    42,
    50,
    100
  ],
  "n_runs": 3,
  "r2_mean": -0.3769415219624837,
  "r2_std": 0.03460956529821932,
  "r2_values": [
    -0.3736605644226074,
    -0.3440892696380615,
    -0.4130747318267822
  ],
  "rmse_mean": 0.06673250220710125,
  "rmse_std": 0.00115901236659874,
  "rmse_values": [
    0.06684420077500511,
    0.06783162142418084,
    0.06552168442211781
  ],
  "mse_mean": 0.004454122390598059,
  "mse_std": 0.00015449703106146072,
  "mse_values": [
    0.004468147177249193,
    0.004601128865033388,
    0.004293091129511595
  ],
  "mae_mean": 0.044123670707146324,
  "mae_std": 0.00019496339795755177,
  "mae_values": [
    0.04405716806650162,
    0.04434318467974663,
    0.043970659375190735
  ],
  "imputation_time_mean": 1.0919362703959148,
  "imputation_time_std": 0.03739811405564102,
  "imputation_time_values": [
    1.0839488506317139,
    1.0591771602630615,
    1.1326828002929688
  ],
  "n_neighbors": 250,
  "weights": "uniform",
  "metric": "manhattan"
}