{
  "seeds": [
    42,
    50,
    100
  ],
  "n_runs": 3,
  "r2_mean": -0.7682025829950968,
  "r2_std": 0.06377446086009406,
  "r2_values": [
    -0.7835878133773804,
    -0.6981428861618042,
    -0.822877049446106
  ],
  "rmse_mean": 0.07561008145559718,
  "rmse_std": 0.0010326025506947555,
  "rmse_values": [
    0.07616777286732268,
    0.07624392586399394,
    0.07441854563547493
  ],
  "mse_mean": 0.005717595263073842,
  "mse_std": 0.00015553849526766432,
  "mse_values": [
    0.005801529623568058,
    0.005813136231154203,
    0.005538119934499264
  ],
  "mae_mean": 0.043022011717160545,
  "mae_std": 0.00038239858017319084,
  "mae_values": [
    0.043131787329912186,
    0.043337516486644745,
    0.0425967313349247
  ],
  "imputation_time_mean": 0.31281065940856934,
  "imputation_time_std": 0.01537853742549162,
  "imputation_time_values": [
    0.3305521011352539,
    0.3032839298248291,
    0.304595947265625
  ],
  "n_neighbors": 3,
  "weights": "uniform",
  "metric": "cosine"
}