{
  "seeds": [
    42,
    50,
    100
  ],
  "n_runs": 3,
  "r2_mean": -0.3466239770253499,
  "r2_std": 0.025524741770765694,
  "r2_values": [
    -0.3497277498245239,
    -0.3196892738342285,
    -0.37045490741729736
  ],
  "rmse_mean": 0.06600700853222931,
  "rmse_std": 0.0009288192950219884,
  "rmse_values": [
    0.0662203634354914,
    0.06681058656492433,
    0.06499007559627222
  ],
  "mse_mean": 0.004357500312228997,
  "mse_std": 0.00012233628836629573,
  "mse_values": [
    0.004385136533528566,
    0.004463654477149248,
    0.004223709926009178
  ],
  "mae_mean": 0.04245079432924589,
  "mae_std": 0.0001374345793339988,
  "mae_values": [
    0.04251236468553543,
    0.042546678334474564,
    0.04229333996772766
  ],
  "imputation_time_mean": 0.990122397740682,
  "imputation_time_std": 0.0789424756648786,
  "imputation_time_values": [
    1.0808022022247314,
    0.9528319835662842,
    0.9367330074310303
  ],
  "n_neighbors": 50,
  "weights": "distance",
  "metric": "manhattan"
}