{
  "seeds": [
    42,
    50,
    100
  ],
  "n_runs": 3,
  "r2_mean": -0.4278217554092407,
  "r2_std": 0.020949826881079832,
  "r2_values": [
    -0.42319953441619873,
    -0.40956902503967285,
    -0.4506967067718506
  ],
  "rmse_mean": 0.06797089938370562,
  "rmse_std": 0.0010915701953381387,
  "rmse_values": [
    0.06799882081092784,
    0.06904824100527801,
    0.06686563633491102
  ],
  "mse_mean": 0.004620837513357401,
  "mse_std": 0.00014834591649442482,
  "mse_values": [
    0.004623839631676674,
    0.0047676595859229565,
    0.004471013322472572
  ],
  "mae_mean": 0.041250746697187424,
  "mae_std": 0.0002332723831572729,
  "mae_values": [
    0.04123390093445778,
    0.04149198532104492,
    0.04102635383605957
  ],
  "imputation_time_mean": 1.0495798587799072,
  "imputation_time_std": 0.021168591010810475,
  "imputation_time_values": [
    1.0302200317382812,
    1.0721828937530518,
    1.0463366508483887
  ],
  "n_neighbors": 10,
  "weights": "distance",
  "metric": "manhattan"
}