{
  "r2_mean": -173.15146974984603,
  "r2_std": 11.367494709501313,
  "rmse_mean": 0.7583009753472028,
  "rmse_std": 0.0003528274053908089,
  "mae_mean": 0.6885646422990225,
  "mae_std": 0.00033978802389969905,
  "imputation_time_mean": 0.005922635396321614,
  "imputation_time_std": 6.786107402230206e-05,
  "missingness_rate": 0.01,
  "num_seeds": 3,
  "seeds": [
    42,
    50,
    100
  ]
}