{
  "r2_mean": -165.12501414163566,
  "r2_std": 5.146392185181489,
  "rmse_mean": 0.7540304974934976,
  "rmse_std": 0.00258294896967302,
  "mae_mean": 0.6805846726956043,
  "mae_std": 0.003447962180209757,
  "imputation_time_mean": 0.006123940149943034,
  "imputation_time_std": 1.2166876944573822e-05,
  "missingness_rate": 0.05,
  "num_seeds": 3,
  "seeds": [
    42,
    50,
    100
  ]
}