{
  "r2_mean": -170.42791255581938,
  "r2_std": 9.112176081497504,
  "rmse_mean": 0.7512415322655746,
  "rmse_std": 0.004193375090139184,
  "mae_mean": 0.67487258646797,
  "mae_std": 0.006527851380160071,
  "imputation_time_mean": 0.006797949473063151,
  "imputation_time_std": 0.0001224127658126153,
  "missingness_rate": 0.1,
  "num_seeds": 3,
  "seeds": [
    42,
    50,
    100
  ]
}