{
  "r2_mean": -165.9030121850699,
  "r2_std": 5.134020741691242,
  "rmse_mean": 0.7557947779853668,
  "rmse_std": 0.002101007615417227,
  "mae_mean": 0.6956868748845381,
  "mae_std": 0.0034043940672452786,
  "imputation_time_mean": 0.004736582438151042,
  "imputation_time_std": 0.00012843841922348715,
  "missingness_rate": 0.05,
  "num_seeds": 3,
  "seeds": [
    42,
    50,
    100
  ]
}