{
  "r2_mean": -170.67928679983538,
  "r2_std": 9.002727594563098,
  "rmse_mean": 0.7518022014078939,
  "rmse_std": 0.0035430119095672843,
  "mae_mean": 0.6882058533171619,
  "mae_std": 0.005896535612268385,
  "imputation_time_mean": 0.005098183949788411,
  "imputation_time_std": 8.530662812038242e-06,
  "missingness_rate": 0.1,
  "num_seeds": 3,
  "seeds": [
    42,
    50,
    100
  ]
}