{
  "r2_mean": -0.007404783230942513,
  "r2_std": 0.00013217912714140936,
  "rmse_mean": 0.058738525501030724,
  "rmse_std": 0.0008772385264431962,
  "mae_mean": 0.005036102866247758,
  "mae_std": 0.0001080425492273041,
  "imputation_time_mean": 0.00067901611328125,
  "imputation_time_std": 9.832177158490763e-06,
  "missingness_rate": 0.05,
  "num_seeds": 3,
  "seeds": [
    42,
    50,
    100
  ]
}