{
  "r2_mean": -174.29884135898388,
  "r2_std": 11.451579958753223,
  "rmse_mean": 0.76079330276017,
  "rmse_std": 0.0004287963649482852,
  "mae_mean": 0.7050326681443485,
  "mae_std": 0.0007094434411378395,
  "imputation_time_mean": 0.004495859146118164,
  "imputation_time_std": 0.0001860747674218125,
  "missingness_rate": 0.01,
  "num_seeds": 3,
  "seeds": [
    42,
    50,
    100
  ]
}