{
  "r2_mean": -0.007178670960347781,
  "r2_std": 8.661217505451642e-05,
  "rmse_mean": 0.05763482232882571,
  "rmse_std": 0.0012306447788894886,
  "mae_mean": 0.004866124386861606,
  "mae_std": 0.00012503340433614484,
  "imputation_time_mean": 0.000989834467569987,
  "imputation_time_std": 1.812643354017354e-05,
  "missingness_rate": 0.1,
  "num_seeds": 3,
  "seeds": [
    42,
    50,
    100
  ]
}