{
  "seeds": [
    42,
    50,
    100
  ],
  "n_runs": 3,
  "r2_mean": -0.4878990252812703,
  "r2_std": 0.07378682577226835,
  "r2_values": [
    -0.4754021167755127,
    -0.42115867137908936,
    -0.567136287689209
  ],
  "rmse_mean": 0.06934191197954538,
  "rmse_std": 0.00037848231002317486,
  "rmse_values": [
    0.06927542665257948,
    0.06974923168719727,
    0.06900107759885943
  ],
  "mse_mean": 0.004808396256218354,
  "mse_std": 5.252600698440489e-05,
  "mse_values": [
    0.004799084737896919,
    0.004864955320954323,
    0.00476114870980382
  ],
  "mae_mean": 0.04899241651097933,
  "mae_std": 0.00011008228522551742,
  "mae_values": [
    0.04902257025241852,
    0.04908427968621254,
    0.048870399594306946
  ],
  "imputation_time_mean": 4869.328032334645,
  "imputation_time_std": 13.139590918368576,
  "imputation_time_values": [
    4866.968547105789,
    4883.487508058548,
    4857.5280418396
  ],
  "max_iter": 10,
  "n_estimators": 50
}