{
  "seeds": [
    42,
    50,
    100
  ],
  "n_runs": 3,
  "r2_mean": -0.4767828782399495,
  "r2_std": 0.04910705366080906,
  "r2_values": [
    -0.46363139152526855,
    -0.43559062480926514,
    -0.5311266183853149
  ],
  "rmse_mean": 0.0691116132487729,
  "rmse_std": 0.0005118229217091341,
  "rmse_values": [
    0.06895795063323655,
    0.06968266470346628,
    0.06869422440961587
  ],
  "mse_mean": 0.004776589727650086,
  "mse_std": 7.085323432651031e-05,
  "mse_values": [
    0.004755198955535889,
    0.004855673760175705,
    0.004718896467238665
  ],
  "mae_mean": 0.04900232950846354,
  "mae_std": 0.00013814342478503765,
  "mae_values": [
    0.049044109880924225,
    0.049114760011434555,
    0.048848118633031845
  ],
  "imputation_time_mean": 4621.198608001073,
  "imputation_time_std": 15.595427261624643,
  "imputation_time_values": [
    4633.125295877457,
    4626.919995069504,
    4603.550533056259
  ],
  "max_iter": 10,
  "n_estimators": 50
}