{
  "seeds": [
    42,
    50,
    100
  ],
  "n_runs": 3,
  "r2_mean": -0.3999388615290324,
  "r2_std": 0.08784975284013588,
  "r2_values": [
    -0.4437425136566162,
    -0.298799991607666,
    -0.45727407932281494
  ],
  "rmse_mean": 0.07073711204452993,
  "rmse_std": 0.004401673354231949,
  "rmse_values": [
    0.07313186283695097,
    0.06565726259186976,
    0.07342221070476906
  ],
  "mse_mean": 0.005016655505945285,
  "mse_std": 0.0006115930473065205,
  "mse_values": [
    0.005348269362002611,
    0.004310876131057739,
    0.005390821024775505
  ],
  "mae_mean": 0.04910097767909368,
  "mae_std": 0.00047929702802137044,
  "mae_values": [
    0.04931560158729553,
    0.04855187609791756,
    0.04943545535206795
  ],
  "imputation_time_mean": 5231.838203589122,
  "imputation_time_std": 126.87054375089555,
  "imputation_time_values": [
    5095.303311824799,
    5346.092629909515,
    5254.1186690330505
  ],
  "max_iter": 10,
  "n_estimators": 50
}