{
  "miss0.01_mf_iter10": {
    "seeds": [
      42,
      50,
      100
    ],
    "n_runs": 3,
    "r2_mean": -0.3999388615290324,
    "r2_std": 0.08784975284013588,
    "r2_values": [
      -0.4437425136566162,
      -0.298799991607666,
      -0.45727407932281494
    ],
    "rmse_mean": 0.07073711204452993,
    "rmse_std": 0.004401673354231949,
    "rmse_values": [
      0.07313186283695097,
      0.06565726259186976,
      0.07342221070476906
    ],
    "mse_mean": 0.005016655505945285,
    "mse_std": 0.0006115930473065205,
    "mse_values": [
      0.005348269362002611,
      0.004310876131057739,
      0.005390821024775505
    ],
    "mae_mean": 0.04910097767909368,
    "mae_std": 0.00047929702802137044,
    "mae_values": [
      0.04931560158729553,
      0.04855187609791756,
      0.04943545535206795
    ],
    "imputation_time_mean": 5231.838203589122,
    "imputation_time_std": 126.87054375089555,
    "imputation_time_values": [
      5095.303311824799,
      5346.092629909515,
      5254.1186690330505
    ],
    "max_iter": 10,
    "n_estimators": 50
  },
  "miss0.05_mf_iter10": {
    "seeds": [
      42,
      50,
      100
    ],
    "n_runs": 3,
    "r2_mean": -0.4878990252812703,
    "r2_std": 0.07378682577226835,
    "r2_values": [
      -0.4754021167755127,
      -0.42115867137908936,
      -0.567136287689209
    ],
    "rmse_mean": 0.06934191197954538,
    "rmse_std": 0.00037848231002317486,
    "rmse_values": [
      0.06927542665257948,
      0.06974923168719727,
      0.06900107759885943
    ],
    "mse_mean": 0.004808396256218354,
    "mse_std": 5.252600698440489e-05,
    "mse_values": [
      0.004799084737896919,
      0.004864955320954323,
      0.00476114870980382
    ],
    "mae_mean": 0.04899241651097933,
    "mae_std": 0.00011008228522551742,
    "mae_values": [
      0.04902257025241852,
      0.04908427968621254,
      0.048870399594306946
    ],
    "imputation_time_mean": 4869.328032334645,
    "imputation_time_std": 13.139590918368576,
    "imputation_time_values": [
      4866.968547105789,
      4883.487508058548,
      4857.5280418396
    ],
    "max_iter": 10,
    "n_estimators": 50
  },
  "miss0.1_mf_iter10": {
    "seeds": [
      42,
      50,
      100
    ],
    "n_runs": 3,
    "r2_mean": -0.4767828782399495,
    "r2_std": 0.04910705366080906,
    "r2_values": [
      -0.46363139152526855,
      -0.43559062480926514,
      -0.5311266183853149
    ],
    "rmse_mean": 0.0691116132487729,
    "rmse_std": 0.0005118229217091341,
    "rmse_values": [
      0.06895795063323655,
      0.06968266470346628,
      0.06869422440961587
    ],
    "mse_mean": 0.004776589727650086,
    "mse_std": 7.085323432651031e-05,
    "mse_values": [
      0.004755198955535889,
      0.004855673760175705,
      0.004718896467238665
    ],
    "mae_mean": 0.04900232950846354,
    "mae_std": 0.00013814342478503765,
    "mae_values": [
      0.049044109880924225,
      0.049114760011434555,
      0.048848118633031845
    ],
    "imputation_time_mean": 4621.198608001073,
    "imputation_time_std": 15.595427261624643,
    "imputation_time_values": [
      4633.125295877457,
      4626.919995069504,
      4603.550533056259
    ],
    "max_iter": 10,
    "n_estimators": 50
  }
}